item_id,restaurant_id,item_name,category,price
1,1,Farmhouse Pizza 1,Starter,183.26
2,2,Chicken 65 2,Main Course,421.48
3,3,Veg Biryani 3,Main Course,85.71
4,4,Paneer Tikka 4,Starter,200.98
5,5,Momos 5,Starter,640.49
6,6,Chicken Noodles 6,Dessert,477.49
7,7,Margherita Pizza 7,Main Course,382.96
8,8,French Fries 8,Beverage,564.69
9,9,Paneer Butter Masala 9,Dessert,368.51
10,10,Butter Naan 10,Combo,455.47
11,11,Chicken 65 11,Beverage,230.43
12,12,Gulab Jamun 12,Beverage,225.96
13,13,Paneer Butter Masala 13,Main Course,217.39
14,14,Cold Coffee 14,Main Course,146.8
15,15,Vada 15,Beverage,352.05
16,16,Momos 16,Beverage,523.85
17,17,Fresh Lime Soda 17,Beverage,575.95
18,18,Chicken Fried Rice 18,Starter,434.86
19,19,Ice Cream 19,Beverage,640.12
20,20,Butter Naan 20,Starter,596.23
21,21,Chicken Curry 21,Dessert,286.12
22,22,Farmhouse Pizza 22,Starter,427.58
23,23,Butter Naan 23,Main Course,343.82
24,24,Paneer Butter Masala 24,Beverage,165.3
25,25,Gulab Jamun 25,Starter,163.91
26,26,Butter Naan 26,Beverage,478.24
27,27,Chicken Fried Rice 27,Starter,404.29
28,28,Brownie 28,Dessert,531.21
29,29,Veg Noodles 29,Beverage,617.59
30,30,Paneer Butter Masala 30,Combo,83.7
31,31,Chicken Curry 31,Starter,293.06
32,32,Chicken Biryani 32,Dessert,484.39
33,33,Gulab Jamun 33,Beverage,519.64
34,34,Brownie 34,Combo,105.25
35,35,Idli 35,Combo,177.29
36,36,Idli 36,Main Course,351.24
37,37,Fresh Lime Soda 37,Combo,170.76
38,38,Paneer Tikka 38,Starter,288.23
39,39,Chicken 65 39,Combo,331.19
40,40,Paneer Butter Masala 40,Combo,187.89
41,41,Brownie 41,Dessert,93.28
42,42,Veg Noodles 42,Starter,439.12
43,43,Chicken 65 43,Combo,622.5
44,44,Brownie 44,Starter,296.9
45,45,Farmhouse Pizza 45,Main Course,289.3
46,46,Burger 46,Starter,551.06
47,47,Veg Fried Rice 47,Dessert,161.86
48,48,Chicken Curry 48,Main Course,634.02
49,49,Chicken Noodles 49,Beverage,564.04
50,50,Paneer Biryani 50,Main Course,290.95
51,51,Veg Fried Rice 51,Dessert,505.94
52,52,Ice Cream 52,Starter,556.26
53,53,Ice Cream 53,Main Course,552.78
54,54,Idli 54,Dessert,351.78
55,55,Vada 55,Dessert,565.17
56,56,Burger 56,Combo,477.06
57,57,Veg Noodles 57,Starter,499.58
58,58,Paneer Biryani 58,Starter,642.73
59,59,French Fries 59,Combo,386.16
60,60,Chicken Biryani 60,Combo,97.68
61,61,Gulab Jamun 61,Beverage,221.46
62,62,Paneer Butter Masala 62,Combo,612.97
63,63,Burger 63,Main Course,534.91
64,64,Gulab Jamun 64,Starter,453.19
65,65,Ice Cream 65,Starter,641.14
66,66,Momos 66,Dessert,536.6
67,67,Vada 67,Dessert,472.12
68,68,Chicken 65 68,Starter,512.9
69,69,Margherita Pizza 69,Dessert,233.8
70,70,Idli 70,Beverage,144.85
71,71,Cold Coffee 71,Beverage,608.25
72,72,Veg Fried Rice 72,Starter,167.32
73,73,Burger 73,Starter,527.41
74,74,Ice Cream 74,Dessert,553.74
75,75,Fresh Lime Soda 75,Beverage,535.99
76,76,Veg Fried Rice 76,Combo,402.49
77,77,Brownie 77,Dessert,149.55
78,78,Farmhouse Pizza 78,Main Course,335.11
79,79,Burger 79,Dessert,105.29
80,80,Brownie 80,Dessert,405.07
81,81,Cold Coffee 81,Starter,424.97
82,82,Masala Dosa 82,Beverage,122.32
83,83,Paneer Tikka 83,Combo,193.82
84,84,Brownie 84,Starter,431.32
85,85,Paneer Biryani 85,Dessert,163.05
86,86,French Fries 86,Combo,649.96
87,87,Paneer Tikka 87,Main Course,254.49
88,88,Paneer Butter Masala 88,Dessert,368.9
89,89,Gulab Jamun 89,Dessert,533.15
90,90,Chicken Fried Rice 90,Main Course,219.92
91,91,Cold Coffee 91,Starter,441.37
92,92,Chicken 65 92,Dessert,421.14
93,93,Cold Coffee 93,Dessert,600.36
94,94,Vada 94,Main Course,471.35
95,95,Paneer Tikka 95,Combo,251.05
96,96,Veg Fried Rice 96,Starter,261.89
97,97,Burger 97,Combo,391.39
98,98,French Fries 98,Main Course,466.1
99,99,Burger 99,Combo,513.03
100,100,Farmhouse Pizza 100,Dessert,514.64
101,101,Farmhouse Pizza 101,Main Course,132.3
102,102,Chicken Biryani 102,Dessert,136.69
103,103,Momos 103,Starter,601.03
104,104,Chicken Curry 104,Dessert,94.63
105,105,Ice Cream 105,Dessert,371.46
106,106,Farmhouse Pizza 106,Beverage,639.49
107,107,Fresh Lime Soda 107,Combo,243.14
108,108,Ice Cream 108,Beverage,199.37
109,109,Margherita Pizza 109,Starter,524.36
110,110,Chicken Curry 110,Starter,325.97
111,111,Gulab Jamun 111,Dessert,646.34
112,112,Veg Noodles 112,Starter,572.47
113,113,Butter Naan 113,Main Course,487.61
114,114,Paneer Biryani 114,Combo,111.25
115,115,Idli 115,Starter,372.11
116,116,Idli 116,Starter,106.59
117,117,French Fries 117,Dessert,404.9
118,118,Margherita Pizza 118,Beverage,626.38
119,119,Paneer Tikka 119,Combo,488.1
120,120,Masala Dosa 120,Starter,146.83
121,121,Chicken Fried Rice 121,Combo,512.77
122,122,Veg Biryani 122,Main Course,542.12
123,123,Brownie 123,Dessert,239.19
124,124,Paneer Butter Masala 124,Combo,132.15
125,125,Gulab Jamun 125,Starter,139.73
126,126,Paneer Butter Masala 126,Dessert,283.38
127,127,Gulab Jamun 127,Dessert,256.23
128,128,Chicken Biryani 128,Starter,112.64
129,129,Fresh Lime Soda 129,Starter,140.93
130,130,Paneer Biryani 130,Dessert,380.86
131,131,Chicken Noodles 131,Main Course,255.8
132,132,Gulab Jamun 132,Starter,575.14
133,133,Margherita Pizza 133,Beverage,379.75
134,134,Burger 134,Main Course,577.55
135,135,Burger 135,Beverage,428.29
136,136,Paneer Butter Masala 136,Main Course,316.27
137,137,Chicken Biryani 137,Beverage,146.32
138,138,Chicken 65 138,Starter,573.33
139,139,Paneer Butter Masala 139,Dessert,130.98
140,140,French Fries 140,Main Course,85.52
141,141,Chicken 65 141,Starter,135.21
142,142,Veg Biryani 142,Main Course,634.94
143,143,Paneer Biryani 143,Dessert,423.12
144,144,Paneer Butter Masala 144,Beverage,116.73
145,145,Paneer Tikka 145,Starter,168.98
146,146,Burger 146,Main Course,122.84
147,147,Fresh Lime Soda 147,Dessert,624.34
148,148,Paneer Butter Masala 148,Main Course,564.83
149,149,Cold Coffee 149,Combo,585.96
150,150,Paneer Biryani 150,Combo,257.69
151,151,Paneer Biryani 151,Beverage,301.26
152,152,Paneer Tikka 152,Main Course,573.22
153,153,Butter Naan 153,Dessert,100.44
154,154,Chicken Noodles 154,Dessert,161.41
155,155,Margherita Pizza 155,Starter,100.71
156,156,Brownie 156,Beverage,287.74
157,157,Gulab Jamun 157,Combo,624.88
158,158,Chicken Biryani 158,Dessert,499.42
159,159,Chicken Curry 159,Beverage,210.35
160,160,Chicken Curry 160,Beverage,95.52
161,161,Paneer Tikka 161,Starter,320.09
162,162,Vada 162,Main Course,100.33
163,163,French Fries 163,Beverage,295.38
164,164,Chicken Fried Rice 164,Dessert,219.22
165,165,Chicken 65 165,Main Course,541.78
166,166,Vada 166,Main Course,197.96
167,167,Fresh Lime Soda 167,Starter,96.71
168,168,Paneer Tikka 168,Dessert,195.72
169,169,French Fries 169,Starter,247.25
170,170,Chicken Biryani 170,Dessert,256.36
171,171,Cold Coffee 171,Starter,272.64
172,172,Cold Coffee 172,Dessert,316.48
173,173,Butter Naan 173,Starter,401.18
174,174,Butter Naan 174,Dessert,208.41
175,175,Farmhouse Pizza 175,Beverage,353.89
176,176,Chicken Curry 176,Starter,424.86
177,177,French Fries 177,Beverage,577.95
178,178,Chicken Biryani 178,Main Course,95.77
179,179,Burger 179,Beverage,138.12
180,180,Veg Fried Rice 180,Dessert,358.24
181,181,Veg Biryani 181,Main Course,486.62
182,182,Veg Noodles 182,Combo,217.47
183,183,Chicken Fried Rice 183,Beverage,303.06
184,184,Chicken Biryani 184,Main Course,208.33
185,185,Masala Dosa 185,Beverage,574.33
186,186,Chicken 65 186,Combo,488.47
187,187,Brownie 187,Beverage,301.45
188,188,Brownie 188,Beverage,446.41
189,189,Veg Biryani 189,Main Course,366.14
190,190,Ice Cream 190,Combo,92.12
191,191,Chicken Curry 191,Starter,81.25
192,192,Paneer Tikka 192,Beverage,139.94
193,193,Farmhouse Pizza 193,Combo,610.85
194,194,Chicken Biryani 194,Dessert,504.15
195,195,Momos 195,Main Course,565.44
196,196,Ice Cream 196,Beverage,98.44
197,197,Vada 197,Main Course,603.91
198,198,Brownie 198,Combo,607.24
199,199,Paneer Tikka 199,Dessert,349.7
200,200,Chicken 65 200,Main Course,239.92
201,201,Chicken Fried Rice 201,Dessert,449.08
202,202,Fresh Lime Soda 202,Starter,463.97
203,203,Farmhouse Pizza 203,Beverage,645.21
204,204,Brownie 204,Combo,464.1
205,205,Chicken 65 205,Dessert,386.62
206,206,Brownie 206,Combo,554.03
207,207,Cold Coffee 207,Dessert,527.21
208,208,Paneer Butter Masala 208,Main Course,161.04
209,209,Chicken Biryani 209,Beverage,561.83
210,210,Burger 210,Dessert,125.79
211,211,Chicken Biryani 211,Starter,298.57
212,212,Fresh Lime Soda 212,Beverage,209.66
213,213,Margherita Pizza 213,Dessert,508.69
214,214,Paneer Biryani 214,Beverage,246.14
215,215,Veg Fried Rice 215,Dessert,145.55
216,216,French Fries 216,Dessert,614.47
217,217,Vada 217,Starter,116.72
218,218,Idli 218,Beverage,410.87
219,219,Chicken 65 219,Main Course,625.6
220,220,Veg Biryani 220,Main Course,162.73
221,221,Momos 221,Main Course,638.64
222,222,Brownie 222,Combo,279.55
223,223,Margherita Pizza 223,Starter,635.11
224,224,Veg Noodles 224,Beverage,157.08
225,225,Chicken Noodles 225,Starter,418.3
226,226,Chicken Curry 226,Dessert,438.64
227,227,Veg Biryani 227,Combo,94.14
228,228,Farmhouse Pizza 228,Starter,228.81
229,229,Veg Biryani 229,Combo,146.36
230,230,Gulab Jamun 230,Dessert,459.06
231,231,Chicken Noodles 231,Main Course,166.0
232,232,Chicken Curry 232,Dessert,83.44
233,233,Idli 233,Main Course,360.43
234,234,Veg Noodles 234,Main Course,175.42
235,235,Chicken 65 235,Starter,271.31
236,236,Chicken Curry 236,Main Course,187.28
237,237,Brownie 237,Main Course,336.56
238,238,Paneer Butter Masala 238,Starter,391.21
239,239,French Fries 239,Beverage,250.53
240,240,Paneer Biryani 240,Dessert,290.89
241,241,Fresh Lime Soda 241,Main Course,134.84
242,242,Butter Naan 242,Dessert,430.01
243,243,Chicken 65 243,Combo,232.85
244,244,Paneer Butter Masala 244,Combo,144.76
245,245,Chicken Curry 245,Combo,196.37
246,246,Ice Cream 246,Combo,503.45
247,247,Momos 247,Main Course,94.99
248,248,Ice Cream 248,Combo,173.27
249,249,French Fries 249,Dessert,451.48
250,250,Chicken 65 250,Dessert,622.77
251,251,Veg Fried Rice 251,Main Course,525.42
252,252,Paneer Tikka 252,Beverage,300.28
253,253,Brownie 253,Dessert,556.93
254,254,Margherita Pizza 254,Dessert,228.04
255,255,Burger 255,Beverage,297.98
256,256,Vada 256,Main Course,396.4
257,257,Chicken 65 257,Main Course,504.47
258,258,Paneer Biryani 258,Beverage,221.25
259,259,French Fries 259,Combo,401.93
260,260,Chicken 65 260,Dessert,583.19
261,261,French Fries 261,Combo,583.96
262,262,Farmhouse Pizza 262,Dessert,148.29
263,263,Veg Fried Rice 263,Combo,276.28
264,264,Vada 264,Main Course,223.0
265,265,Farmhouse Pizza 265,Starter,263.73
266,266,Vada 266,Starter,86.39
267,267,Paneer Butter Masala 267,Combo,513.9
268,268,Vada 268,Combo,147.16
269,269,Ice Cream 269,Main Course,570.83
270,270,French Fries 270,Combo,100.13
271,271,Chicken 65 271,Starter,382.15
272,272,Chicken Curry 272,Combo,519.68
273,273,Veg Biryani 273,Beverage,191.01
274,274,Veg Noodles 274,Dessert,205.01
275,275,Chicken Biryani 275,Combo,208.24
276,276,Veg Biryani 276,Starter,400.35
277,277,Farmhouse Pizza 277,Beverage,90.58
278,278,Brownie 278,Dessert,443.29
279,279,Chicken Noodles 279,Dessert,417.71
280,280,Gulab Jamun 280,Main Course,411.56
281,281,Cold Coffee 281,Main Course,498.64
282,282,Vada 282,Main Course,561.42
283,283,Chicken Fried Rice 283,Combo,341.17
284,284,Momos 284,Beverage,637.61
285,285,Idli 285,Beverage,278.56
286,286,Gulab Jamun 286,Beverage,93.96
287,287,Veg Noodles 287,Combo,617.91
288,288,Chicken Fried Rice 288,Beverage,220.92
289,289,Chicken Noodles 289,Dessert,348.37
290,290,Burger 290,Beverage,220.04
291,291,Ice Cream 291,Beverage,504.71
292,292,Chicken 65 292,Dessert,362.34
293,293,Momos 293,Beverage,421.69
294,294,Chicken Noodles 294,Combo,173.19
295,295,Paneer Tikka 295,Starter,500.01
296,296,Butter Naan 296,Starter,488.12
297,297,Chicken Curry 297,Starter,629.08
298,298,Butter Naan 298,Dessert,510.95
299,299,Chicken Curry 299,Combo,124.94
300,300,Fresh Lime Soda 300,Main Course,266.08
301,1,Paneer Tikka 301,Beverage,469.45
302,2,Chicken Fried Rice 302,Beverage,115.85
303,3,Butter Naan 303,Beverage,188.98
304,4,Chicken Noodles 304,Dessert,375.47
305,5,Butter Naan 305,Starter,621.12
306,6,Ice Cream 306,Combo,333.06
307,7,Gulab Jamun 307,Combo,128.93
308,8,Cold Coffee 308,Dessert,99.03
309,9,Chicken 65 309,Main Course,412.32
310,10,Margherita Pizza 310,Main Course,171.28
311,11,Masala Dosa 311,Starter,573.45
312,12,Veg Noodles 312,Starter,331.62
313,13,Brownie 313,Starter,343.62
314,14,Burger 314,Main Course,118.41
315,15,Paneer Biryani 315,Combo,647.32
316,16,Chicken Curry 316,Beverage,122.79
317,17,Chicken 65 317,Dessert,487.98
318,18,Veg Noodles 318,Combo,161.45
319,19,Chicken Fried Rice 319,Main Course,141.93
320,20,Idli 320,Dessert,297.6
321,21,Paneer Butter Masala 321,Main Course,333.78
322,22,Masala Dosa 322,Dessert,387.05
323,23,Ice Cream 323,Starter,497.8
324,24,Idli 324,Main Course,239.93
325,25,Vada 325,Beverage,532.3
326,26,Veg Noodles 326,Beverage,337.68
327,27,Chicken Curry 327,Main Course,451.59
328,28,Ice Cream 328,Dessert,371.76
329,29,Vada 329,Combo,180.39
330,30,Paneer Tikka 330,Starter,349.85
331,31,Brownie 331,Main Course,87.86
332,32,Cold Coffee 332,Combo,586.17
333,33,Masala Dosa 333,Starter,392.83
334,34,Veg Biryani 334,Main Course,249.98
335,35,Fresh Lime Soda 335,Beverage,350.14
336,36,Brownie 336,Main Course,310.62
337,37,Veg Noodles 337,Main Course,375.88
338,38,Veg Biryani 338,Beverage,591.33
339,39,Farmhouse Pizza 339,Combo,101.52
340,40,Fresh Lime Soda 340,Starter,240.34
341,41,Paneer Tikka 341,Starter,396.78
342,42,Paneer Butter Masala 342,Dessert,117.39
343,43,Chicken Curry 343,Beverage,474.71
344,44,Veg Biryani 344,Combo,340.78
345,45,Ice Cream 345,Dessert,555.66
346,46,Paneer Biryani 346,Beverage,401.47
347,47,Gulab Jamun 347,Main Course,374.28
348,48,Chicken Curry 348,Dessert,599.21
349,49,Ice Cream 349,Starter,416.0
350,50,Chicken Curry 350,Combo,504.32
351,51,Chicken Biryani 351,Beverage,273.44
352,52,Cold Coffee 352,Starter,81.87
353,53,Cold Coffee 353,Combo,528.66
354,54,Butter Naan 354,Beverage,403.58
355,55,Cold Coffee 355,Main Course,309.05
356,56,Margherita Pizza 356,Dessert,225.39
357,57,Paneer Butter Masala 357,Dessert,192.63
358,58,Gulab Jamun 358,Dessert,396.34
359,59,Chicken Fried Rice 359,Starter,580.34
360,60,Brownie 360,Dessert,449.92
361,61,Gulab Jamun 361,Starter,442.32
362,62,Gulab Jamun 362,Combo,138.86
363,63,Paneer Biryani 363,Beverage,276.85
364,64,Chicken Curry 364,Combo,185.68
365,65,Gulab Jamun 365,Combo,384.91
366,66,Veg Biryani 366,Starter,130.37
367,67,Paneer Tikka 367,Dessert,116.17
368,68,Veg Biryani 368,Starter,219.28
369,69,Idli 369,Main Course,600.91
370,70,Margherita Pizza 370,Combo,339.39
371,71,Chicken Biryani 371,Starter,371.21
372,72,Idli 372,Combo,646.64
373,73,Margherita Pizza 373,Starter,315.77
374,74,Gulab Jamun 374,Beverage,382.53
375,75,Paneer Biryani 375,Main Course,272.95
376,76,Chicken Biryani 376,Starter,414.97
377,77,Veg Noodles 377,Dessert,386.11
378,78,Paneer Butter Masala 378,Combo,371.12
379,79,Butter Naan 379,Dessert,427.46
380,80,Butter Naan 380,Combo,449.43
381,81,Vada 381,Combo,207.28
382,82,Ice Cream 382,Main Course,522.94
383,83,Veg Fried Rice 383,Starter,528.67
384,84,Cold Coffee 384,Combo,134.95
385,85,Veg Noodles 385,Combo,278.57
386,86,French Fries 386,Beverage,219.7
387,87,Ice Cream 387,Dessert,416.33
388,88,Brownie 388,Starter,218.49
389,89,Ice Cream 389,Starter,104.36
390,90,Paneer Butter Masala 390,Beverage,544.11
391,91,Veg Noodles 391,Main Course,570.09
392,92,Paneer Biryani 392,Beverage,326.13
393,93,Fresh Lime Soda 393,Starter,211.78
394,94,Veg Biryani 394,Dessert,364.03
395,95,Chicken Biryani 395,Main Course,467.13
396,96,Masala Dosa 396,Dessert,359.99
397,97,Paneer Biryani 397,Beverage,481.14
398,98,Paneer Biryani 398,Starter,399.98
399,99,Chicken Biryani 399,Beverage,248.07
400,100,Chicken Fried Rice 400,Starter,101.17
401,101,Burger 401,Starter,511.65
402,102,Veg Fried Rice 402,Beverage,392.64
403,103,Idli 403,Combo,267.94
404,104,Paneer Butter Masala 404,Starter,545.28
405,105,Burger 405,Combo,322.67
406,106,Paneer Biryani 406,Dessert,608.2
407,107,Veg Fried Rice 407,Dessert,341.74
408,108,Veg Noodles 408,Main Course,480.99
409,109,Ice Cream 409,Starter,428.4
410,110,Cold Coffee 410,Beverage,445.15
411,111,Gulab Jamun 411,Starter,312.35
412,112,French Fries 412,Combo,108.07
413,113,Chicken 65 413,Dessert,246.31
414,114,Gulab Jamun 414,Dessert,418.39
415,115,Masala Dosa 415,Starter,626.08
416,116,Veg Noodles 416,Dessert,610.95
417,117,Butter Naan 417,Starter,351.11
418,118,Chicken 65 418,Dessert,525.2
419,119,Farmhouse Pizza 419,Beverage,281.52
420,120,Vada 420,Dessert,338.15
421,121,Gulab Jamun 421,Dessert,586.84
422,122,Chicken 65 422,Combo,158.71
423,123,Momos 423,Beverage,629.79
424,124,Farmhouse Pizza 424,Starter,315.98
425,125,Burger 425,Combo,599.83
426,126,Chicken Curry 426,Dessert,246.23
427,127,Burger 427,Combo,595.26
428,128,Chicken Curry 428,Combo,585.41
429,129,Paneer Tikka 429,Main Course,240.77
430,130,Masala Dosa 430,Beverage,264.9
431,131,Paneer Butter Masala 431,Beverage,554.58
432,132,Paneer Tikka 432,Dessert,445.05
433,133,Veg Fried Rice 433,Main Course,642.07
434,134,Farmhouse Pizza 434,Starter,432.17
435,135,French Fries 435,Combo,391.54
436,136,Paneer Biryani 436,Dessert,512.64
437,137,Brownie 437,Main Course,628.64
438,138,Chicken Noodles 438,Dessert,198.74
439,139,Paneer Butter Masala 439,Combo,246.3
440,140,Butter Naan 440,Combo,645.92
441,141,Brownie 441,Main Course,253.29
442,142,Margherita Pizza 442,Beverage,131.32
443,143,Paneer Butter Masala 443,Dessert,428.24
444,144,Burger 444,Main Course,372.13
445,145,Paneer Tikka 445,Beverage,261.84
446,146,Chicken Fried Rice 446,Main Course,378.69
447,147,Ice Cream 447,Main Course,430.39
448,148,French Fries 448,Dessert,603.23
449,149,Chicken Biryani 449,Dessert,563.34
450,150,Brownie 450,Combo,197.98
451,151,Chicken Curry 451,Main Course,213.9
452,152,Momos 452,Beverage,98.4
453,153,Fresh Lime Soda 453,Dessert,532.77
454,154,French Fries 454,Beverage,183.52
455,155,Veg Biryani 455,Main Course,585.79
456,156,Paneer Tikka 456,Beverage,335.54
457,157,Chicken 65 457,Beverage,350.62
458,158,Farmhouse Pizza 458,Dessert,200.95
459,159,Veg Fried Rice 459,Combo,120.61
460,160,Chicken Biryani 460,Dessert,461.69
461,161,Ice Cream 461,Main Course,527.0
462,162,Paneer Tikka 462,Main Course,576.73
463,163,Vada 463,Beverage,352.94
464,164,Farmhouse Pizza 464,Beverage,146.0
465,165,French Fries 465,Dessert,83.78
466,166,Chicken Biryani 466,Dessert,609.02
467,167,Chicken Fried Rice 467,Dessert,580.8
468,168,Fresh Lime Soda 468,Main Course,456.2
469,169,Chicken Curry 469,Main Course,331.09
470,170,Paneer Tikka 470,Main Course,538.57
471,171,Paneer Butter Masala 471,Beverage,246.37
472,172,Chicken 65 472,Dessert,422.47
473,173,Gulab Jamun 473,Combo,132.1
474,174,Paneer Biryani 474,Beverage,201.37
475,175,Ice Cream 475,Dessert,574.08
476,176,Chicken Noodles 476,Beverage,341.16
477,177,Chicken 65 477,Beverage,304.12
478,178,Chicken Biryani 478,Dessert,397.26
479,179,Masala Dosa 479,Starter,318.21
480,180,Chicken 65 480,Starter,214.22
481,181,Farmhouse Pizza 481,Combo,169.72
482,182,Cold Coffee 482,Beverage,426.56
483,183,French Fries 483,Dessert,415.38
484,184,Paneer Tikka 484,Main Course,391.64
485,185,Brownie 485,Main Course,372.92
486,186,Ice Cream 486,Beverage,374.99
487,187,Veg Biryani 487,Beverage,141.55
488,188,Cold Coffee 488,Main Course,189.99
489,189,Butter Naan 489,Beverage,380.07
490,190,Masala Dosa 490,Beverage,140.02
491,191,Brownie 491,Dessert,148.94
492,192,French Fries 492,Starter,573.95
493,193,Momos 493,Main Course,573.59
494,194,Paneer Butter Masala 494,Combo,198.72
495,195,Chicken Biryani 495,Combo,448.54
496,196,Idli 496,Beverage,202.81
497,197,Paneer Biryani 497,Starter,128.32
498,198,Chicken Curry 498,Beverage,646.37
499,199,Gulab Jamun 499,Beverage,268.3
500,200,Chicken Noodles 500,Combo,428.17
501,201,Chicken Biryani 501,Main Course,351.01
502,202,Vada 502,Dessert,300.8
503,203,Ice Cream 503,Combo,356.51
504,204,Butter Naan 504,Main Course,297.51
505,205,Chicken Curry 505,Dessert,278.62
506,206,Farmhouse Pizza 506,Starter,331.97
507,207,Paneer Biryani 507,Beverage,142.22
508,208,Veg Biryani 508,Beverage,136.45
509,209,Paneer Tikka 509,Dessert,339.6
510,210,Paneer Tikka 510,Dessert,425.54
511,211,French Fries 511,Starter,503.73
512,212,Brownie 512,Starter,234.65
513,213,Momos 513,Dessert,353.28
514,214,Chicken Noodles 514,Main Course,415.93
515,215,Margherita Pizza 515,Beverage,267.21
516,216,Chicken Noodles 516,Combo,639.63
517,217,Veg Fried Rice 517,Main Course,557.37
518,218,Idli 518,Beverage,230.46
519,219,Chicken Biryani 519,Starter,386.71
520,220,Momos 520,Beverage,594.23
521,221,Chicken Curry 521,Combo,607.69
522,222,Farmhouse Pizza 522,Starter,294.93
523,223,French Fries 523,Dessert,310.1
524,224,Masala Dosa 524,Main Course,214.26
525,225,Paneer Tikka 525,Dessert,357.54
526,226,Ice Cream 526,Combo,376.92
527,227,Farmhouse Pizza 527,Combo,644.4
528,228,Paneer Tikka 528,Combo,576.82
529,229,Farmhouse Pizza 529,Dessert,375.38
530,230,Butter Naan 530,Combo,600.36
531,231,Idli 531,Main Course,387.36
532,232,Butter Naan 532,Beverage,412.93
533,233,Brownie 533,Combo,242.62
534,234,Veg Biryani 534,Beverage,530.27
535,235,Masala Dosa 535,Dessert,238.94
536,236,Chicken Noodles 536,Main Course,338.06
537,237,Chicken 65 537,Beverage,235.44
538,238,Brownie 538,Starter,353.84
539,239,Veg Noodles 539,Main Course,114.72
540,240,Vada 540,Beverage,342.24
541,241,Cold Coffee 541,Starter,393.28
542,242,Masala Dosa 542,Main Course,340.13
543,243,Paneer Biryani 543,Combo,220.04
544,244,Chicken Fried Rice 544,Beverage,297.64
545,245,Chicken Biryani 545,Starter,335.84
546,246,Paneer Butter Masala 546,Combo,616.16
547,247,Chicken Biryani 547,Starter,259.06
548,248,Farmhouse Pizza 548,Combo,427.31
549,249,Chicken Fried Rice 549,Main Course,399.1
550,250,Cold Coffee 550,Beverage,384.92
551,251,Margherita Pizza 551,Dessert,80.24
552,252,Brownie 552,Dessert,284.19
553,253,Chicken Fried Rice 553,Starter,408.16
554,254,Fresh Lime Soda 554,Combo,202.83
555,255,Momos 555,Starter,641.52
556,256,Paneer Tikka 556,Dessert,557.39
557,257,Margherita Pizza 557,Beverage,520.72
558,258,Paneer Tikka 558,Starter,132.43
559,259,Margherita Pizza 559,Dessert,118.22
560,260,Paneer Tikka 560,Starter,311.61
561,261,Brownie 561,Dessert,498.85
562,262,Farmhouse Pizza 562,Dessert,119.9
563,263,Butter Naan 563,Starter,516.39
564,264,Paneer Tikka 564,Starter,530.94
565,265,Chicken Fried Rice 565,Starter,85.9
566,266,Chicken Curry 566,Starter,504.21
567,267,Veg Noodles 567,Starter,252.74
568,268,Momos 568,Combo,320.19
569,269,Chicken Biryani 569,Combo,224.13
570,270,Paneer Tikka 570,Beverage,541.22
571,271,Masala Dosa 571,Combo,357.31
572,272,Chicken Biryani 572,Beverage,208.25
573,273,Idli 573,Beverage,629.36
574,274,Butter Naan 574,Beverage,630.51
575,275,Cold Coffee 575,Beverage,243.74
576,276,Veg Fried Rice 576,Main Course,452.07
577,277,Paneer Tikka 577,Starter,107.59
578,278,Burger 578,Main Course,563.27
579,279,Gulab Jamun 579,Starter,572.5
580,280,Momos 580,Starter,591.14
581,281,Farmhouse Pizza 581,Starter,383.6
582,282,Chicken Biryani 582,Combo,172.85
583,283,Chicken Biryani 583,Beverage,220.27
584,284,Paneer Tikka 584,Beverage,94.75
585,285,Cold Coffee 585,Beverage,307.65
586,286,Veg Noodles 586,Combo,318.7
587,287,Veg Biryani 587,Main Course,608.61
588,288,Momos 588,Starter,579.64
589,289,Chicken Curry 589,Main Course,527.81
590,290,Vada 590,Starter,539.5
591,291,Chicken Biryani 591,Beverage,588.63
592,292,Chicken Fried Rice 592,Beverage,443.24
593,293,Vada 593,Combo,473.02
594,294,Gulab Jamun 594,Starter,343.44
595,295,Farmhouse Pizza 595,Dessert,636.35
596,296,Paneer Biryani 596,Starter,353.81
597,297,Brownie 597,Combo,503.37
598,298,Chicken Curry 598,Starter,208.93
599,299,Vada 599,Dessert,615.03
600,300,Momos 600,Beverage,595.57
601,1,Chicken Biryani 601,Main Course,394.3
602,2,Masala Dosa 602,Beverage,335.22
603,3,Paneer Tikka 603,Main Course,316.08
604,4,Gulab Jamun 604,Starter,584.01
605,5,Gulab Jamun 605,Beverage,110.24
606,6,Veg Noodles 606,Beverage,117.24
607,7,Chicken Curry 607,Main Course,384.74
608,8,Paneer Biryani 608,Dessert,586.01
609,9,Fresh Lime Soda 609,Starter,443.91
610,10,Chicken 65 610,Starter,200.81
611,11,Cold Coffee 611,Dessert,290.59
612,12,Chicken 65 612,Beverage,324.81
613,13,Paneer Biryani 613,Starter,546.38
614,14,Veg Biryani 614,Starter,513.68
615,15,Burger 615,Beverage,500.33
616,16,Veg Noodles 616,Dessert,464.99
617,17,Veg Noodles 617,Beverage,252.55
618,18,Veg Biryani 618,Main Course,577.43
619,19,Ice Cream 619,Combo,432.06
620,20,Gulab Jamun 620,Combo,591.96
621,21,Chicken Fried Rice 621,Beverage,467.4
622,22,Vada 622,Starter,273.6
623,23,Cold Coffee 623,Beverage,550.56
624,24,Vada 624,Dessert,151.46
625,25,Burger 625,Dessert,539.48
626,26,Cold Coffee 626,Main Course,363.01
627,27,Farmhouse Pizza 627,Main Course,556.34
628,28,Butter Naan 628,Combo,241.72
629,29,Gulab Jamun 629,Dessert,533.2
630,30,Paneer Biryani 630,Starter,501.21
631,31,Masala Dosa 631,Main Course,344.02
632,32,Masala Dosa 632,Combo,130.28
633,33,Brownie 633,Beverage,90.52
634,34,Gulab Jamun 634,Combo,584.28
635,35,Veg Fried Rice 635,Beverage,109.52
636,36,Chicken 65 636,Beverage,518.24
637,37,Veg Noodles 637,Beverage,124.51
638,38,Veg Biryani 638,Dessert,431.59
639,39,Fresh Lime Soda 639,Dessert,141.93
640,40,Momos 640,Beverage,519.64
641,41,Chicken Noodles 641,Starter,444.33
642,42,Veg Fried Rice 642,Beverage,215.89
643,43,Chicken Biryani 643,Starter,147.74
644,44,Burger 644,Beverage,295.79
645,45,Butter Naan 645,Combo,526.07
646,46,Masala Dosa 646,Starter,391.82
647,47,Gulab Jamun 647,Beverage,224.88
648,48,Chicken Biryani 648,Main Course,413.14
649,49,Paneer Butter Masala 649,Starter,141.26
650,50,Chicken 65 650,Main Course,624.83
651,51,Burger 651,Dessert,218.47
652,52,Vada 652,Starter,411.64
653,53,Veg Biryani 653,Starter,512.63
654,54,Cold Coffee 654,Starter,618.99
655,55,Brownie 655,Combo,170.66
656,56,Paneer Tikka 656,Starter,94.31
657,57,Vada 657,Beverage,518.31
658,58,Chicken 65 658,Beverage,615.43
659,59,Brownie 659,Dessert,546.81
660,60,Farmhouse Pizza 660,Beverage,425.99
661,61,Chicken 65 661,Dessert,534.1
662,62,Brownie 662,Dessert,391.43
663,63,Butter Naan 663,Starter,418.75
664,64,Momos 664,Combo,520.54
665,65,Chicken Curry 665,Main Course,96.81
666,66,Fresh Lime Soda 666,Beverage,125.29
667,67,Burger 667,Combo,369.82
668,68,Ice Cream 668,Dessert,391.76
669,69,Farmhouse Pizza 669,Starter,527.57
670,70,Farmhouse Pizza 670,Main Course,466.95
671,71,French Fries 671,Beverage,354.91
672,72,Brownie 672,Combo,218.08
673,73,Chicken Noodles 673,Combo,193.19
674,74,Fresh Lime Soda 674,Main Course,399.69
675,75,Burger 675,Dessert,543.77
676,76,Cold Coffee 676,Combo,568.61
677,77,Fresh Lime Soda 677,Combo,246.67
678,78,Ice Cream 678,Main Course,554.57
679,79,Ice Cream 679,Beverage,274.64
680,80,Veg Noodles 680,Starter,461.51
681,81,Fresh Lime Soda 681,Dessert,444.99
682,82,Chicken Biryani 682,Starter,599.95
683,83,Chicken Noodles 683,Main Course,615.4
684,84,Cold Coffee 684,Combo,334.93
685,85,Farmhouse Pizza 685,Dessert,548.84
686,86,Veg Biryani 686,Combo,394.73
687,87,Veg Biryani 687,Starter,99.7
688,88,Vada 688,Starter,106.02
689,89,Paneer Tikka 689,Combo,599.39
690,90,Chicken Noodles 690,Beverage,198.65
691,91,Chicken Biryani 691,Dessert,550.75
692,92,Burger 692,Beverage,353.61
693,93,Margherita Pizza 693,Starter,429.91
694,94,Veg Biryani 694,Starter,249.79
695,95,Masala Dosa 695,Beverage,87.43
696,96,Margherita Pizza 696,Starter,442.21
697,97,French Fries 697,Dessert,126.0
698,98,Burger 698,Combo,506.93
699,99,Chicken Biryani 699,Main Course,118.51
700,100,Veg Biryani 700,Starter,511.67
701,101,Margherita Pizza 701,Starter,427.94
702,102,Cold Coffee 702,Main Course,498.94
703,103,Momos 703,Beverage,608.85
704,104,Veg Noodles 704,Main Course,637.92
705,105,Ice Cream 705,Dessert,316.61
706,106,Veg Noodles 706,Beverage,355.55
707,107,Chicken Biryani 707,Dessert,475.8
708,108,Butter Naan 708,Beverage,184.28
709,109,Vada 709,Dessert,289.0
710,110,Gulab Jamun 710,Main Course,389.91
711,111,Chicken Fried Rice 711,Starter,86.52
712,112,Chicken Biryani 712,Main Course,499.81
713,113,Paneer Biryani 713,Combo,206.09
714,114,Paneer Biryani 714,Beverage,170.25
715,115,French Fries 715,Main Course,113.87
716,116,Margherita Pizza 716,Beverage,119.6
717,117,Brownie 717,Dessert,579.48
718,118,Gulab Jamun 718,Beverage,200.15
719,119,Veg Biryani 719,Combo,295.34
720,120,Idli 720,Starter,397.05
721,121,Fresh Lime Soda 721,Starter,134.96
722,122,Margherita Pizza 722,Starter,200.99
723,123,Idli 723,Dessert,556.96
724,124,Masala Dosa 724,Beverage,350.29
725,125,Veg Biryani 725,Dessert,107.5
726,126,Paneer Tikka 726,Main Course,325.13
727,127,Cold Coffee 727,Starter,360.12
728,128,Chicken Noodles 728,Combo,383.03
729,129,Momos 729,Starter,121.27
730,130,Chicken Fried Rice 730,Combo,147.19
731,131,Veg Biryani 731,Dessert,171.74
732,132,Momos 732,Main Course,367.16
733,133,Masala Dosa 733,Dessert,433.77
734,134,Burger 734,Main Course,494.06
735,135,Cold Coffee 735,Main Course,339.98
736,136,Brownie 736,Beverage,517.42
737,137,Masala Dosa 737,Dessert,443.5
738,138,Fresh Lime Soda 738,Dessert,501.91
739,139,Burger 739,Beverage,339.09
740,140,Chicken 65 740,Dessert,417.76
741,141,Butter Naan 741,Starter,307.13
742,142,Chicken Noodles 742,Beverage,440.94
743,143,Ice Cream 743,Beverage,517.88
744,144,Momos 744,Main Course,555.07
745,145,Chicken Biryani 745,Combo,513.74
746,146,Gulab Jamun 746,Combo,412.87
747,147,Cold Coffee 747,Starter,503.1
748,148,Margherita Pizza 748,Combo,240.94
749,149,Gulab Jamun 749,Dessert,259.26
750,150,Chicken Curry 750,Main Course,386.69
751,151,Idli 751,Beverage,558.46
752,152,Chicken Curry 752,Beverage,579.88
753,153,Chicken Biryani 753,Beverage,428.77
754,154,Burger 754,Starter,94.84
755,155,Chicken Noodles 755,Main Course,81.22
756,156,Veg Fried Rice 756,Dessert,623.19
757,157,Chicken Noodles 757,Beverage,272.4
758,158,Chicken Noodles 758,Beverage,195.32
759,159,Gulab Jamun 759,Combo,327.47
760,160,Idli 760,Main Course,620.63
761,161,Chicken Curry 761,Combo,159.52
762,162,Paneer Biryani 762,Main Course,348.53
763,163,Veg Fried Rice 763,Starter,110.04
764,164,Chicken 65 764,Combo,173.4
765,165,Margherita Pizza 765,Starter,639.65
766,166,Butter Naan 766,Starter,573.38
767,167,Burger 767,Main Course,526.18
768,168,Brownie 768,Beverage,395.43
769,169,Cold Coffee 769,Main Course,385.1
770,170,Gulab Jamun 770,Combo,486.68
771,171,Gulab Jamun 771,Main Course,141.17
772,172,Ice Cream 772,Beverage,366.21
773,173,Idli 773,Beverage,480.19
774,174,Butter Naan 774,Main Course,306.75
775,175,Vada 775,Dessert,605.88
776,176,Veg Fried Rice 776,Main Course,136.96
777,177,Chicken Noodles 777,Main Course,480.35
778,178,Farmhouse Pizza 778,Main Course,80.45
779,179,Farmhouse Pizza 779,Main Course,629.8
780,180,Fresh Lime Soda 780,Dessert,649.57
781,181,Veg Noodles 781,Starter,600.33
782,182,Veg Fried Rice 782,Main Course,270.28
783,183,Veg Noodles 783,Dessert,195.13
784,184,Cold Coffee 784,Dessert,145.29
785,185,Chicken Biryani 785,Dessert,515.95
786,186,Paneer Tikka 786,Combo,313.93
787,187,Cold Coffee 787,Dessert,236.23
788,188,Brownie 788,Beverage,137.48
789,189,Margherita Pizza 789,Starter,279.45
790,190,Momos 790,Beverage,323.81
791,191,French Fries 791,Beverage,189.12
792,192,Chicken Noodles 792,Beverage,636.89
793,193,Vada 793,Starter,260.98
794,194,Chicken Noodles 794,Dessert,386.87
795,195,French Fries 795,Dessert,488.95
796,196,Ice Cream 796,Starter,467.89
797,197,French Fries 797,Beverage,130.41
798,198,Cold Coffee 798,Dessert,99.38
799,199,Brownie 799,Starter,635.27
800,200,Cold Coffee 800,Starter,454.25
801,201,Brownie 801,Main Course,136.91
802,202,Fresh Lime Soda 802,Main Course,582.65
803,203,Chicken 65 803,Main Course,466.96
804,204,Cold Coffee 804,Main Course,280.15
805,205,Ice Cream 805,Main Course,433.96
806,206,Paneer Tikka 806,Starter,160.28
807,207,Veg Biryani 807,Beverage,357.97
808,208,Margherita Pizza 808,Starter,271.97
809,209,French Fries 809,Dessert,122.92
810,210,Paneer Biryani 810,Beverage,444.02
811,211,Cold Coffee 811,Combo,636.7
812,212,Chicken 65 812,Starter,211.16
813,213,Ice Cream 813,Combo,520.93
814,214,Paneer Biryani 814,Dessert,151.65
815,215,Ice Cream 815,Combo,469.59
816,216,Ice Cream 816,Main Course,327.61
817,217,Burger 817,Combo,129.64
818,218,Brownie 818,Dessert,306.63
819,219,Fresh Lime Soda 819,Starter,95.23
820,220,French Fries 820,Combo,113.05
821,221,Paneer Biryani 821,Combo,202.82
822,222,Chicken Curry 822,Beverage,544.93
823,223,Chicken Curry 823,Dessert,222.32
824,224,Veg Noodles 824,Combo,114.9
825,225,Farmhouse Pizza 825,Dessert,332.47
826,226,Cold Coffee 826,Starter,242.09
827,227,Veg Fried Rice 827,Beverage,594.2
828,228,Masala Dosa 828,Main Course,481.18
829,229,Chicken Noodles 829,Dessert,162.22
830,230,Burger 830,Dessert,504.76
831,231,Butter Naan 831,Main Course,431.82
832,232,Idli 832,Dessert,251.81
833,233,Momos 833,Starter,159.83
834,234,Farmhouse Pizza 834,Starter,495.74
835,235,Farmhouse Pizza 835,Dessert,93.78
836,236,Brownie 836,Starter,412.71
837,237,Vada 837,Main Course,319.76
838,238,Paneer Butter Masala 838,Combo,484.45
839,239,Veg Biryani 839,Combo,257.94
840,240,Masala Dosa 840,Combo,530.08
841,241,Paneer Tikka 841,Starter,329.7
842,242,Chicken Curry 842,Starter,138.18
843,243,Paneer Butter Masala 843,Beverage,377.09
844,244,Veg Fried Rice 844,Combo,599.58
845,245,Paneer Tikka 845,Dessert,207.08
846,246,Chicken Biryani 846,Beverage,534.55
847,247,Momos 847,Dessert,635.6
848,248,Brownie 848,Beverage,228.9
849,249,Chicken Noodles 849,Dessert,274.41
850,250,Paneer Butter Masala 850,Starter,252.91
851,251,Momos 851,Dessert,374.15
852,252,Vada 852,Main Course,314.97
853,253,Paneer Butter Masala 853,Main Course,351.7
854,254,Paneer Biryani 854,Dessert,139.46
855,255,Chicken 65 855,Starter,438.52
856,256,Idli 856,Beverage,228.51
857,257,Chicken Noodles 857,Main Course,485.66
858,258,Vada 858,Main Course,436.6
859,259,Chicken 65 859,Dessert,228.1
860,260,Vada 860,Combo,624.35
861,261,Margherita Pizza 861,Dessert,319.12
862,262,Burger 862,Dessert,375.06
863,263,Chicken Fried Rice 863,Starter,391.01
864,264,Butter Naan 864,Main Course,181.92
865,265,Veg Noodles 865,Main Course,362.38
866,266,Ice Cream 866,Starter,192.01
867,267,Momos 867,Beverage,388.18
868,268,Cold Coffee 868,Starter,604.49
869,269,Chicken 65 869,Starter,243.55
870,270,Ice Cream 870,Combo,385.95
871,271,Paneer Tikka 871,Main Course,458.11
872,272,Chicken 65 872,Starter,256.25
873,273,Margherita Pizza 873,Dessert,479.1
874,274,Chicken 65 874,Beverage,312.21
875,275,Masala Dosa 875,Main Course,138.82
876,276,Ice Cream 876,Combo,453.8
877,277,Veg Biryani 877,Main Course,246.95
878,278,Ice Cream 878,Dessert,572.69
879,279,French Fries 879,Main Course,438.73
880,280,French Fries 880,Combo,547.03
881,281,Butter Naan 881,Beverage,376.27
882,282,Idli 882,Combo,640.45
883,283,Gulab Jamun 883,Main Course,464.29
884,284,Veg Fried Rice 884,Dessert,350.65
885,285,Veg Fried Rice 885,Dessert,638.4
886,286,Gulab Jamun 886,Main Course,601.28
887,287,Paneer Tikka 887,Combo,647.49
888,288,Chicken Curry 888,Combo,82.56
889,289,French Fries 889,Main Course,468.25
890,290,Idli 890,Beverage,357.85
891,291,Masala Dosa 891,Main Course,599.92
892,292,Chicken Biryani 892,Starter,96.41
893,293,Ice Cream 893,Combo,419.21
894,294,Paneer Butter Masala 894,Starter,402.72
895,295,Veg Biryani 895,Dessert,229.01
896,296,Chicken Fried Rice 896,Combo,432.1
897,297,Paneer Tikka 897,Beverage,396.83
898,298,Idli 898,Main Course,168.1
899,299,French Fries 899,Starter,344.81
900,300,Masala Dosa 900,Beverage,152.25
901,1,Veg Noodles 901,Beverage,396.41
902,2,Veg Fried Rice 902,Combo,88.13
903,3,Paneer Butter Masala 903,Starter,393.58
904,4,Paneer Tikka 904,Beverage,319.28
905,5,Veg Noodles 905,Main Course,642.9
906,6,Burger 906,Main Course,288.08
907,7,Burger 907,Main Course,461.4
908,8,Chicken Fried Rice 908,Combo,517.99
909,9,Farmhouse Pizza 909,Main Course,83.95
910,10,Butter Naan 910,Main Course,80.26
911,11,Chicken Curry 911,Dessert,386.71
912,12,Burger 912,Dessert,573.2
913,13,Brownie 913,Dessert,438.89
914,14,Brownie 914,Starter,109.14
915,15,Ice Cream 915,Starter,85.75
916,16,Paneer Biryani 916,Main Course,641.48
917,17,Burger 917,Main Course,592.79
918,18,Veg Noodles 918,Combo,500.63
919,19,Paneer Butter Masala 919,Starter,577.67
920,20,French Fries 920,Dessert,295.72
921,21,Cold Coffee 921,Dessert,175.38
922,22,Chicken 65 922,Beverage,119.38
923,23,Gulab Jamun 923,Main Course,636.06
924,24,Burger 924,Main Course,333.84
925,25,Ice Cream 925,Starter,338.98
926,26,Veg Fried Rice 926,Combo,458.0
927,27,Gulab Jamun 927,Combo,255.7
928,28,Veg Fried Rice 928,Combo,313.07
929,29,Vada 929,Combo,518.28
930,30,Butter Naan 930,Beverage,412.74
931,31,Gulab Jamun 931,Dessert,194.13
932,32,French Fries 932,Combo,357.78
933,33,Cold Coffee 933,Beverage,430.99
934,34,Chicken 65 934,Combo,130.41
935,35,Momos 935,Starter,519.61
936,36,Brownie 936,Starter,615.88
937,37,Chicken 65 937,Beverage,564.03
938,38,Farmhouse Pizza 938,Beverage,339.66
939,39,Veg Fried Rice 939,Combo,450.19
940,40,Masala Dosa 940,Dessert,453.23
941,41,Cold Coffee 941,Combo,545.14
942,42,Chicken Fried Rice 942,Dessert,126.54
943,43,Momos 943,Main Course,279.58
944,44,Burger 944,Dessert,288.44
945,45,Chicken Biryani 945,Starter,414.6
946,46,Paneer Biryani 946,Beverage,490.16
947,47,Momos 947,Main Course,639.0
948,48,Fresh Lime Soda 948,Combo,249.66
949,49,Veg Noodles 949,Dessert,402.79
950,50,Cold Coffee 950,Starter,451.69
951,51,Paneer Butter Masala 951,Dessert,419.61
952,52,Farmhouse Pizza 952,Combo,468.87
953,53,Gulab Jamun 953,Main Course,236.66
954,54,Masala Dosa 954,Combo,126.1
955,55,Paneer Biryani 955,Combo,622.86
956,56,Chicken Fried Rice 956,Dessert,437.01
957,57,Farmhouse Pizza 957,Beverage,272.2
958,58,Farmhouse Pizza 958,Beverage,385.54
959,59,Margherita Pizza 959,Beverage,414.54
960,60,Veg Biryani 960,Main Course,408.5
961,61,Paneer Butter Masala 961,Dessert,184.79
962,62,Ice Cream 962,Combo,632.99
963,63,Chicken 65 963,Combo,558.97
964,64,Margherita Pizza 964,Starter,642.76
965,65,Veg Biryani 965,Combo,443.51
966,66,Chicken Biryani 966,Beverage,340.39
967,67,Chicken Biryani 967,Main Course,404.81
968,68,Margherita Pizza 968,Beverage,572.52
969,69,Ice Cream 969,Beverage,334.43
970,70,Fresh Lime Soda 970,Starter,454.83
971,71,Momos 971,Starter,268.2
972,72,Gulab Jamun 972,Beverage,577.75
973,73,Veg Noodles 973,Combo,93.96
974,74,Gulab Jamun 974,Combo,233.07
975,75,Momos 975,Main Course,80.82
976,76,Vada 976,Combo,143.4
977,77,Ice Cream 977,Starter,296.7
978,78,Veg Fried Rice 978,Beverage,481.12
979,79,Idli 979,Combo,447.95
980,80,Fresh Lime Soda 980,Beverage,527.29
981,81,Fresh Lime Soda 981,Main Course,82.66
982,82,Chicken 65 982,Main Course,406.13
983,83,Veg Biryani 983,Dessert,590.88
984,84,Chicken Noodles 984,Starter,255.71
985,85,Masala Dosa 985,Dessert,108.85
986,86,Chicken 65 986,Dessert,472.78
987,87,Paneer Butter Masala 987,Beverage,383.62
988,88,Margherita Pizza 988,Beverage,341.1
989,89,Butter Naan 989,Main Course,618.04
990,90,Burger 990,Starter,269.98
991,91,Veg Fried Rice 991,Combo,423.83
992,92,Momos 992,Main Course,569.43
993,93,Fresh Lime Soda 993,Main Course,101.06
994,94,Gulab Jamun 994,Dessert,222.41
995,95,Cold Coffee 995,Dessert,255.21
996,96,Ice Cream 996,Main Course,367.79
997,97,Masala Dosa 997,Starter,105.97
998,98,Veg Fried Rice 998,Starter,191.01
999,99,Vada 999,Combo,351.74
1000,100,Chicken 65 1000,Dessert,222.04
1001,101,Ice Cream 1001,Dessert,645.81
1002,102,Ice Cream 1002,Starter,610.53
1003,103,Margherita Pizza 1003,Dessert,276.21
1004,104,Chicken Noodles 1004,Beverage,494.77
1005,105,Chicken 65 1005,Starter,269.16
1006,106,Veg Noodles 1006,Combo,264.55
1007,107,Paneer Tikka 1007,Combo,285.25
1008,108,Brownie 1008,Dessert,514.46
1009,109,Masala Dosa 1009,Combo,351.86
1010,110,Paneer Butter Masala 1010,Dessert,256.63
1011,111,Farmhouse Pizza 1011,Dessert,143.59
1012,112,Veg Biryani 1012,Main Course,110.64
1013,113,Vada 1013,Beverage,228.88
1014,114,Cold Coffee 1014,Beverage,274.13
1015,115,Butter Naan 1015,Starter,242.86
1016,116,Momos 1016,Combo,279.0
1017,117,French Fries 1017,Beverage,442.2
1018,118,Farmhouse Pizza 1018,Beverage,244.06
1019,119,Chicken Biryani 1019,Beverage,546.41
1020,120,Gulab Jamun 1020,Beverage,291.97
1021,121,Vada 1021,Dessert,200.84
1022,122,Chicken Curry 1022,Dessert,103.01
1023,123,Momos 1023,Beverage,449.79
1024,124,Paneer Biryani 1024,Combo,139.54
1025,125,Paneer Tikka 1025,Main Course,192.76
1026,126,Cold Coffee 1026,Dessert,567.64
1027,127,Chicken 65 1027,Combo,278.51
1028,128,French Fries 1028,Beverage,173.21
1029,129,French Fries 1029,Combo,615.35
1030,130,Fresh Lime Soda 1030,Starter,220.31
1031,131,Cold Coffee 1031,Starter,244.62
1032,132,Momos 1032,Combo,342.35
1033,133,Chicken Noodles 1033,Main Course,126.16
1034,134,Chicken Biryani 1034,Main Course,486.88
1035,135,Paneer Tikka 1035,Dessert,477.37
1036,136,Chicken Noodles 1036,Beverage,616.28
1037,137,Chicken Curry 1037,Dessert,109.41
1038,138,Masala Dosa 1038,Combo,435.52
1039,139,Chicken Biryani 1039,Combo,376.27
1040,140,Momos 1040,Starter,329.94
1041,141,Masala Dosa 1041,Starter,470.14
1042,142,French Fries 1042,Beverage,348.09
1043,143,Momos 1043,Starter,632.49
1044,144,Idli 1044,Dessert,302.55
1045,145,Farmhouse Pizza 1045,Combo,411.91
1046,146,Gulab Jamun 1046,Combo,318.21
1047,147,Paneer Tikka 1047,Main Course,479.35
1048,148,Farmhouse Pizza 1048,Dessert,538.95
1049,149,Paneer Tikka 1049,Beverage,631.52
1050,150,Vada 1050,Combo,464.12
1051,151,Burger 1051,Beverage,187.76
1052,152,Momos 1052,Dessert,441.65
1053,153,Paneer Butter Masala 1053,Main Course,595.96
1054,154,Chicken Noodles 1054,Combo,499.55
1055,155,Cold Coffee 1055,Main Course,569.94
1056,156,Chicken Curry 1056,Main Course,156.47
1057,157,Veg Noodles 1057,Main Course,291.19
1058,158,Gulab Jamun 1058,Dessert,250.54
1059,159,Veg Fried Rice 1059,Combo,508.92
1060,160,Idli 1060,Beverage,434.07
1061,161,Burger 1061,Dessert,321.37
1062,162,Vada 1062,Beverage,402.21
1063,163,Chicken Fried Rice 1063,Starter,316.98
1064,164,Paneer Biryani 1064,Starter,99.8
1065,165,Farmhouse Pizza 1065,Starter,337.08
1066,166,Chicken Curry 1066,Main Course,525.34
1067,167,Gulab Jamun 1067,Starter,278.68
1068,168,Idli 1068,Main Course,177.5
1069,169,Butter Naan 1069,Beverage,266.84
1070,170,Gulab Jamun 1070,Starter,195.04
1071,171,Chicken 65 1071,Combo,111.8
1072,172,Brownie 1072,Starter,244.72
1073,173,Vada 1073,Dessert,124.21
1074,174,Chicken Fried Rice 1074,Dessert,646.48
1075,175,Gulab Jamun 1075,Dessert,233.89
1076,176,Chicken Curry 1076,Beverage,138.53
1077,177,Idli 1077,Combo,151.57
1078,178,Veg Noodles 1078,Starter,156.26
1079,179,Gulab Jamun 1079,Main Course,167.7
1080,180,Chicken Fried Rice 1080,Dessert,226.17
1081,181,Veg Biryani 1081,Starter,379.06
1082,182,Paneer Biryani 1082,Main Course,628.51
1083,183,Chicken Biryani 1083,Dessert,301.09
1084,184,Idli 1084,Beverage,198.47
1085,185,Masala Dosa 1085,Dessert,81.17
1086,186,Cold Coffee 1086,Dessert,633.18
1087,187,Chicken Curry 1087,Starter,493.0
1088,188,Paneer Tikka 1088,Beverage,122.09
1089,189,Paneer Tikka 1089,Starter,417.68
1090,190,Burger 1090,Dessert,101.51
1091,191,Paneer Butter Masala 1091,Beverage,165.93
1092,192,Chicken 65 1092,Main Course,233.32
1093,193,Cold Coffee 1093,Starter,619.85
1094,194,Chicken Fried Rice 1094,Dessert,154.5
1095,195,Chicken Curry 1095,Dessert,606.1
1096,196,Chicken 65 1096,Main Course,230.05
1097,197,Brownie 1097,Beverage,385.51
1098,198,Paneer Butter Masala 1098,Dessert,109.24
1099,199,Ice Cream 1099,Starter,548.51
1100,200,Butter Naan 1100,Beverage,243.76
1101,201,Margherita Pizza 1101,Starter,580.03
1102,202,Masala Dosa 1102,Main Course,588.2
1103,203,Brownie 1103,Beverage,537.58
1104,204,Butter Naan 1104,Main Course,515.39
1105,205,Paneer Biryani 1105,Main Course,646.25
1106,206,Momos 1106,Main Course,82.43
1107,207,Chicken 65 1107,Combo,600.26
1108,208,Veg Fried Rice 1108,Dessert,287.36
1109,209,Cold Coffee 1109,Starter,191.9
1110,210,Veg Biryani 1110,Combo,360.33
1111,211,Ice Cream 1111,Beverage,318.73
1112,212,Fresh Lime Soda 1112,Starter,204.79
1113,213,Chicken 65 1113,Beverage,309.05
1114,214,Farmhouse Pizza 1114,Beverage,416.34
1115,215,Paneer Biryani 1115,Combo,518.98
1116,216,Burger 1116,Beverage,583.29
1117,217,Momos 1117,Combo,523.41
1118,218,Idli 1118,Combo,530.42
1119,219,French Fries 1119,Combo,104.14
1120,220,Chicken 65 1120,Beverage,358.35
1121,221,Chicken Curry 1121,Starter,597.24
1122,222,Chicken Biryani 1122,Dessert,435.54
1123,223,Brownie 1123,Starter,311.45
1124,224,Paneer Tikka 1124,Main Course,409.46
1125,225,Idli 1125,Main Course,253.27
1126,226,Chicken Noodles 1126,Beverage,94.95
1127,227,Chicken Noodles 1127,Beverage,88.85
1128,228,Veg Noodles 1128,Dessert,277.8
1129,229,Vada 1129,Combo,419.29
1130,230,Momos 1130,Main Course,447.95
1131,231,Vada 1131,Combo,611.99
1132,232,French Fries 1132,Dessert,573.25
1133,233,Brownie 1133,Starter,173.37
1134,234,Paneer Butter Masala 1134,Beverage,183.56
1135,235,Masala Dosa 1135,Starter,90.34
1136,236,Paneer Tikka 1136,Starter,473.41
1137,237,French Fries 1137,Main Course,574.42
1138,238,Veg Noodles 1138,Combo,347.52
1139,239,Chicken Fried Rice 1139,Starter,297.63
1140,240,Butter Naan 1140,Beverage,417.29
1141,241,Ice Cream 1141,Main Course,561.73
1142,242,Gulab Jamun 1142,Starter,555.01
1143,243,Veg Fried Rice 1143,Combo,306.8
1144,244,Veg Fried Rice 1144,Starter,203.29
1145,245,Burger 1145,Dessert,467.22
1146,246,Ice Cream 1146,Main Course,233.65
1147,247,Gulab Jamun 1147,Starter,442.53
1148,248,Vada 1148,Beverage,157.73
1149,249,Masala Dosa 1149,Combo,169.03
1150,250,Idli 1150,Starter,92.74
1151,251,Butter Naan 1151,Starter,521.18
1152,252,Veg Biryani 1152,Main Course,95.52
1153,253,Chicken Curry 1153,Starter,335.13
1154,254,Momos 1154,Starter,390.41
1155,255,Fresh Lime Soda 1155,Starter,230.91
1156,256,Butter Naan 1156,Beverage,114.98
1157,257,French Fries 1157,Dessert,403.29
1158,258,Gulab Jamun 1158,Starter,271.32
1159,259,Ice Cream 1159,Starter,424.37
1160,260,Paneer Tikka 1160,Main Course,442.64
1161,261,Margherita Pizza 1161,Dessert,184.76
1162,262,Masala Dosa 1162,Combo,236.63
1163,263,Brownie 1163,Dessert,535.91
1164,264,Idli 1164,Main Course,592.78
1165,265,Burger 1165,Combo,574.87
1166,266,Chicken Noodles 1166,Combo,612.35
1167,267,Chicken Curry 1167,Dessert,119.4
1168,268,Masala Dosa 1168,Main Course,394.54
1169,269,Chicken Biryani 1169,Dessert,102.65
1170,270,Veg Biryani 1170,Dessert,220.21
1171,271,Butter Naan 1171,Dessert,111.21
1172,272,Margherita Pizza 1172,Starter,598.64
1173,273,Brownie 1173,Beverage,321.15
1174,274,Brownie 1174,Starter,320.2
1175,275,Margherita Pizza 1175,Starter,324.71
1176,276,French Fries 1176,Starter,246.14
1177,277,Momos 1177,Combo,406.15
1178,278,Gulab Jamun 1178,Dessert,573.03
1179,279,Chicken Curry 1179,Combo,493.98
1180,280,Paneer Butter Masala 1180,Beverage,190.72
1181,281,Farmhouse Pizza 1181,Starter,116.5
1182,282,Veg Noodles 1182,Starter,418.58
1183,283,Paneer Butter Masala 1183,Starter,645.22
1184,284,Farmhouse Pizza 1184,Starter,192.17
1185,285,Brownie 1185,Main Course,192.2
1186,286,Vada 1186,Starter,491.47
1187,287,Chicken Curry 1187,Beverage,422.79
1188,288,Chicken Biryani 1188,Dessert,162.39
1189,289,Fresh Lime Soda 1189,Main Course,519.7
1190,290,Gulab Jamun 1190,Beverage,604.04
1191,291,Veg Biryani 1191,Main Course,649.24
1192,292,Idli 1192,Main Course,177.91
1193,293,Vada 1193,Starter,185.75
1194,294,Veg Fried Rice 1194,Beverage,542.25
1195,295,Paneer Tikka 1195,Dessert,464.95
1196,296,Farmhouse Pizza 1196,Combo,205.69
1197,297,Gulab Jamun 1197,Starter,595.88
1198,298,Gulab Jamun 1198,Beverage,99.73
1199,299,Veg Noodles 1199,Starter,475.66
1200,300,Momos 1200,Starter,192.07
1201,1,Chicken Noodles 1201,Beverage,144.37
1202,2,Chicken Curry 1202,Beverage,395.11
1203,3,Brownie 1203,Starter,198.12
1204,4,Farmhouse Pizza 1204,Dessert,369.82
1205,5,French Fries 1205,Beverage,529.03
1206,6,Paneer Biryani 1206,Combo,92.33
1207,7,Butter Naan 1207,Main Course,410.2
1208,8,Brownie 1208,Beverage,273.96
1209,9,Margherita Pizza 1209,Beverage,405.12
1210,10,Veg Biryani 1210,Combo,478.61
1211,11,Paneer Butter Masala 1211,Beverage,540.91
1212,12,Margherita Pizza 1212,Starter,208.25
1213,13,Brownie 1213,Starter,87.98
1214,14,Margherita Pizza 1214,Main Course,398.95
1215,15,Paneer Biryani 1215,Combo,328.37
1216,16,Idli 1216,Combo,550.71
1217,17,Paneer Tikka 1217,Dessert,242.52
1218,18,Brownie 1218,Beverage,175.87
1219,19,Momos 1219,Main Course,233.26
1220,20,Butter Naan 1220,Beverage,623.86
1221,21,Paneer Tikka 1221,Beverage,103.56
1222,22,Cold Coffee 1222,Dessert,405.68
1223,23,Fresh Lime Soda 1223,Starter,341.1
1224,24,Fresh Lime Soda 1224,Main Course,505.38
1225,25,Vada 1225,Starter,466.17
1226,26,Chicken 65 1226,Beverage,588.62
1227,27,Chicken Fried Rice 1227,Main Course,505.22
1228,28,Veg Biryani 1228,Beverage,282.4
1229,29,Veg Noodles 1229,Starter,452.41
1230,30,Paneer Biryani 1230,Starter,321.01
1231,31,Veg Noodles 1231,Dessert,319.9
1232,32,Cold Coffee 1232,Combo,94.92
1233,33,Cold Coffee 1233,Combo,551.62
1234,34,Veg Biryani 1234,Beverage,404.0
1235,35,Idli 1235,Dessert,100.18
1236,36,Chicken Curry 1236,Dessert,548.25
1237,37,Paneer Butter Masala 1237,Beverage,560.16
1238,38,Vada 1238,Starter,637.7
1239,39,Veg Fried Rice 1239,Main Course,325.2
1240,40,Masala Dosa 1240,Starter,159.93
1241,41,Veg Noodles 1241,Main Course,248.11
1242,42,Butter Naan 1242,Beverage,575.03
1243,43,Gulab Jamun 1243,Starter,352.72
1244,44,Chicken 65 1244,Starter,587.09
1245,45,Gulab Jamun 1245,Beverage,188.34
1246,46,Chicken Fried Rice 1246,Main Course,426.96
1247,47,Vada 1247,Dessert,384.09
1248,48,Cold Coffee 1248,Main Course,432.88
1249,49,Brownie 1249,Beverage,217.24
1250,50,Paneer Biryani 1250,Starter,173.21
1251,51,Chicken 65 1251,Starter,500.45
1252,52,Ice Cream 1252,Dessert,237.11
1253,53,Chicken Noodles 1253,Beverage,329.68
1254,54,Chicken Noodles 1254,Main Course,327.87
1255,55,Cold Coffee 1255,Dessert,245.57
1256,56,Paneer Butter Masala 1256,Combo,315.74
1257,57,Butter Naan 1257,Main Course,346.01
1258,58,Fresh Lime Soda 1258,Main Course,342.32
1259,59,Paneer Biryani 1259,Main Course,497.09
1260,60,Brownie 1260,Main Course,142.21
1261,61,Idli 1261,Beverage,378.52
1262,62,Chicken Biryani 1262,Beverage,303.29
1263,63,Cold Coffee 1263,Beverage,617.19
1264,64,Chicken Fried Rice 1264,Main Course,501.17
1265,65,Margherita Pizza 1265,Beverage,488.38
1266,66,Cold Coffee 1266,Main Course,94.55
1267,67,Masala Dosa 1267,Combo,119.66
1268,68,Veg Biryani 1268,Main Course,330.41
1269,69,Gulab Jamun 1269,Starter,472.0
1270,70,Brownie 1270,Beverage,602.98
1271,71,Paneer Butter Masala 1271,Main Course,241.44
1272,72,Momos 1272,Starter,89.28
1273,73,Veg Noodles 1273,Beverage,112.26
1274,74,Masala Dosa 1274,Main Course,154.15
1275,75,Veg Biryani 1275,Dessert,102.86
1276,76,Masala Dosa 1276,Starter,122.77
1277,77,Chicken 65 1277,Beverage,527.93
1278,78,Chicken Curry 1278,Main Course,287.73
1279,79,Farmhouse Pizza 1279,Combo,339.75
1280,80,Vada 1280,Main Course,300.61
1281,81,Chicken Biryani 1281,Dessert,333.58
1282,82,Chicken 65 1282,Main Course,232.35
1283,83,Masala Dosa 1283,Combo,209.93
1284,84,Paneer Biryani 1284,Beverage,309.79
1285,85,French Fries 1285,Beverage,148.65
1286,86,Brownie 1286,Starter,610.86
1287,87,Margherita Pizza 1287,Main Course,470.62
1288,88,Paneer Biryani 1288,Beverage,523.71
1289,89,Burger 1289,Dessert,145.47
1290,90,Vada 1290,Main Course,146.96
1291,91,Gulab Jamun 1291,Dessert,179.27
1292,92,Brownie 1292,Dessert,562.26
1293,93,Masala Dosa 1293,Starter,508.3
1294,94,Momos 1294,Starter,230.05
1295,95,Veg Biryani 1295,Dessert,139.87
1296,96,Veg Noodles 1296,Beverage,85.94
1297,97,Masala Dosa 1297,Dessert,186.46
1298,98,Vada 1298,Beverage,202.81
1299,99,Gulab Jamun 1299,Main Course,363.16
1300,100,Margherita Pizza 1300,Main Course,186.53
1301,101,Chicken Biryani 1301,Dessert,162.67
1302,102,Brownie 1302,Main Course,391.07
1303,103,Idli 1303,Beverage,543.8
1304,104,Brownie 1304,Starter,251.37
1305,105,Chicken Biryani 1305,Combo,375.01
1306,106,Brownie 1306,Main Course,501.62
1307,107,Veg Noodles 1307,Combo,153.15
1308,108,Ice Cream 1308,Starter,543.16
1309,109,Veg Noodles 1309,Main Course,136.51
1310,110,Chicken Biryani 1310,Combo,499.17
1311,111,Momos 1311,Combo,215.4
1312,112,Paneer Biryani 1312,Combo,640.37
1313,113,Ice Cream 1313,Beverage,520.38
1314,114,Chicken Biryani 1314,Combo,428.36
1315,115,Farmhouse Pizza 1315,Main Course,173.9
1316,116,Brownie 1316,Combo,337.45
1317,117,Gulab Jamun 1317,Main Course,646.55
1318,118,French Fries 1318,Starter,457.21
1319,119,Cold Coffee 1319,Starter,374.32
1320,120,Chicken Noodles 1320,Beverage,497.8
1321,121,Vada 1321,Combo,572.23
1322,122,Masala Dosa 1322,Combo,165.51
1323,123,Chicken 65 1323,Beverage,442.48
1324,124,Idli 1324,Beverage,547.87
1325,125,Veg Fried Rice 1325,Dessert,323.03
1326,126,Cold Coffee 1326,Starter,353.15
1327,127,Burger 1327,Dessert,436.45
1328,128,Paneer Tikka 1328,Dessert,589.71
1329,129,Burger 1329,Main Course,580.87
1330,130,Veg Biryani 1330,Beverage,119.94
1331,131,Ice Cream 1331,Starter,402.35
1332,132,Brownie 1332,Starter,478.34
1333,133,Chicken Noodles 1333,Starter,546.94
1334,134,Chicken Curry 1334,Main Course,499.48
1335,135,Margherita Pizza 1335,Dessert,363.68
1336,136,Farmhouse Pizza 1336,Starter,458.04
1337,137,Chicken Noodles 1337,Dessert,369.33
1338,138,Chicken Biryani 1338,Dessert,81.74
1339,139,Gulab Jamun 1339,Starter,223.32
1340,140,Veg Biryani 1340,Combo,427.52
1341,141,Butter Naan 1341,Beverage,127.45
1342,142,Gulab Jamun 1342,Starter,188.87
1343,143,Ice Cream 1343,Main Course,646.22
1344,144,Chicken Noodles 1344,Combo,181.7
1345,145,Burger 1345,Starter,462.95
1346,146,Veg Noodles 1346,Dessert,127.82
1347,147,Gulab Jamun 1347,Dessert,446.47
1348,148,Chicken Biryani 1348,Main Course,334.34
1349,149,Veg Fried Rice 1349,Combo,542.58
1350,150,Vada 1350,Main Course,467.15
1351,151,Paneer Tikka 1351,Dessert,113.03
1352,152,Fresh Lime Soda 1352,Combo,602.25
1353,153,Veg Noodles 1353,Combo,321.26
1354,154,Chicken Fried Rice 1354,Main Course,564.99
1355,155,Chicken Biryani 1355,Combo,234.4
1356,156,Fresh Lime Soda 1356,Starter,436.13
1357,157,Brownie 1357,Combo,182.9
1358,158,Cold Coffee 1358,Dessert,302.92
1359,159,Margherita Pizza 1359,Starter,511.72
1360,160,Chicken Biryani 1360,Combo,317.93
1361,161,Chicken Curry 1361,Starter,545.25
1362,162,Momos 1362,Beverage,105.1
1363,163,Paneer Tikka 1363,Dessert,446.38
1364,164,Margherita Pizza 1364,Dessert,84.89
1365,165,Gulab Jamun 1365,Beverage,281.91
1366,166,Farmhouse Pizza 1366,Main Course,449.71
1367,167,Vada 1367,Main Course,466.9
1368,168,Veg Biryani 1368,Combo,204.32
1369,169,Veg Noodles 1369,Combo,186.49
1370,170,Veg Biryani 1370,Combo,514.13
1371,171,Veg Biryani 1371,Beverage,640.62
1372,172,Chicken 65 1372,Dessert,609.03
1373,173,Idli 1373,Main Course,413.47
1374,174,Brownie 1374,Beverage,521.66
1375,175,Veg Fried Rice 1375,Beverage,200.37
1376,176,Paneer Biryani 1376,Dessert,107.46
1377,177,Chicken Biryani 1377,Starter,419.85
1378,178,Ice Cream 1378,Combo,427.71
1379,179,Veg Biryani 1379,Dessert,307.39
1380,180,French Fries 1380,Main Course,514.52
1381,181,Farmhouse Pizza 1381,Main Course,502.93
1382,182,Idli 1382,Combo,580.1
1383,183,Chicken Curry 1383,Dessert,361.19
1384,184,Masala Dosa 1384,Combo,88.18
1385,185,Veg Fried Rice 1385,Main Course,336.45
1386,186,Masala Dosa 1386,Combo,555.11
1387,187,Gulab Jamun 1387,Main Course,635.23
1388,188,Ice Cream 1388,Dessert,328.21
1389,189,Vada 1389,Beverage,93.28
1390,190,Gulab Jamun 1390,Main Course,239.07
1391,191,Margherita Pizza 1391,Beverage,445.76
1392,192,Chicken Curry 1392,Main Course,269.47
1393,193,Chicken Noodles 1393,Beverage,447.44
1394,194,Fresh Lime Soda 1394,Starter,589.09
1395,195,Momos 1395,Beverage,109.89
1396,196,Burger 1396,Starter,549.25
1397,197,Paneer Tikka 1397,Main Course,597.1
1398,198,French Fries 1398,Main Course,201.36
1399,199,Margherita Pizza 1399,Beverage,396.47
1400,200,Chicken Noodles 1400,Beverage,583.02
1401,201,Margherita Pizza 1401,Beverage,566.45
1402,202,Ice Cream 1402,Beverage,617.22
1403,203,Vada 1403,Starter,227.47
1404,204,Gulab Jamun 1404,Dessert,242.14
1405,205,Momos 1405,Starter,362.99
1406,206,Farmhouse Pizza 1406,Main Course,177.34
1407,207,Chicken Noodles 1407,Combo,105.52
1408,208,Gulab Jamun 1408,Main Course,198.27
1409,209,Burger 1409,Main Course,568.06
1410,210,Chicken Fried Rice 1410,Main Course,221.97
1411,211,Veg Fried Rice 1411,Main Course,366.58
1412,212,Butter Naan 1412,Beverage,596.78
1413,213,Ice Cream 1413,Dessert,85.49
1414,214,Fresh Lime Soda 1414,Combo,94.01
1415,215,Chicken Noodles 1415,Beverage,358.77
1416,216,Farmhouse Pizza 1416,Combo,539.78
1417,217,Chicken 65 1417,Main Course,585.38
1418,218,Paneer Tikka 1418,Main Course,400.63
1419,219,Margherita Pizza 1419,Dessert,228.62
1420,220,Masala Dosa 1420,Combo,107.35
1421,221,Butter Naan 1421,Combo,244.69
1422,222,Fresh Lime Soda 1422,Dessert,488.99
1423,223,Veg Noodles 1423,Starter,151.33
1424,224,Paneer Butter Masala 1424,Dessert,473.2
1425,225,Chicken Noodles 1425,Starter,325.97
1426,226,Chicken Biryani 1426,Beverage,233.08
1427,227,Cold Coffee 1427,Main Course,176.54
1428,228,Paneer Tikka 1428,Main Course,505.03
1429,229,Paneer Butter Masala 1429,Combo,450.32
1430,230,Veg Noodles 1430,Beverage,490.99
1431,231,French Fries 1431,Starter,594.62
1432,232,Gulab Jamun 1432,Combo,415.02
1433,233,Paneer Tikka 1433,Combo,369.07
1434,234,Paneer Tikka 1434,Beverage,577.92
1435,235,Momos 1435,Combo,591.67
1436,236,Chicken Curry 1436,Combo,336.38
1437,237,Masala Dosa 1437,Beverage,188.41
1438,238,Momos 1438,Main Course,383.38
1439,239,Paneer Butter Masala 1439,Starter,388.42
1440,240,Burger 1440,Dessert,314.05
1441,241,Cold Coffee 1441,Beverage,253.09
1442,242,Butter Naan 1442,Starter,461.69
1443,243,Ice Cream 1443,Dessert,595.28
1444,244,Paneer Tikka 1444,Main Course,433.67
1445,245,Veg Biryani 1445,Combo,267.69
1446,246,Vada 1446,Starter,523.41
1447,247,Chicken Noodles 1447,Combo,254.4
1448,248,Paneer Tikka 1448,Starter,139.67
1449,249,Gulab Jamun 1449,Starter,452.74
1450,250,Paneer Butter Masala 1450,Combo,89.14
1451,251,Paneer Butter Masala 1451,Beverage,611.52
1452,252,Paneer Butter Masala 1452,Dessert,386.22
1453,253,Vada 1453,Starter,562.76
1454,254,Idli 1454,Dessert,492.93
1455,255,Fresh Lime Soda 1455,Main Course,260.89
1456,256,Paneer Butter Masala 1456,Main Course,510.63
1457,257,Veg Noodles 1457,Dessert,309.85
1458,258,Chicken Biryani 1458,Combo,610.89
1459,259,Veg Noodles 1459,Main Course,130.52
1460,260,Paneer Tikka 1460,Dessert,578.01
1461,261,Farmhouse Pizza 1461,Combo,334.09
1462,262,Fresh Lime Soda 1462,Starter,482.24
1463,263,Veg Fried Rice 1463,Beverage,563.09
1464,264,Chicken 65 1464,Combo,154.55
1465,265,French Fries 1465,Starter,397.37
1466,266,Vada 1466,Beverage,480.39
1467,267,Veg Biryani 1467,Beverage,491.48
1468,268,Cold Coffee 1468,Beverage,90.12
1469,269,Butter Naan 1469,Combo,393.8
1470,270,Chicken Curry 1470,Combo,583.64
1471,271,Chicken Curry 1471,Beverage,294.9
1472,272,Paneer Tikka 1472,Combo,510.63
1473,273,Farmhouse Pizza 1473,Main Course,649.4
1474,274,Idli 1474,Combo,382.7
1475,275,Veg Biryani 1475,Starter,424.86
1476,276,Paneer Tikka 1476,Beverage,643.28
1477,277,Paneer Butter Masala 1477,Combo,484.51
1478,278,Butter Naan 1478,Main Course,276.4
1479,279,Chicken Curry 1479,Main Course,353.24
1480,280,Chicken Noodles 1480,Combo,534.81
1481,281,Chicken Fried Rice 1481,Combo,104.2
1482,282,Idli 1482,Combo,476.73
1483,283,Farmhouse Pizza 1483,Dessert,617.97
1484,284,Paneer Biryani 1484,Beverage,115.41
1485,285,Gulab Jamun 1485,Starter,599.86
1486,286,Butter Naan 1486,Beverage,541.34
1487,287,Paneer Biryani 1487,Starter,425.52
1488,288,Veg Fried Rice 1488,Combo,645.32
1489,289,Brownie 1489,Beverage,277.83
1490,290,Ice Cream 1490,Main Course,369.53
1491,291,Chicken Curry 1491,Dessert,399.24
1492,292,Chicken Fried Rice 1492,Beverage,450.84
1493,293,Ice Cream 1493,Beverage,162.48
1494,294,Chicken 65 1494,Main Course,340.98
1495,295,Idli 1495,Starter,380.03
1496,296,Veg Fried Rice 1496,Main Course,547.84
1497,297,Momos 1497,Beverage,550.86
1498,298,Veg Biryani 1498,Main Course,332.67
1499,299,Veg Noodles 1499,Dessert,334.48
1500,300,Vada 1500,Beverage,80.33
1501,1,Ice Cream 1501,Beverage,188.36
1502,2,Brownie 1502,Beverage,355.97
1503,3,Cold Coffee 1503,Dessert,486.4
1504,4,Cold Coffee 1504,Starter,303.7
1505,5,Chicken Noodles 1505,Starter,203.85
1506,6,Paneer Tikka 1506,Main Course,233.4
1507,7,Masala Dosa 1507,Dessert,240.08
1508,8,Chicken 65 1508,Main Course,553.66
1509,9,Brownie 1509,Starter,165.4
1510,10,Vada 1510,Dessert,316.97
1511,11,Paneer Biryani 1511,Beverage,369.73
1512,12,Ice Cream 1512,Starter,627.62
1513,13,Masala Dosa 1513,Starter,317.45
1514,14,Burger 1514,Beverage,122.86
1515,15,Farmhouse Pizza 1515,Starter,476.37
1516,16,Fresh Lime Soda 1516,Beverage,504.41
1517,17,Margherita Pizza 1517,Starter,114.3
1518,18,Paneer Tikka 1518,Main Course,228.45
1519,19,Paneer Tikka 1519,Main Course,125.61
1520,20,Fresh Lime Soda 1520,Beverage,516.56
1521,21,Momos 1521,Dessert,254.75
1522,22,Brownie 1522,Main Course,115.0
1523,23,Brownie 1523,Combo,168.4
1524,24,Veg Noodles 1524,Combo,530.34
1525,25,Fresh Lime Soda 1525,Beverage,608.51
1526,26,Cold Coffee 1526,Dessert,552.52
1527,27,Chicken Noodles 1527,Combo,222.16
1528,28,Burger 1528,Dessert,352.22
1529,29,Paneer Tikka 1529,Beverage,228.6
1530,30,Veg Fried Rice 1530,Starter,249.67
1531,31,Margherita Pizza 1531,Main Course,241.38
1532,32,Chicken Fried Rice 1532,Starter,337.47
1533,33,Fresh Lime Soda 1533,Main Course,524.35
1534,34,Burger 1534,Starter,318.35
1535,35,Chicken 65 1535,Dessert,629.54
1536,36,Paneer Butter Masala 1536,Combo,206.97
1537,37,Fresh Lime Soda 1537,Dessert,352.85
1538,38,Paneer Tikka 1538,Starter,338.94
1539,39,Ice Cream 1539,Beverage,274.4
1540,40,Masala Dosa 1540,Main Course,213.59
1541,41,Idli 1541,Combo,441.32
1542,42,Farmhouse Pizza 1542,Combo,220.68
1543,43,Chicken Noodles 1543,Beverage,433.5
1544,44,Vada 1544,Starter,307.61
1545,45,Idli 1545,Starter,183.29
1546,46,Veg Biryani 1546,Combo,229.34
1547,47,Veg Biryani 1547,Beverage,226.51
1548,48,Masala Dosa 1548,Dessert,573.39
1549,49,Chicken 65 1549,Combo,579.5
1550,50,Gulab Jamun 1550,Starter,427.89
1551,51,Ice Cream 1551,Main Course,118.8
1552,52,Burger 1552,Dessert,299.5
1553,53,Gulab Jamun 1553,Combo,173.7
1554,54,Chicken Noodles 1554,Main Course,235.36
1555,55,Butter Naan 1555,Combo,387.9
1556,56,Brownie 1556,Starter,573.71
1557,57,Farmhouse Pizza 1557,Dessert,115.78
1558,58,Chicken 65 1558,Combo,213.01
1559,59,Cold Coffee 1559,Beverage,208.08
1560,60,Veg Fried Rice 1560,Combo,433.33
1561,61,Fresh Lime Soda 1561,Dessert,592.2
1562,62,Butter Naan 1562,Combo,261.21
1563,63,Masala Dosa 1563,Starter,537.78
1564,64,Veg Biryani 1564,Starter,430.72
1565,65,Ice Cream 1565,Beverage,547.47
1566,66,Burger 1566,Main Course,251.88
1567,67,Veg Noodles 1567,Combo,379.34
1568,68,Gulab Jamun 1568,Combo,485.41
1569,69,Burger 1569,Combo,106.65
1570,70,Gulab Jamun 1570,Dessert,308.32
1571,71,Masala Dosa 1571,Starter,357.95
1572,72,Idli 1572,Dessert,538.97
1573,73,Chicken Fried Rice 1573,Main Course,280.04
1574,74,Burger 1574,Dessert,190.31
1575,75,Burger 1575,Main Course,274.59
1576,76,Veg Noodles 1576,Main Course,558.17
1577,77,Paneer Tikka 1577,Starter,117.04
1578,78,Margherita Pizza 1578,Starter,295.51
1579,79,Margherita Pizza 1579,Main Course,213.69
1580,80,Farmhouse Pizza 1580,Dessert,192.57
1581,81,Idli 1581,Main Course,478.26
1582,82,Chicken Curry 1582,Main Course,404.42
1583,83,Chicken Fried Rice 1583,Dessert,322.34
1584,84,Ice Cream 1584,Main Course,321.79
1585,85,Idli 1585,Dessert,431.88
1586,86,Burger 1586,Combo,492.1
1587,87,Cold Coffee 1587,Dessert,353.33
1588,88,Paneer Tikka 1588,Starter,613.36
1589,89,Paneer Biryani 1589,Combo,159.01
1590,90,Idli 1590,Dessert,404.61
1591,91,Cold Coffee 1591,Starter,151.8
1592,92,Margherita Pizza 1592,Dessert,451.78
1593,93,Burger 1593,Dessert,330.78
1594,94,Fresh Lime Soda 1594,Dessert,138.43
1595,95,Chicken Noodles 1595,Main Course,443.58
1596,96,Farmhouse Pizza 1596,Combo,284.81
1597,97,Momos 1597,Starter,270.37
1598,98,Burger 1598,Beverage,474.36
1599,99,Chicken Curry 1599,Beverage,648.06
1600,100,Momos 1600,Combo,111.44
1601,101,Chicken Biryani 1601,Combo,187.79
1602,102,Ice Cream 1602,Main Course,206.94
1603,103,Chicken Noodles 1603,Starter,223.15
1604,104,Masala Dosa 1604,Starter,647.51
1605,105,Margherita Pizza 1605,Main Course,629.52
1606,106,Chicken 65 1606,Beverage,375.2
1607,107,Paneer Butter Masala 1607,Starter,620.72
1608,108,Burger 1608,Main Course,551.19
1609,109,Vada 1609,Main Course,333.43
1610,110,Momos 1610,Main Course,337.04
1611,111,Chicken Biryani 1611,Dessert,340.04
1612,112,Cold Coffee 1612,Dessert,635.83
1613,113,Momos 1613,Starter,551.22
1614,114,Chicken Fried Rice 1614,Starter,135.4
1615,115,Paneer Tikka 1615,Beverage,258.25
1616,116,Burger 1616,Starter,190.1
1617,117,Idli 1617,Starter,278.8
1618,118,Chicken Biryani 1618,Starter,627.77
1619,119,Butter Naan 1619,Starter,475.79
1620,120,Brownie 1620,Starter,544.75
1621,121,Paneer Biryani 1621,Main Course,137.13
1622,122,Vada 1622,Beverage,477.92
1623,123,Chicken Noodles 1623,Beverage,518.48
1624,124,Momos 1624,Main Course,246.57
1625,125,French Fries 1625,Combo,284.15
1626,126,French Fries 1626,Dessert,348.6
1627,127,Butter Naan 1627,Main Course,480.64
1628,128,Margherita Pizza 1628,Main Course,285.41
1629,129,Burger 1629,Starter,290.72
1630,130,Chicken Curry 1630,Starter,103.43
1631,131,Masala Dosa 1631,Starter,267.96
1632,132,Chicken 65 1632,Dessert,538.63
1633,133,Chicken Curry 1633,Dessert,578.63
1634,134,Momos 1634,Combo,373.9
1635,135,Butter Naan 1635,Dessert,365.31
1636,136,Butter Naan 1636,Dessert,440.64
1637,137,Idli 1637,Beverage,490.03
1638,138,French Fries 1638,Combo,579.52
1639,139,Chicken Biryani 1639,Dessert,610.59
1640,140,Chicken Curry 1640,Starter,526.87
1641,141,Chicken Noodles 1641,Starter,401.79
1642,142,Cold Coffee 1642,Main Course,294.89
1643,143,Gulab Jamun 1643,Main Course,236.61
1644,144,French Fries 1644,Beverage,163.69
1645,145,Momos 1645,Starter,511.12
1646,146,Paneer Biryani 1646,Combo,552.82
1647,147,Masala Dosa 1647,Dessert,229.71
1648,148,Chicken Curry 1648,Beverage,108.58
1649,149,Momos 1649,Dessert,388.65
1650,150,Paneer Butter Masala 1650,Main Course,408.24
1651,151,Brownie 1651,Starter,366.5
1652,152,Veg Fried Rice 1652,Main Course,133.81
1653,153,Chicken Biryani 1653,Starter,371.61
1654,154,Brownie 1654,Combo,430.66
1655,155,Chicken Curry 1655,Combo,511.32
1656,156,Momos 1656,Main Course,139.77
1657,157,Chicken Biryani 1657,Beverage,434.36
1658,158,Idli 1658,Dessert,641.03
1659,159,Paneer Biryani 1659,Dessert,398.52
1660,160,Ice Cream 1660,Main Course,492.17
1661,161,Paneer Tikka 1661,Combo,99.63
1662,162,Butter Naan 1662,Main Course,256.9
1663,163,Chicken Biryani 1663,Main Course,572.73
1664,164,Vada 1664,Beverage,576.0
1665,165,Farmhouse Pizza 1665,Main Course,125.17
1666,166,Gulab Jamun 1666,Starter,147.55
1667,167,Masala Dosa 1667,Starter,603.06
1668,168,Veg Noodles 1668,Main Course,601.96
1669,169,Margherita Pizza 1669,Beverage,191.74
1670,170,Chicken Fried Rice 1670,Main Course,148.24
1671,171,Chicken 65 1671,Beverage,407.36
1672,172,Momos 1672,Combo,154.13
1673,173,Paneer Biryani 1673,Dessert,419.28
1674,174,Chicken Fried Rice 1674,Combo,295.99
1675,175,Momos 1675,Main Course,423.29
1676,176,Paneer Biryani 1676,Starter,296.19
1677,177,Paneer Biryani 1677,Dessert,446.76
1678,178,Vada 1678,Combo,153.43
1679,179,Chicken 65 1679,Combo,252.5
1680,180,Cold Coffee 1680,Starter,528.12
1681,181,Chicken Biryani 1681,Combo,644.34
1682,182,Paneer Biryani 1682,Dessert,549.96
1683,183,Chicken Biryani 1683,Main Course,511.1
1684,184,Vada 1684,Starter,644.32
1685,185,Veg Noodles 1685,Main Course,435.72
1686,186,Idli 1686,Starter,426.83
1687,187,Chicken 65 1687,Starter,453.48
1688,188,Momos 1688,Dessert,198.32
1689,189,Veg Biryani 1689,Main Course,564.64
1690,190,Veg Noodles 1690,Main Course,619.17
1691,191,Chicken 65 1691,Starter,270.82
1692,192,Cold Coffee 1692,Main Course,284.52
1693,193,Paneer Butter Masala 1693,Beverage,630.18
1694,194,Brownie 1694,Starter,608.43
1695,195,Fresh Lime Soda 1695,Combo,391.67
1696,196,Burger 1696,Combo,89.94
1697,197,Idli 1697,Combo,362.41
1698,198,Masala Dosa 1698,Dessert,237.48
1699,199,Gulab Jamun 1699,Beverage,263.94
1700,200,Chicken Fried Rice 1700,Dessert,405.0
1701,201,Chicken Curry 1701,Starter,488.97
1702,202,Veg Biryani 1702,Beverage,588.59
1703,203,Cold Coffee 1703,Dessert,511.33
1704,204,Fresh Lime Soda 1704,Beverage,136.85
1705,205,Cold Coffee 1705,Combo,196.77
1706,206,Chicken Curry 1706,Combo,135.94
1707,207,Chicken Biryani 1707,Starter,372.46
1708,208,Ice Cream 1708,Combo,121.95
1709,209,Paneer Tikka 1709,Dessert,363.64
1710,210,Fresh Lime Soda 1710,Main Course,435.95
1711,211,Fresh Lime Soda 1711,Beverage,168.45
1712,212,Farmhouse Pizza 1712,Beverage,465.58
1713,213,Paneer Tikka 1713,Combo,578.93
1714,214,Veg Biryani 1714,Beverage,476.17
1715,215,Chicken Curry 1715,Combo,228.44
1716,216,French Fries 1716,Main Course,98.64
1717,217,Farmhouse Pizza 1717,Combo,414.57
1718,218,Veg Fried Rice 1718,Beverage,520.99
1719,219,Burger 1719,Beverage,355.92
1720,220,Chicken Curry 1720,Combo,487.58
1721,221,Burger 1721,Main Course,189.29
1722,222,Chicken Biryani 1722,Starter,337.75
1723,223,Chicken Curry 1723,Main Course,167.44
1724,224,Chicken 65 1724,Combo,530.36
1725,225,Veg Noodles 1725,Combo,446.2
1726,226,Idli 1726,Combo,282.22
1727,227,Gulab Jamun 1727,Main Course,340.44
1728,228,Farmhouse Pizza 1728,Dessert,619.99
1729,229,Paneer Biryani 1729,Starter,226.12
1730,230,Chicken Biryani 1730,Combo,278.97
1731,231,Cold Coffee 1731,Main Course,606.79
1732,232,Chicken Biryani 1732,Beverage,112.66
1733,233,Paneer Biryani 1733,Combo,137.56
1734,234,Gulab Jamun 1734,Dessert,122.73
1735,235,Veg Biryani 1735,Main Course,101.21
1736,236,Masala Dosa 1736,Combo,547.26
1737,237,Idli 1737,Main Course,492.53
1738,238,Ice Cream 1738,Starter,468.75
1739,239,Fresh Lime Soda 1739,Beverage,368.61
1740,240,Chicken Fried Rice 1740,Main Course,578.57
1741,241,French Fries 1741,Beverage,466.68
1742,242,Paneer Butter Masala 1742,Beverage,266.29
1743,243,Butter Naan 1743,Combo,299.56
1744,244,Vada 1744,Beverage,325.88
1745,245,Masala Dosa 1745,Beverage,137.64
1746,246,Veg Fried Rice 1746,Combo,388.98
1747,247,Veg Biryani 1747,Main Course,599.51
1748,248,Veg Biryani 1748,Combo,188.73
1749,249,Veg Fried Rice 1749,Main Course,270.0
1750,250,French Fries 1750,Beverage,141.49
1751,251,Veg Noodles 1751,Main Course,143.09
1752,252,Idli 1752,Combo,632.63
1753,253,Paneer Butter Masala 1753,Beverage,507.58
1754,254,Veg Biryani 1754,Combo,311.55
1755,255,Vada 1755,Starter,610.91
1756,256,Veg Noodles 1756,Main Course,155.08
1757,257,Paneer Tikka 1757,Dessert,647.85
1758,258,French Fries 1758,Beverage,374.27
1759,259,Gulab Jamun 1759,Main Course,81.05
1760,260,Paneer Biryani 1760,Starter,484.48
1761,261,Butter Naan 1761,Main Course,149.86
1762,262,Chicken Noodles 1762,Combo,550.59
1763,263,Vada 1763,Beverage,436.62
1764,264,Paneer Tikka 1764,Dessert,596.24
1765,265,Paneer Butter Masala 1765,Starter,392.56
1766,266,Cold Coffee 1766,Starter,301.29
1767,267,Idli 1767,Main Course,247.26
1768,268,Idli 1768,Beverage,304.06
1769,269,Paneer Butter Masala 1769,Starter,537.11
1770,270,Chicken Biryani 1770,Dessert,230.39
1771,271,Momos 1771,Main Course,258.86
1772,272,Chicken Curry 1772,Combo,464.14
1773,273,Brownie 1773,Combo,523.86
1774,274,Chicken Biryani 1774,Beverage,496.17
1775,275,Chicken 65 1775,Main Course,430.41
1776,276,Brownie 1776,Beverage,172.23
1777,277,Cold Coffee 1777,Main Course,328.52
1778,278,Butter Naan 1778,Dessert,166.87
1779,279,Chicken Noodles 1779,Dessert,182.1
1780,280,Chicken Biryani 1780,Combo,359.56
1781,281,Chicken Noodles 1781,Beverage,623.49
1782,282,Chicken Fried Rice 1782,Main Course,554.63
1783,283,Chicken 65 1783,Combo,125.35
1784,284,Chicken 65 1784,Dessert,595.95
1785,285,French Fries 1785,Combo,506.2
1786,286,Brownie 1786,Main Course,292.68
1787,287,Vada 1787,Main Course,394.53
1788,288,French Fries 1788,Beverage,489.36
1789,289,Chicken 65 1789,Starter,434.94
1790,290,Masala Dosa 1790,Starter,437.34
1791,291,Veg Fried Rice 1791,Starter,134.74
1792,292,Chicken Curry 1792,Starter,394.46
1793,293,Veg Fried Rice 1793,Beverage,522.82
1794,294,Margherita Pizza 1794,Starter,402.92
1795,295,Veg Biryani 1795,Starter,92.82
1796,296,Veg Fried Rice 1796,Combo,123.36
1797,297,Chicken Noodles 1797,Starter,298.86
1798,298,Ice Cream 1798,Main Course,452.65
1799,299,Butter Naan 1799,Beverage,163.0
1800,300,Idli 1800,Beverage,559.38
1801,1,Farmhouse Pizza 1801,Main Course,642.9
1802,2,Butter Naan 1802,Main Course,245.88
1803,3,Ice Cream 1803,Dessert,158.2
1804,4,Chicken 65 1804,Starter,114.52
1805,5,Veg Biryani 1805,Starter,239.96
1806,6,Paneer Biryani 1806,Starter,88.93
1807,7,Chicken Fried Rice 1807,Main Course,200.23
1808,8,Idli 1808,Dessert,252.35
1809,9,Idli 1809,Starter,127.68
1810,10,Butter Naan 1810,Dessert,446.05
1811,11,Farmhouse Pizza 1811,Main Course,629.78
1812,12,Chicken 65 1812,Beverage,458.36
1813,13,Momos 1813,Starter,501.22
1814,14,Margherita Pizza 1814,Dessert,93.42
1815,15,Fresh Lime Soda 1815,Starter,323.63
1816,16,Brownie 1816,Beverage,401.12
1817,17,Paneer Tikka 1817,Combo,612.97
1818,18,Margherita Pizza 1818,Combo,412.71
1819,19,Farmhouse Pizza 1819,Dessert,476.62
1820,20,Chicken 65 1820,Dessert,462.96
1821,21,Veg Noodles 1821,Beverage,124.38
1822,22,Chicken Curry 1822,Beverage,88.79
1823,23,Chicken Noodles 1823,Dessert,528.17
1824,24,Momos 1824,Combo,296.78
1825,25,Paneer Butter Masala 1825,Dessert,482.73
1826,26,Chicken Curry 1826,Starter,401.9
1827,27,Farmhouse Pizza 1827,Main Course,618.98
1828,28,Chicken Noodles 1828,Main Course,599.12
1829,29,Momos 1829,Beverage,364.49
1830,30,Veg Biryani 1830,Beverage,441.95
1831,31,Veg Fried Rice 1831,Main Course,134.24
1832,32,Veg Fried Rice 1832,Dessert,544.3
1833,33,Chicken Biryani 1833,Beverage,161.16
1834,34,Gulab Jamun 1834,Beverage,611.2
1835,35,Brownie 1835,Starter,214.22
1836,36,Gulab Jamun 1836,Starter,199.83
1837,37,Burger 1837,Main Course,540.67
1838,38,Butter Naan 1838,Starter,143.67
1839,39,Paneer Biryani 1839,Dessert,641.36
1840,40,Brownie 1840,Combo,581.43
1841,41,Margherita Pizza 1841,Beverage,466.58
1842,42,Veg Noodles 1842,Combo,357.34
1843,43,Margherita Pizza 1843,Main Course,143.84
1844,44,Farmhouse Pizza 1844,Combo,268.39
1845,45,Paneer Biryani 1845,Main Course,147.09
1846,46,Margherita Pizza 1846,Combo,594.49
1847,47,Veg Fried Rice 1847,Starter,412.25
1848,48,Chicken Curry 1848,Dessert,146.94
1849,49,Cold Coffee 1849,Beverage,613.4
1850,50,Farmhouse Pizza 1850,Dessert,85.96
1851,51,Paneer Tikka 1851,Beverage,154.23
1852,52,Paneer Tikka 1852,Starter,492.62
1853,53,Idli 1853,Beverage,534.28
1854,54,Burger 1854,Beverage,485.42
1855,55,Brownie 1855,Combo,564.89
1856,56,Chicken Noodles 1856,Main Course,543.09
1857,57,Chicken Noodles 1857,Combo,363.21
1858,58,Chicken Biryani 1858,Combo,461.93
1859,59,Chicken 65 1859,Dessert,437.43
1860,60,Paneer Biryani 1860,Dessert,381.31
1861,61,Cold Coffee 1861,Beverage,239.08
1862,62,Veg Biryani 1862,Starter,497.98
1863,63,Masala Dosa 1863,Combo,423.36
1864,64,Paneer Butter Masala 1864,Beverage,254.9
1865,65,Butter Naan 1865,Dessert,426.24
1866,66,Chicken Curry 1866,Dessert,302.15
1867,67,Veg Biryani 1867,Beverage,256.45
1868,68,Ice Cream 1868,Dessert,527.92
1869,69,Brownie 1869,Dessert,146.53
1870,70,Burger 1870,Combo,123.33
1871,71,Paneer Biryani 1871,Combo,176.21
1872,72,Margherita Pizza 1872,Dessert,447.43
1873,73,Idli 1873,Dessert,344.28
1874,74,French Fries 1874,Dessert,329.75
1875,75,Farmhouse Pizza 1875,Beverage,293.69
1876,76,Veg Fried Rice 1876,Dessert,590.71
1877,77,Gulab Jamun 1877,Starter,446.06
1878,78,Cold Coffee 1878,Main Course,445.14
1879,79,Farmhouse Pizza 1879,Main Course,261.06
1880,80,Margherita Pizza 1880,Beverage,567.33
1881,81,Chicken Fried Rice 1881,Starter,530.95
1882,82,Masala Dosa 1882,Beverage,275.81
1883,83,Chicken Noodles 1883,Combo,340.36
1884,84,Chicken Biryani 1884,Dessert,422.64
1885,85,Brownie 1885,Main Course,351.43
1886,86,Chicken Noodles 1886,Main Course,554.48
1887,87,Cold Coffee 1887,Beverage,272.31
1888,88,Chicken Curry 1888,Main Course,644.88
1889,89,Paneer Biryani 1889,Dessert,191.63
1890,90,Ice Cream 1890,Beverage,139.47
1891,91,Margherita Pizza 1891,Starter,628.08
1892,92,French Fries 1892,Starter,141.81
1893,93,Paneer Butter Masala 1893,Combo,437.02
1894,94,Chicken 65 1894,Dessert,335.24
1895,95,Veg Fried Rice 1895,Beverage,109.79
1896,96,Chicken 65 1896,Beverage,529.23
1897,97,Cold Coffee 1897,Starter,266.11
1898,98,Chicken Fried Rice 1898,Dessert,347.41
1899,99,Cold Coffee 1899,Combo,282.47
1900,100,Vada 1900,Starter,606.17
1901,101,Paneer Tikka 1901,Beverage,600.14
1902,102,Ice Cream 1902,Beverage,203.14
1903,103,Idli 1903,Starter,368.01
1904,104,Veg Fried Rice 1904,Starter,93.49
1905,105,Veg Fried Rice 1905,Main Course,236.86
1906,106,Chicken Biryani 1906,Dessert,246.77
1907,107,French Fries 1907,Dessert,103.92
1908,108,Paneer Butter Masala 1908,Dessert,274.06
1909,109,Gulab Jamun 1909,Main Course,623.76
1910,110,Fresh Lime Soda 1910,Main Course,492.78
1911,111,Farmhouse Pizza 1911,Dessert,319.04
1912,112,Momos 1912,Dessert,337.31
1913,113,Butter Naan 1913,Dessert,177.04
1914,114,Veg Biryani 1914,Main Course,406.94
1915,115,Paneer Butter Masala 1915,Main Course,498.81
1916,116,Vada 1916,Dessert,490.78
1917,117,Momos 1917,Starter,529.86
1918,118,Veg Biryani 1918,Beverage,497.51
1919,119,Veg Noodles 1919,Beverage,103.76
1920,120,French Fries 1920,Dessert,598.93
1921,121,Chicken Fried Rice 1921,Beverage,601.71
1922,122,Farmhouse Pizza 1922,Beverage,235.34
1923,123,Chicken 65 1923,Starter,203.93
1924,124,Masala Dosa 1924,Combo,596.97
1925,125,Paneer Biryani 1925,Main Course,596.12
1926,126,Chicken Biryani 1926,Main Course,533.01
1927,127,Fresh Lime Soda 1927,Starter,98.92
1928,128,French Fries 1928,Dessert,360.25
1929,129,Brownie 1929,Main Course,249.56
1930,130,Veg Noodles 1930,Starter,219.62
1931,131,Paneer Butter Masala 1931,Main Course,556.81
1932,132,Chicken Fried Rice 1932,Dessert,259.58
1933,133,Momos 1933,Dessert,349.48
1934,134,Paneer Butter Masala 1934,Combo,312.41
1935,135,Vada 1935,Combo,325.33
1936,136,Butter Naan 1936,Main Course,621.11
1937,137,Fresh Lime Soda 1937,Starter,234.18
1938,138,Paneer Butter Masala 1938,Starter,98.7
1939,139,Veg Biryani 1939,Beverage,203.68
1940,140,Fresh Lime Soda 1940,Main Course,611.11
1941,141,Chicken Noodles 1941,Starter,174.6
1942,142,Burger 1942,Dessert,224.66
1943,143,Momos 1943,Beverage,600.14
1944,144,French Fries 1944,Starter,498.31
1945,145,Margherita Pizza 1945,Beverage,173.7
1946,146,Brownie 1946,Dessert,98.8
1947,147,Margherita Pizza 1947,Dessert,641.15
1948,148,Gulab Jamun 1948,Dessert,460.58
1949,149,Farmhouse Pizza 1949,Dessert,624.59
1950,150,Farmhouse Pizza 1950,Combo,112.69
1951,151,Chicken Fried Rice 1951,Main Course,539.73
1952,152,Veg Biryani 1952,Beverage,178.11
1953,153,French Fries 1953,Starter,618.64
1954,154,Farmhouse Pizza 1954,Starter,287.54
1955,155,Paneer Butter Masala 1955,Starter,199.91
1956,156,Margherita Pizza 1956,Beverage,105.21
1957,157,Idli 1957,Combo,537.08
1958,158,Paneer Tikka 1958,Starter,438.63
1959,159,Masala Dosa 1959,Beverage,393.65
1960,160,Momos 1960,Dessert,392.87
1961,161,Veg Noodles 1961,Main Course,238.88
1962,162,Chicken Fried Rice 1962,Starter,318.33
1963,163,Paneer Tikka 1963,Beverage,265.18
1964,164,Idli 1964,Starter,346.24
1965,165,Butter Naan 1965,Starter,455.45
1966,166,French Fries 1966,Dessert,111.74
1967,167,Chicken Fried Rice 1967,Beverage,462.09
1968,168,Paneer Biryani 1968,Dessert,429.21
1969,169,Brownie 1969,Main Course,257.77
1970,170,Fresh Lime Soda 1970,Dessert,121.53
1971,171,Veg Fried Rice 1971,Combo,568.66
1972,172,Fresh Lime Soda 1972,Beverage,230.22
1973,173,Paneer Biryani 1973,Combo,506.49
1974,174,Ice Cream 1974,Beverage,193.09
1975,175,Chicken Noodles 1975,Main Course,175.17
1976,176,Fresh Lime Soda 1976,Dessert,341.29
1977,177,Veg Biryani 1977,Beverage,86.05
1978,178,Vada 1978,Dessert,523.75
1979,179,Paneer Butter Masala 1979,Starter,621.12
1980,180,Paneer Butter Masala 1980,Beverage,306.28
1981,181,Masala Dosa 1981,Beverage,639.83
1982,182,Paneer Tikka 1982,Main Course,247.64
1983,183,Ice Cream 1983,Beverage,577.22
1984,184,Paneer Biryani 1984,Combo,418.1
1985,185,Paneer Tikka 1985,Beverage,509.06
1986,186,Brownie 1986,Starter,180.29
1987,187,Paneer Butter Masala 1987,Dessert,356.57
1988,188,Paneer Biryani 1988,Main Course,123.85
1989,189,Margherita Pizza 1989,Combo,271.97
1990,190,Paneer Butter Masala 1990,Beverage,423.59
1991,191,Paneer Butter Masala 1991,Dessert,181.77
1992,192,French Fries 1992,Main Course,311.09
1993,193,Idli 1993,Starter,514.77
1994,194,Veg Fried Rice 1994,Combo,160.96
1995,195,Chicken 65 1995,Starter,391.38
1996,196,Paneer Biryani 1996,Combo,332.56
1997,197,Margherita Pizza 1997,Dessert,129.38
1998,198,Paneer Tikka 1998,Beverage,467.39
1999,199,Paneer Butter Masala 1999,Starter,461.84
2000,200,Chicken 65 2000,Combo,591.94
2001,201,Farmhouse Pizza 2001,Starter,328.52
2002,202,Chicken Biryani 2002,Dessert,413.62
2003,203,Chicken Curry 2003,Starter,648.34
2004,204,Idli 2004,Main Course,372.85
2005,205,Brownie 2005,Starter,348.99
2006,206,Chicken Curry 2006,Dessert,564.66
2007,207,Chicken Fried Rice 2007,Beverage,554.93
2008,208,French Fries 2008,Starter,565.58
2009,209,Veg Noodles 2009,Combo,311.31
2010,210,Cold Coffee 2010,Combo,93.45
2011,211,Chicken Biryani 2011,Dessert,415.64
2012,212,Veg Noodles 2012,Beverage,215.99
2013,213,Chicken Biryani 2013,Main Course,186.26
2014,214,Veg Fried Rice 2014,Dessert,649.3
2015,215,Chicken Biryani 2015,Combo,194.98
2016,216,Veg Noodles 2016,Main Course,240.12
2017,217,Chicken Biryani 2017,Combo,168.57
2018,218,Veg Biryani 2018,Starter,590.03
2019,219,Chicken Noodles 2019,Main Course,230.97
2020,220,Fresh Lime Soda 2020,Main Course,203.07
2021,221,Margherita Pizza 2021,Beverage,336.26
2022,222,Paneer Butter Masala 2022,Dessert,551.86
2023,223,Butter Naan 2023,Combo,179.99
2024,224,Veg Fried Rice 2024,Dessert,643.94
2025,225,Gulab Jamun 2025,Combo,434.6
2026,226,French Fries 2026,Beverage,228.22
2027,227,Margherita Pizza 2027,Dessert,502.61
2028,228,Veg Fried Rice 2028,Combo,220.44
2029,229,Brownie 2029,Starter,615.74
2030,230,Brownie 2030,Combo,577.13
2031,231,Farmhouse Pizza 2031,Starter,160.55
2032,232,Idli 2032,Main Course,467.06
2033,233,Paneer Butter Masala 2033,Combo,128.72
2034,234,Momos 2034,Beverage,428.68
2035,235,Chicken Fried Rice 2035,Dessert,604.5
2036,236,Fresh Lime Soda 2036,Combo,94.51
2037,237,Farmhouse Pizza 2037,Main Course,421.89
2038,238,Burger 2038,Main Course,229.78
2039,239,Momos 2039,Starter,211.74
2040,240,Brownie 2040,Starter,329.43
2041,241,Masala Dosa 2041,Beverage,267.71
2042,242,Veg Fried Rice 2042,Starter,355.83
2043,243,Momos 2043,Beverage,157.57
2044,244,Margherita Pizza 2044,Starter,534.44
2045,245,Gulab Jamun 2045,Dessert,182.29
2046,246,Veg Fried Rice 2046,Main Course,536.26
2047,247,Chicken 65 2047,Starter,163.22
2048,248,Veg Biryani 2048,Main Course,303.64
2049,249,French Fries 2049,Starter,523.07
2050,250,Paneer Butter Masala 2050,Combo,611.44
2051,251,Chicken Noodles 2051,Beverage,286.05
2052,252,Paneer Biryani 2052,Dessert,272.8
2053,253,Gulab Jamun 2053,Main Course,320.59
2054,254,Burger 2054,Dessert,178.89
2055,255,Idli 2055,Combo,526.46
2056,256,Chicken Fried Rice 2056,Starter,193.6
2057,257,Veg Noodles 2057,Dessert,543.61
2058,258,Chicken Biryani 2058,Beverage,551.93
2059,259,Vada 2059,Starter,445.6
2060,260,Paneer Tikka 2060,Dessert,504.01
2061,261,Margherita Pizza 2061,Main Course,636.42
2062,262,Paneer Biryani 2062,Combo,128.86
2063,263,Veg Fried Rice 2063,Main Course,338.48
2064,264,Chicken Curry 2064,Combo,147.65
2065,265,Gulab Jamun 2065,Main Course,386.28
2066,266,Paneer Tikka 2066,Beverage,608.06
2067,267,Veg Biryani 2067,Dessert,614.24
2068,268,Veg Noodles 2068,Combo,476.18
2069,269,Farmhouse Pizza 2069,Beverage,648.23
2070,270,Paneer Biryani 2070,Dessert,341.13
2071,271,Brownie 2071,Dessert,449.82
2072,272,Chicken 65 2072,Beverage,433.43
2073,273,Ice Cream 2073,Combo,122.88
2074,274,Momos 2074,Dessert,648.97
2075,275,Veg Noodles 2075,Combo,332.41
2076,276,Veg Biryani 2076,Starter,158.61
2077,277,Paneer Tikka 2077,Beverage,640.56
2078,278,French Fries 2078,Combo,531.99
2079,279,Chicken 65 2079,Main Course,563.1
2080,280,Butter Naan 2080,Dessert,459.98
2081,281,Brownie 2081,Beverage,192.35
2082,282,Fresh Lime Soda 2082,Beverage,635.09
2083,283,Idli 2083,Combo,139.04
2084,284,Veg Noodles 2084,Starter,325.0
2085,285,Chicken Fried Rice 2085,Dessert,346.71
2086,286,Ice Cream 2086,Beverage,483.68
2087,287,Masala Dosa 2087,Starter,183.23
2088,288,Chicken Fried Rice 2088,Starter,467.44
2089,289,Veg Fried Rice 2089,Main Course,541.75
2090,290,French Fries 2090,Dessert,189.33
2091,291,Farmhouse Pizza 2091,Main Course,460.85
2092,292,Fresh Lime Soda 2092,Combo,96.11
2093,293,Butter Naan 2093,Beverage,332.94
2094,294,Chicken Fried Rice 2094,Dessert,266.2
2095,295,Veg Biryani 2095,Starter,416.83
2096,296,Chicken 65 2096,Combo,214.75
2097,297,Burger 2097,Beverage,88.4
2098,298,Brownie 2098,Starter,214.04
2099,299,Margherita Pizza 2099,Main Course,93.91
2100,300,Vada 2100,Starter,499.55
2101,1,Vada 2101,Main Course,630.2
2102,2,Vada 2102,Dessert,497.16
2103,3,Fresh Lime Soda 2103,Beverage,647.85
2104,4,Paneer Biryani 2104,Dessert,628.93
2105,5,Momos 2105,Main Course,589.48
2106,6,Paneer Tikka 2106,Starter,609.97
2107,7,Chicken Curry 2107,Beverage,228.88
2108,8,Cold Coffee 2108,Main Course,479.9
2109,9,Masala Dosa 2109,Starter,218.57
2110,10,Cold Coffee 2110,Combo,618.66
2111,11,Paneer Butter Masala 2111,Beverage,252.54
2112,12,Margherita Pizza 2112,Dessert,390.37
2113,13,Veg Fried Rice 2113,Starter,98.59
2114,14,Burger 2114,Starter,404.68
2115,15,Cold Coffee 2115,Combo,594.33
2116,16,Masala Dosa 2116,Beverage,520.32
2117,17,Gulab Jamun 2117,Main Course,179.02
2118,18,Farmhouse Pizza 2118,Beverage,277.55
2119,19,Chicken Fried Rice 2119,Combo,318.04
2120,20,Fresh Lime Soda 2120,Main Course,511.22
2121,21,Fresh Lime Soda 2121,Combo,633.96
2122,22,Veg Noodles 2122,Starter,290.41
2123,23,Idli 2123,Combo,424.88
2124,24,Chicken Fried Rice 2124,Beverage,263.68
2125,25,Brownie 2125,Dessert,273.07
2126,26,Chicken Curry 2126,Starter,604.77
2127,27,Veg Noodles 2127,Main Course,528.41
2128,28,Veg Noodles 2128,Dessert,474.63
2129,29,Paneer Tikka 2129,Main Course,325.71
2130,30,Veg Noodles 2130,Main Course,261.67
2131,31,Butter Naan 2131,Starter,338.02
2132,32,Chicken Biryani 2132,Dessert,508.83
2133,33,Gulab Jamun 2133,Starter,298.06
2134,34,Paneer Biryani 2134,Starter,363.95
2135,35,Masala Dosa 2135,Dessert,82.31
2136,36,Momos 2136,Beverage,629.06
2137,37,Paneer Biryani 2137,Starter,141.57
2138,38,Farmhouse Pizza 2138,Combo,252.47
2139,39,Chicken Biryani 2139,Dessert,434.42
2140,40,Chicken Noodles 2140,Starter,642.75
2141,41,Veg Noodles 2141,Dessert,641.99
2142,42,Veg Biryani 2142,Beverage,130.77
2143,43,Veg Noodles 2143,Starter,429.33
2144,44,Paneer Biryani 2144,Combo,510.87
2145,45,Chicken Fried Rice 2145,Dessert,586.66
2146,46,Burger 2146,Dessert,258.71
2147,47,Gulab Jamun 2147,Combo,299.52
2148,48,Masala Dosa 2148,Dessert,629.81
2149,49,Chicken Biryani 2149,Main Course,426.29
2150,50,Veg Fried Rice 2150,Beverage,276.38
2151,51,Chicken Fried Rice 2151,Dessert,635.46
2152,52,Vada 2152,Main Course,228.48
2153,53,Chicken Fried Rice 2153,Dessert,143.95
2154,54,Gulab Jamun 2154,Starter,388.66
2155,55,Brownie 2155,Beverage,107.85
2156,56,Momos 2156,Dessert,151.65
2157,57,Paneer Tikka 2157,Dessert,271.69
2158,58,Chicken 65 2158,Dessert,318.35
2159,59,French Fries 2159,Main Course,411.67
2160,60,Paneer Biryani 2160,Beverage,153.83
2161,61,Fresh Lime Soda 2161,Main Course,431.41
2162,62,Paneer Tikka 2162,Starter,312.95
2163,63,Brownie 2163,Main Course,204.3
2164,64,Vada 2164,Beverage,171.46
2165,65,Ice Cream 2165,Combo,186.04
2166,66,Chicken Fried Rice 2166,Starter,164.68
2167,67,Momos 2167,Dessert,357.13
2168,68,Chicken Curry 2168,Beverage,195.52
2169,69,Chicken 65 2169,Combo,478.59
2170,70,Fresh Lime Soda 2170,Beverage,432.03
2171,71,Chicken Fried Rice 2171,Combo,344.05
2172,72,Ice Cream 2172,Dessert,313.3
2173,73,Farmhouse Pizza 2173,Beverage,371.73
2174,74,Paneer Tikka 2174,Combo,164.38
2175,75,Vada 2175,Beverage,209.15
2176,76,Gulab Jamun 2176,Dessert,191.8
2177,77,Paneer Tikka 2177,Starter,366.48
2178,78,Chicken Fried Rice 2178,Main Course,343.03
2179,79,Chicken Fried Rice 2179,Dessert,291.42
2180,80,Chicken Curry 2180,Beverage,420.27
2181,81,Vada 2181,Beverage,637.02
2182,82,Momos 2182,Beverage,607.39
2183,83,Veg Biryani 2183,Dessert,459.32
2184,84,Farmhouse Pizza 2184,Combo,272.02
2185,85,Ice Cream 2185,Starter,425.94
2186,86,Burger 2186,Dessert,214.22
2187,87,Veg Biryani 2187,Combo,407.03
2188,88,Chicken Noodles 2188,Starter,376.69
2189,89,Vada 2189,Beverage,149.2
2190,90,French Fries 2190,Starter,479.46
2191,91,Ice Cream 2191,Combo,250.55
2192,92,Butter Naan 2192,Main Course,257.97
2193,93,French Fries 2193,Main Course,230.09
2194,94,Paneer Biryani 2194,Beverage,223.89
2195,95,Brownie 2195,Main Course,410.48
2196,96,Chicken Noodles 2196,Dessert,163.81
2197,97,Veg Fried Rice 2197,Combo,623.76
2198,98,Chicken 65 2198,Dessert,229.17
2199,99,Idli 2199,Main Course,620.63
2200,100,Chicken 65 2200,Starter,504.42
2201,101,Gulab Jamun 2201,Dessert,442.87
2202,102,Chicken Noodles 2202,Main Course,194.6
2203,103,Masala Dosa 2203,Dessert,325.67
2204,104,Butter Naan 2204,Main Course,629.89
2205,105,Fresh Lime Soda 2205,Dessert,405.09
2206,106,Momos 2206,Dessert,262.67
2207,107,Fresh Lime Soda 2207,Main Course,412.18
2208,108,Paneer Tikka 2208,Beverage,516.94
2209,109,Chicken Fried Rice 2209,Combo,564.97
2210,110,Chicken Biryani 2210,Dessert,176.66
2211,111,Butter Naan 2211,Beverage,621.85
2212,112,Veg Noodles 2212,Main Course,286.65
2213,113,Veg Biryani 2213,Beverage,147.46
2214,114,Brownie 2214,Main Course,364.44
2215,115,Farmhouse Pizza 2215,Starter,401.25
2216,116,Veg Fried Rice 2216,Main Course,414.9
2217,117,Vada 2217,Main Course,511.53
2218,118,Chicken Curry 2218,Combo,96.18
2219,119,Paneer Butter Masala 2219,Combo,472.31
2220,120,Veg Biryani 2220,Main Course,526.34
2221,121,Paneer Biryani 2221,Beverage,331.49
2222,122,Fresh Lime Soda 2222,Dessert,180.6
2223,123,French Fries 2223,Main Course,483.73
2224,124,Chicken 65 2224,Beverage,152.13
2225,125,Margherita Pizza 2225,Combo,187.04
2226,126,Momos 2226,Main Course,223.9
2227,127,Margherita Pizza 2227,Beverage,353.65
2228,128,Ice Cream 2228,Beverage,258.59
2229,129,Burger 2229,Beverage,241.63
2230,130,Paneer Tikka 2230,Starter,191.48
2231,131,Butter Naan 2231,Combo,390.1
2232,132,Idli 2232,Dessert,275.31
2233,133,French Fries 2233,Main Course,198.09
2234,134,Idli 2234,Combo,193.9
2235,135,Veg Biryani 2235,Combo,158.59
2236,136,Paneer Biryani 2236,Starter,103.45
2237,137,Veg Noodles 2237,Main Course,311.18
2238,138,Ice Cream 2238,Beverage,457.04
2239,139,Brownie 2239,Beverage,538.59
2240,140,Veg Biryani 2240,Starter,288.7
2241,141,Brownie 2241,Combo,218.56
2242,142,Idli 2242,Main Course,630.16
2243,143,Fresh Lime Soda 2243,Dessert,501.39
2244,144,Cold Coffee 2244,Starter,196.22
2245,145,Gulab Jamun 2245,Starter,613.12
2246,146,Gulab Jamun 2246,Main Course,625.56
2247,147,Gulab Jamun 2247,Dessert,143.29
2248,148,Brownie 2248,Starter,554.22
2249,149,Chicken Fried Rice 2249,Combo,170.97
2250,150,Paneer Tikka 2250,Main Course,584.2
2251,151,Fresh Lime Soda 2251,Starter,404.32
2252,152,Butter Naan 2252,Main Course,381.01
2253,153,Paneer Tikka 2253,Dessert,645.1
2254,154,Fresh Lime Soda 2254,Combo,144.69
2255,155,Paneer Biryani 2255,Main Course,390.1
2256,156,Veg Biryani 2256,Starter,607.5
2257,157,Butter Naan 2257,Combo,397.55
2258,158,Paneer Tikka 2258,Combo,467.56
2259,159,Chicken Biryani 2259,Starter,534.72
2260,160,Fresh Lime Soda 2260,Beverage,336.35
2261,161,Vada 2261,Starter,525.93
2262,162,Veg Noodles 2262,Beverage,234.15
2263,163,Paneer Biryani 2263,Main Course,425.26
2264,164,Fresh Lime Soda 2264,Starter,278.75
2265,165,Ice Cream 2265,Dessert,475.56
2266,166,Farmhouse Pizza 2266,Dessert,221.94
2267,167,French Fries 2267,Dessert,172.65
2268,168,Chicken Biryani 2268,Starter,211.98
2269,169,Gulab Jamun 2269,Beverage,631.67
2270,170,Veg Fried Rice 2270,Main Course,208.52
2271,171,Margherita Pizza 2271,Beverage,435.13
2272,172,Masala Dosa 2272,Beverage,85.71
2273,173,Veg Biryani 2273,Combo,446.34
2274,174,Cold Coffee 2274,Starter,434.6
2275,175,Chicken 65 2275,Dessert,158.91
2276,176,Paneer Tikka 2276,Combo,217.67
2277,177,Vada 2277,Starter,408.5
2278,178,Cold Coffee 2278,Main Course,94.0
2279,179,Gulab Jamun 2279,Dessert,209.09
2280,180,Chicken Curry 2280,Combo,185.06
2281,181,Paneer Tikka 2281,Beverage,547.42
2282,182,Ice Cream 2282,Beverage,387.94
2283,183,Veg Biryani 2283,Starter,474.58
2284,184,French Fries 2284,Dessert,302.99
2285,185,Momos 2285,Combo,481.46
2286,186,Butter Naan 2286,Combo,286.45
2287,187,Chicken 65 2287,Beverage,501.27
2288,188,Chicken Biryani 2288,Main Course,80.92
2289,189,Chicken Fried Rice 2289,Beverage,466.78
2290,190,Idli 2290,Beverage,393.82
2291,191,Idli 2291,Dessert,418.94
2292,192,Chicken Biryani 2292,Dessert,234.48
2293,193,Chicken 65 2293,Main Course,535.17
2294,194,Gulab Jamun 2294,Combo,567.62
2295,195,Chicken Noodles 2295,Main Course,634.9
2296,196,Fresh Lime Soda 2296,Starter,176.93
2297,197,Brownie 2297,Dessert,340.07
2298,198,Momos 2298,Combo,111.15
2299,199,Chicken 65 2299,Beverage,506.48
2300,200,Cold Coffee 2300,Combo,614.78
2301,201,Farmhouse Pizza 2301,Starter,407.28
2302,202,Chicken Biryani 2302,Starter,180.29
2303,203,Gulab Jamun 2303,Beverage,140.32
2304,204,Veg Biryani 2304,Starter,444.75
2305,205,Veg Fried Rice 2305,Combo,514.31
2306,206,Veg Biryani 2306,Starter,598.19
2307,207,Momos 2307,Dessert,178.22
2308,208,Vada 2308,Dessert,266.24
2309,209,Chicken 65 2309,Main Course,168.78
2310,210,Chicken Curry 2310,Dessert,111.83
2311,211,Veg Biryani 2311,Dessert,514.7
2312,212,Veg Noodles 2312,Starter,198.47
2313,213,Chicken Biryani 2313,Starter,170.27
2314,214,Chicken Fried Rice 2314,Dessert,300.66
2315,215,Veg Noodles 2315,Combo,435.11
2316,216,Paneer Butter Masala 2316,Main Course,596.48
2317,217,Margherita Pizza 2317,Beverage,318.2
2318,218,Chicken Fried Rice 2318,Starter,202.03
2319,219,Chicken 65 2319,Combo,587.62
2320,220,Chicken 65 2320,Combo,180.94
2321,221,Momos 2321,Beverage,628.31
2322,222,Chicken 65 2322,Dessert,170.98
2323,223,French Fries 2323,Starter,420.82
2324,224,Brownie 2324,Beverage,561.64
2325,225,Veg Biryani 2325,Combo,590.82
2326,226,French Fries 2326,Beverage,578.64
2327,227,Paneer Biryani 2327,Beverage,364.12
2328,228,Chicken Curry 2328,Dessert,323.73
2329,229,Chicken Curry 2329,Dessert,513.68
2330,230,Gulab Jamun 2330,Starter,278.84
2331,231,Veg Noodles 2331,Beverage,518.7
2332,232,Chicken 65 2332,Combo,324.19
2333,233,Idli 2333,Dessert,329.07
2334,234,French Fries 2334,Beverage,592.23
2335,235,Vada 2335,Dessert,357.08
2336,236,Chicken Biryani 2336,Beverage,147.04
2337,237,Veg Noodles 2337,Beverage,616.41
2338,238,Veg Biryani 2338,Dessert,344.46
2339,239,Brownie 2339,Combo,315.73
2340,240,Masala Dosa 2340,Beverage,117.97
2341,241,Chicken 65 2341,Combo,445.46
2342,242,Vada 2342,Combo,158.29
2343,243,Vada 2343,Dessert,366.76
2344,244,Chicken Biryani 2344,Beverage,577.37
2345,245,Veg Noodles 2345,Beverage,295.41
2346,246,Momos 2346,Dessert,431.88
2347,247,Veg Biryani 2347,Combo,106.85
2348,248,Ice Cream 2348,Beverage,472.53
2349,249,Veg Noodles 2349,Main Course,474.79
2350,250,Cold Coffee 2350,Dessert,205.61
2351,251,Gulab Jamun 2351,Starter,367.58
2352,252,Veg Biryani 2352,Beverage,138.26
2353,253,Veg Fried Rice 2353,Dessert,268.24
2354,254,Cold Coffee 2354,Starter,95.73
2355,255,Momos 2355,Starter,182.89
2356,256,Paneer Butter Masala 2356,Main Course,185.13
2357,257,Ice Cream 2357,Starter,399.81
2358,258,Paneer Butter Masala 2358,Combo,545.7
2359,259,Brownie 2359,Beverage,231.31
2360,260,Paneer Tikka 2360,Starter,591.88
2361,261,Paneer Tikka 2361,Starter,264.78
2362,262,Brownie 2362,Main Course,585.51
2363,263,Idli 2363,Combo,344.5
2364,264,French Fries 2364,Dessert,439.13
2365,265,Vada 2365,Main Course,154.99
2366,266,Momos 2366,Beverage,237.21
2367,267,Ice Cream 2367,Combo,421.03
2368,268,Brownie 2368,Combo,258.49
2369,269,Cold Coffee 2369,Starter,268.95
2370,270,Fresh Lime Soda 2370,Beverage,405.17
2371,271,Cold Coffee 2371,Combo,469.03
2372,272,Ice Cream 2372,Main Course,326.96
2373,273,Chicken 65 2373,Starter,618.07
2374,274,Ice Cream 2374,Combo,486.02
2375,275,Veg Fried Rice 2375,Starter,393.57
2376,276,Margherita Pizza 2376,Beverage,125.13
2377,277,Chicken Biryani 2377,Combo,475.01
2378,278,Paneer Biryani 2378,Combo,131.19
2379,279,Fresh Lime Soda 2379,Beverage,509.82
2380,280,Chicken Noodles 2380,Starter,516.7
2381,281,Chicken Fried Rice 2381,Main Course,243.66
2382,282,Momos 2382,Dessert,216.13
2383,283,Veg Noodles 2383,Main Course,401.78
2384,284,Momos 2384,Main Course,609.71
2385,285,Veg Biryani 2385,Beverage,461.59
2386,286,Idli 2386,Beverage,424.94
2387,287,Paneer Tikka 2387,Main Course,432.52
2388,288,Chicken Noodles 2388,Beverage,115.11
2389,289,Gulab Jamun 2389,Beverage,431.69
2390,290,Chicken 65 2390,Combo,198.52
2391,291,Fresh Lime Soda 2391,Beverage,283.84
2392,292,Brownie 2392,Beverage,175.78
2393,293,Chicken Biryani 2393,Beverage,172.86
2394,294,Fresh Lime Soda 2394,Combo,595.76
2395,295,Paneer Biryani 2395,Combo,186.57
2396,296,Cold Coffee 2396,Dessert,262.71
2397,297,French Fries 2397,Main Course,554.9
2398,298,Burger 2398,Dessert,179.22
2399,299,Vada 2399,Main Course,482.47
2400,300,Idli 2400,Main Course,270.72
2401,1,Chicken Fried Rice 2401,Combo,107.45
2402,2,Chicken Curry 2402,Dessert,290.71
2403,3,Chicken Noodles 2403,Dessert,639.39
2404,4,Chicken Noodles 2404,Combo,647.33
2405,5,Fresh Lime Soda 2405,Main Course,642.56
2406,6,Fresh Lime Soda 2406,Dessert,132.83
2407,7,Fresh Lime Soda 2407,Dessert,414.57
2408,8,Chicken Fried Rice 2408,Starter,513.45
2409,9,Chicken Fried Rice 2409,Starter,545.77
2410,10,Masala Dosa 2410,Combo,196.84
2411,11,Momos 2411,Beverage,637.61
2412,12,Chicken 65 2412,Combo,552.97
2413,13,Burger 2413,Starter,356.1
2414,14,Brownie 2414,Main Course,475.11
2415,15,French Fries 2415,Combo,562.53
2416,16,Veg Fried Rice 2416,Dessert,421.46
2417,17,Fresh Lime Soda 2417,Main Course,547.76
2418,18,Paneer Tikka 2418,Combo,463.51
2419,19,Masala Dosa 2419,Combo,96.32
2420,20,Chicken Biryani 2420,Combo,447.65
2421,21,Margherita Pizza 2421,Dessert,150.92
2422,22,Chicken Biryani 2422,Starter,485.64
2423,23,Chicken 65 2423,Main Course,455.07
2424,24,Chicken Biryani 2424,Combo,514.8
2425,25,Masala Dosa 2425,Beverage,645.84
2426,26,Gulab Jamun 2426,Dessert,412.62
2427,27,Vada 2427,Dessert,197.13
2428,28,Masala Dosa 2428,Combo,228.97
2429,29,Chicken Curry 2429,Combo,277.27
2430,30,Cold Coffee 2430,Dessert,194.25
2431,31,Margherita Pizza 2431,Beverage,403.24
2432,32,Farmhouse Pizza 2432,Beverage,417.59
2433,33,Paneer Biryani 2433,Starter,497.46
2434,34,Brownie 2434,Dessert,587.64
2435,35,Farmhouse Pizza 2435,Dessert,576.3
2436,36,Chicken Fried Rice 2436,Combo,374.04
2437,37,Cold Coffee 2437,Main Course,148.39
2438,38,Butter Naan 2438,Starter,533.93
2439,39,Momos 2439,Beverage,580.13
2440,40,Paneer Butter Masala 2440,Starter,195.16
2441,41,Masala Dosa 2441,Starter,174.86
2442,42,Paneer Biryani 2442,Dessert,87.1
2443,43,Chicken Noodles 2443,Main Course,162.39
2444,44,Farmhouse Pizza 2444,Dessert,519.97
2445,45,Veg Noodles 2445,Starter,220.04
2446,46,Farmhouse Pizza 2446,Dessert,512.89
2447,47,Momos 2447,Main Course,559.76
2448,48,Brownie 2448,Main Course,189.43
2449,49,Paneer Butter Masala 2449,Starter,499.73
2450,50,Farmhouse Pizza 2450,Starter,183.2
2451,51,Veg Biryani 2451,Beverage,240.7
2452,52,Idli 2452,Starter,571.07
2453,53,Chicken Fried Rice 2453,Combo,359.76
2454,54,Ice Cream 2454,Combo,135.91
2455,55,Masala Dosa 2455,Combo,281.36
2456,56,Chicken Fried Rice 2456,Main Course,536.69
2457,57,Veg Fried Rice 2457,Beverage,645.23
2458,58,French Fries 2458,Main Course,88.47
2459,59,Cold Coffee 2459,Starter,371.39
2460,60,Paneer Butter Masala 2460,Starter,236.75
2461,61,Chicken Fried Rice 2461,Dessert,104.92
2462,62,Chicken Fried Rice 2462,Combo,536.41
2463,63,Cold Coffee 2463,Starter,565.55
2464,64,Chicken Fried Rice 2464,Starter,361.82
2465,65,Fresh Lime Soda 2465,Beverage,199.48
2466,66,Veg Biryani 2466,Starter,642.57
2467,67,Veg Biryani 2467,Beverage,501.15
2468,68,Margherita Pizza 2468,Combo,177.22
2469,69,Gulab Jamun 2469,Main Course,363.87
2470,70,Butter Naan 2470,Starter,605.39
2471,71,Farmhouse Pizza 2471,Main Course,212.61
2472,72,Farmhouse Pizza 2472,Starter,513.23
2473,73,Veg Biryani 2473,Main Course,438.06
2474,74,Vada 2474,Starter,429.52
2475,75,Gulab Jamun 2475,Dessert,431.27
2476,76,Burger 2476,Beverage,649.59
2477,77,Paneer Tikka 2477,Starter,126.36
2478,78,Paneer Tikka 2478,Dessert,84.95
2479,79,Veg Biryani 2479,Dessert,173.55
2480,80,Farmhouse Pizza 2480,Starter,618.66
2481,81,Veg Fried Rice 2481,Beverage,85.62
2482,82,Ice Cream 2482,Dessert,326.64
2483,83,Brownie 2483,Beverage,460.66
2484,84,Chicken Curry 2484,Dessert,166.85
2485,85,French Fries 2485,Starter,146.27
2486,86,Gulab Jamun 2486,Starter,586.52
2487,87,Vada 2487,Main Course,440.8
2488,88,Chicken Fried Rice 2488,Main Course,216.7
2489,89,Masala Dosa 2489,Combo,294.88
2490,90,Gulab Jamun 2490,Combo,265.95
2491,91,French Fries 2491,Starter,547.31
2492,92,Paneer Biryani 2492,Combo,242.62
2493,93,French Fries 2493,Combo,226.25
2494,94,Masala Dosa 2494,Combo,238.46
2495,95,Momos 2495,Dessert,160.26
2496,96,Idli 2496,Dessert,560.31
2497,97,Fresh Lime Soda 2497,Main Course,244.64
2498,98,Masala Dosa 2498,Beverage,645.23
2499,99,Fresh Lime Soda 2499,Main Course,335.23
2500,100,Chicken 65 2500,Dessert,211.63
2501,101,Masala Dosa 2501,Combo,81.08
2502,102,Masala Dosa 2502,Dessert,265.57
2503,103,Idli 2503,Beverage,227.4
2504,104,Veg Noodles 2504,Beverage,356.44
2505,105,Farmhouse Pizza 2505,Main Course,534.98
2506,106,Brownie 2506,Beverage,171.23
2507,107,Veg Fried Rice 2507,Combo,511.04
2508,108,Burger 2508,Dessert,249.85
2509,109,Vada 2509,Main Course,584.32
2510,110,Momos 2510,Starter,590.19
2511,111,Masala Dosa 2511,Starter,639.28
2512,112,Margherita Pizza 2512,Combo,247.44
2513,113,Paneer Biryani 2513,Starter,615.31
2514,114,Chicken Fried Rice 2514,Starter,522.81
2515,115,Gulab Jamun 2515,Combo,431.95
2516,116,Margherita Pizza 2516,Beverage,228.56
2517,117,Butter Naan 2517,Combo,202.35
2518,118,Margherita Pizza 2518,Dessert,590.41
2519,119,Veg Fried Rice 2519,Dessert,500.55
2520,120,Chicken 65 2520,Beverage,556.43
2521,121,Paneer Butter Masala 2521,Beverage,145.88
2522,122,Vada 2522,Main Course,488.45
2523,123,Farmhouse Pizza 2523,Starter,236.78
2524,124,Chicken Fried Rice 2524,Starter,244.14
2525,125,Veg Fried Rice 2525,Starter,210.86
2526,126,Chicken Noodles 2526,Starter,104.83
2527,127,Idli 2527,Main Course,421.54
2528,128,Chicken 65 2528,Starter,549.17
2529,129,Veg Biryani 2529,Main Course,567.86
2530,130,Butter Naan 2530,Starter,213.8
2531,131,Momos 2531,Combo,458.5
2532,132,Burger 2532,Dessert,614.66
2533,133,Chicken Curry 2533,Starter,624.94
2534,134,Paneer Butter Masala 2534,Main Course,645.57
2535,135,Farmhouse Pizza 2535,Beverage,602.16
2536,136,Chicken Curry 2536,Dessert,288.45
2537,137,Fresh Lime Soda 2537,Combo,588.75
2538,138,Paneer Butter Masala 2538,Dessert,618.19
2539,139,Paneer Butter Masala 2539,Main Course,380.65
2540,140,Masala Dosa 2540,Beverage,581.04
2541,141,Brownie 2541,Main Course,397.36
2542,142,Chicken 65 2542,Combo,401.44
2543,143,Gulab Jamun 2543,Combo,374.06
2544,144,Gulab Jamun 2544,Main Course,380.83
2545,145,Chicken Fried Rice 2545,Combo,433.6
2546,146,Paneer Butter Masala 2546,Combo,148.46
2547,147,Gulab Jamun 2547,Combo,214.03
2548,148,Veg Fried Rice 2548,Main Course,314.69
2549,149,Chicken Curry 2549,Starter,455.07
2550,150,French Fries 2550,Beverage,273.46
2551,151,Idli 2551,Starter,186.92
2552,152,French Fries 2552,Dessert,486.0
2553,153,Ice Cream 2553,Combo,333.54
2554,154,Cold Coffee 2554,Main Course,234.12
2555,155,French Fries 2555,Starter,185.59
2556,156,Veg Fried Rice 2556,Beverage,521.85
2557,157,Cold Coffee 2557,Main Course,573.57
2558,158,Momos 2558,Main Course,467.99
2559,159,Ice Cream 2559,Dessert,208.23
2560,160,Paneer Tikka 2560,Starter,206.28
2561,161,Idli 2561,Starter,82.17
2562,162,Farmhouse Pizza 2562,Dessert,515.99
2563,163,Paneer Butter Masala 2563,Beverage,225.06
2564,164,Farmhouse Pizza 2564,Starter,558.24
2565,165,Brownie 2565,Main Course,605.99
2566,166,Chicken Fried Rice 2566,Starter,127.63
2567,167,Paneer Butter Masala 2567,Beverage,362.58
2568,168,Burger 2568,Combo,326.05
2569,169,Momos 2569,Main Course,108.41
2570,170,Idli 2570,Main Course,404.27
2571,171,Farmhouse Pizza 2571,Starter,348.33
2572,172,Paneer Butter Masala 2572,Beverage,245.8
2573,173,Momos 2573,Beverage,180.59
2574,174,Veg Biryani 2574,Dessert,298.82
2575,175,French Fries 2575,Main Course,282.73
2576,176,Burger 2576,Starter,128.6
2577,177,Ice Cream 2577,Combo,344.2
2578,178,Farmhouse Pizza 2578,Combo,283.4
2579,179,Veg Noodles 2579,Dessert,284.22
2580,180,Veg Biryani 2580,Main Course,581.16
2581,181,Veg Biryani 2581,Main Course,292.29
2582,182,Idli 2582,Main Course,508.31
2583,183,Chicken Noodles 2583,Dessert,302.22
2584,184,Chicken Fried Rice 2584,Starter,206.7
2585,185,Paneer Tikka 2585,Starter,273.52
2586,186,Margherita Pizza 2586,Beverage,132.5
2587,187,Veg Biryani 2587,Main Course,202.9
2588,188,Veg Noodles 2588,Combo,278.82
2589,189,Idli 2589,Starter,413.78
2590,190,Margherita Pizza 2590,Starter,392.75
2591,191,Chicken Noodles 2591,Main Course,504.7
2592,192,Burger 2592,Beverage,537.1
2593,193,Chicken 65 2593,Combo,122.48
2594,194,Paneer Tikka 2594,Starter,570.76
2595,195,Paneer Butter Masala 2595,Main Course,179.2
2596,196,Paneer Biryani 2596,Combo,170.59
2597,197,Veg Noodles 2597,Starter,639.93
2598,198,Margherita Pizza 2598,Starter,268.22
2599,199,Chicken Fried Rice 2599,Main Course,159.43
2600,200,Fresh Lime Soda 2600,Combo,612.51
2601,201,Brownie 2601,Starter,624.37
2602,202,Brownie 2602,Main Course,110.05
2603,203,Paneer Tikka 2603,Starter,212.51
2604,204,Chicken Biryani 2604,Beverage,101.12
2605,205,Chicken Noodles 2605,Beverage,397.49
2606,206,Paneer Butter Masala 2606,Beverage,171.24
2607,207,Veg Fried Rice 2607,Combo,171.04
2608,208,Idli 2608,Dessert,271.9
2609,209,Ice Cream 2609,Beverage,361.76
2610,210,Butter Naan 2610,Main Course,326.52
2611,211,Paneer Biryani 2611,Beverage,291.23
2612,212,Momos 2612,Main Course,197.59
2613,213,Vada 2613,Starter,282.35
2614,214,Brownie 2614,Beverage,170.38
2615,215,Chicken Curry 2615,Dessert,170.75
2616,216,Masala Dosa 2616,Dessert,321.76
2617,217,Paneer Tikka 2617,Starter,175.4
2618,218,Gulab Jamun 2618,Dessert,302.21
2619,219,Margherita Pizza 2619,Beverage,447.09
2620,220,French Fries 2620,Main Course,238.17
2621,221,Chicken 65 2621,Beverage,615.62
2622,222,Ice Cream 2622,Starter,247.72
2623,223,Ice Cream 2623,Starter,474.49
2624,224,Chicken 65 2624,Combo,525.59
2625,225,Masala Dosa 2625,Starter,288.75
2626,226,Momos 2626,Dessert,383.47
2627,227,Paneer Tikka 2627,Beverage,210.76
2628,228,Paneer Biryani 2628,Combo,559.92
2629,229,Cold Coffee 2629,Dessert,102.8
2630,230,Cold Coffee 2630,Starter,245.33
2631,231,Ice Cream 2631,Combo,434.75
2632,232,Butter Naan 2632,Main Course,141.86
2633,233,Veg Biryani 2633,Main Course,278.35
2634,234,Vada 2634,Starter,586.15
2635,235,French Fries 2635,Combo,291.2
2636,236,Paneer Biryani 2636,Main Course,520.18
2637,237,Cold Coffee 2637,Beverage,239.58
2638,238,Paneer Butter Masala 2638,Beverage,82.75
2639,239,Chicken 65 2639,Main Course,465.66
2640,240,Masala Dosa 2640,Starter,559.15
2641,241,Chicken Noodles 2641,Combo,636.17
2642,242,Veg Biryani 2642,Combo,317.06
2643,243,Burger 2643,Main Course,382.8
2644,244,Farmhouse Pizza 2644,Starter,272.89
2645,245,Gulab Jamun 2645,Beverage,588.68
2646,246,Farmhouse Pizza 2646,Starter,323.48
2647,247,Vada 2647,Beverage,441.18
2648,248,Chicken Noodles 2648,Beverage,516.35
2649,249,Chicken Noodles 2649,Combo,402.14
2650,250,Ice Cream 2650,Dessert,228.17
2651,251,Chicken 65 2651,Beverage,605.53
2652,252,Cold Coffee 2652,Combo,449.35
2653,253,Veg Biryani 2653,Beverage,201.41
2654,254,Farmhouse Pizza 2654,Starter,534.44
2655,255,Vada 2655,Dessert,373.62
2656,256,French Fries 2656,Dessert,585.14
2657,257,Farmhouse Pizza 2657,Beverage,115.19
2658,258,Gulab Jamun 2658,Dessert,377.82
2659,259,Cold Coffee 2659,Dessert,597.22
2660,260,Margherita Pizza 2660,Starter,514.89
2661,261,Butter Naan 2661,Main Course,512.84
2662,262,Chicken Fried Rice 2662,Beverage,382.07
2663,263,Burger 2663,Dessert,629.15
2664,264,Farmhouse Pizza 2664,Combo,229.08
2665,265,Chicken Fried Rice 2665,Main Course,562.29
2666,266,Momos 2666,Starter,467.22
2667,267,Paneer Butter Masala 2667,Beverage,315.26
2668,268,Paneer Biryani 2668,Combo,431.64
2669,269,Veg Fried Rice 2669,Dessert,271.64
2670,270,Chicken Curry 2670,Dessert,592.85
2671,271,Chicken Biryani 2671,Main Course,492.6
2672,272,Brownie 2672,Combo,627.97
2673,273,Chicken 65 2673,Combo,445.16
2674,274,Chicken Curry 2674,Beverage,122.03
2675,275,Ice Cream 2675,Combo,562.94
2676,276,Chicken 65 2676,Dessert,111.69
2677,277,Chicken Curry 2677,Starter,103.69
2678,278,Gulab Jamun 2678,Starter,294.47
2679,279,Butter Naan 2679,Main Course,117.11
2680,280,Idli 2680,Dessert,235.95
2681,281,Chicken Fried Rice 2681,Combo,625.94
2682,282,Paneer Butter Masala 2682,Combo,553.82
2683,283,Fresh Lime Soda 2683,Beverage,120.46
2684,284,Veg Biryani 2684,Starter,323.6
2685,285,Vada 2685,Combo,623.19
2686,286,Paneer Tikka 2686,Combo,524.97
2687,287,Butter Naan 2687,Starter,484.22
2688,288,Ice Cream 2688,Combo,588.7
2689,289,Masala Dosa 2689,Main Course,120.38
2690,290,Paneer Biryani 2690,Dessert,124.24
2691,291,Chicken Curry 2691,Main Course,507.74
2692,292,Gulab Jamun 2692,Dessert,95.94
2693,293,Chicken Noodles 2693,Main Course,381.55
2694,294,Veg Noodles 2694,Dessert,416.9
2695,295,Burger 2695,Dessert,351.37
2696,296,Gulab Jamun 2696,Starter,351.21
2697,297,Cold Coffee 2697,Main Course,635.58
2698,298,French Fries 2698,Starter,335.04
2699,299,Momos 2699,Starter,359.49
2700,300,Veg Noodles 2700,Main Course,128.07
2701,1,Chicken Biryani 2701,Dessert,443.24
2702,2,Cold Coffee 2702,Dessert,348.27
2703,3,Veg Biryani 2703,Main Course,418.81
2704,4,Chicken Noodles 2704,Main Course,115.9
2705,5,Chicken Curry 2705,Starter,291.12
2706,6,Fresh Lime Soda 2706,Dessert,297.33
2707,7,Paneer Biryani 2707,Combo,84.95
2708,8,Chicken Fried Rice 2708,Main Course,380.19
2709,9,Vada 2709,Starter,542.14
2710,10,Veg Biryani 2710,Main Course,364.79
2711,11,Chicken Biryani 2711,Main Course,83.52
2712,12,Veg Fried Rice 2712,Starter,155.47
2713,13,Chicken Fried Rice 2713,Starter,480.27
2714,14,Burger 2714,Starter,578.16
2715,15,Momos 2715,Main Course,261.62
2716,16,Brownie 2716,Main Course,149.48
2717,17,Paneer Biryani 2717,Combo,597.94
2718,18,Brownie 2718,Dessert,402.79
2719,19,Masala Dosa 2719,Combo,143.78
2720,20,Paneer Tikka 2720,Dessert,328.73
2721,21,Farmhouse Pizza 2721,Dessert,560.56
2722,22,Veg Biryani 2722,Main Course,240.52
2723,23,Idli 2723,Main Course,126.49
2724,24,Ice Cream 2724,Dessert,210.74
2725,25,Paneer Butter Masala 2725,Combo,165.4
2726,26,Veg Fried Rice 2726,Beverage,143.88
2727,27,Paneer Tikka 2727,Beverage,520.62
2728,28,French Fries 2728,Beverage,368.92
2729,29,Paneer Tikka 2729,Main Course,326.6
2730,30,Veg Fried Rice 2730,Main Course,115.86
2731,31,Margherita Pizza 2731,Main Course,574.55
2732,32,Veg Fried Rice 2732,Beverage,224.32
2733,33,Idli 2733,Combo,302.57
2734,34,Vada 2734,Main Course,634.07
2735,35,Gulab Jamun 2735,Beverage,606.42
2736,36,Paneer Butter Masala 2736,Main Course,561.36
2737,37,Fresh Lime Soda 2737,Starter,602.08
2738,38,Masala Dosa 2738,Combo,108.73
2739,39,Gulab Jamun 2739,Dessert,620.09
2740,40,Momos 2740,Beverage,81.13
2741,41,Paneer Butter Masala 2741,Beverage,160.74
2742,42,Masala Dosa 2742,Starter,318.79
2743,43,Butter Naan 2743,Beverage,182.28
2744,44,Chicken Fried Rice 2744,Dessert,438.73
2745,45,Idli 2745,Combo,332.3
2746,46,Chicken Fried Rice 2746,Starter,167.57
2747,47,Veg Fried Rice 2747,Main Course,308.35
2748,48,Gulab Jamun 2748,Starter,430.9
2749,49,Cold Coffee 2749,Starter,88.18
2750,50,Chicken Fried Rice 2750,Combo,316.73
2751,51,Veg Noodles 2751,Dessert,239.64
2752,52,Farmhouse Pizza 2752,Starter,181.4
2753,53,Brownie 2753,Dessert,396.14
2754,54,Margherita Pizza 2754,Starter,430.52
2755,55,Veg Biryani 2755,Beverage,428.92
2756,56,Butter Naan 2756,Main Course,477.84
2757,57,Paneer Tikka 2757,Dessert,303.1
2758,58,Chicken Noodles 2758,Dessert,179.54
2759,59,Paneer Tikka 2759,Main Course,440.68
2760,60,Gulab Jamun 2760,Combo,563.93
2761,61,Cold Coffee 2761,Beverage,561.28
2762,62,Momos 2762,Main Course,596.95
2763,63,Cold Coffee 2763,Main Course,226.5
2764,64,Gulab Jamun 2764,Dessert,150.12
2765,65,Veg Noodles 2765,Beverage,548.39
2766,66,Momos 2766,Beverage,573.0
2767,67,Vada 2767,Combo,563.76
2768,68,Brownie 2768,Beverage,598.29
2769,69,Chicken 65 2769,Dessert,343.24
2770,70,Chicken Fried Rice 2770,Starter,472.08
2771,71,Cold Coffee 2771,Dessert,143.42
2772,72,Chicken Curry 2772,Beverage,175.37
2773,73,Farmhouse Pizza 2773,Combo,200.78
2774,74,Paneer Butter Masala 2774,Combo,598.09
2775,75,Chicken Noodles 2775,Starter,163.23
2776,76,Ice Cream 2776,Starter,539.32
2777,77,Ice Cream 2777,Dessert,322.96
2778,78,Vada 2778,Beverage,511.03
2779,79,Burger 2779,Beverage,153.01
2780,80,Idli 2780,Combo,519.15
2781,81,Idli 2781,Dessert,472.5
2782,82,Vada 2782,Beverage,449.15
2783,83,Chicken Curry 2783,Main Course,490.45
2784,84,Veg Fried Rice 2784,Main Course,564.38
2785,85,Butter Naan 2785,Dessert,316.96
2786,86,Ice Cream 2786,Combo,247.51
2787,87,Chicken Curry 2787,Combo,644.34
2788,88,Paneer Butter Masala 2788,Starter,157.78
2789,89,Butter Naan 2789,Beverage,529.99
2790,90,Vada 2790,Starter,204.47
2791,91,Paneer Tikka 2791,Dessert,373.38
2792,92,Paneer Butter Masala 2792,Starter,521.29
2793,93,Farmhouse Pizza 2793,Combo,629.06
2794,94,Ice Cream 2794,Dessert,545.1
2795,95,Ice Cream 2795,Dessert,462.38
2796,96,Idli 2796,Combo,593.93
2797,97,Veg Fried Rice 2797,Main Course,634.72
2798,98,Butter Naan 2798,Combo,391.89
2799,99,Chicken Fried Rice 2799,Starter,212.67
2800,100,Cold Coffee 2800,Dessert,444.13
2801,101,Paneer Biryani 2801,Combo,124.45
2802,102,Chicken 65 2802,Dessert,354.64
2803,103,Chicken Biryani 2803,Main Course,601.11
2804,104,Paneer Biryani 2804,Main Course,607.46
2805,105,Chicken 65 2805,Combo,141.53
2806,106,Paneer Tikka 2806,Starter,200.76
2807,107,Chicken 65 2807,Starter,427.45
2808,108,Paneer Butter Masala 2808,Combo,121.79
2809,109,Chicken 65 2809,Combo,343.71
2810,110,Brownie 2810,Dessert,272.59
2811,111,French Fries 2811,Main Course,294.53
2812,112,Momos 2812,Dessert,581.88
2813,113,Chicken 65 2813,Main Course,290.4
2814,114,Chicken Noodles 2814,Combo,509.33
2815,115,Ice Cream 2815,Starter,148.84
2816,116,Chicken 65 2816,Main Course,101.93
2817,117,Momos 2817,Combo,552.79
2818,118,Veg Biryani 2818,Main Course,447.34
2819,119,Masala Dosa 2819,Beverage,205.95
2820,120,Veg Biryani 2820,Starter,341.88
2821,121,Butter Naan 2821,Starter,507.51
2822,122,Fresh Lime Soda 2822,Dessert,271.46
2823,123,French Fries 2823,Beverage,163.24
2824,124,Cold Coffee 2824,Dessert,438.25
2825,125,Burger 2825,Main Course,555.5
2826,126,Farmhouse Pizza 2826,Starter,298.11
2827,127,Chicken Curry 2827,Starter,576.66
2828,128,Chicken Noodles 2828,Dessert,499.86
2829,129,Gulab Jamun 2829,Main Course,130.0
2830,130,Butter Naan 2830,Main Course,505.56
2831,131,Chicken Noodles 2831,Beverage,210.35
2832,132,Momos 2832,Combo,572.82
2833,133,Margherita Pizza 2833,Main Course,237.5
2834,134,Masala Dosa 2834,Starter,326.17
2835,135,Idli 2835,Starter,417.39
2836,136,Chicken Biryani 2836,Dessert,462.05
2837,137,Masala Dosa 2837,Dessert,586.51
2838,138,Idli 2838,Starter,368.54
2839,139,Chicken Curry 2839,Combo,577.09
2840,140,Paneer Biryani 2840,Dessert,363.42
2841,141,Gulab Jamun 2841,Starter,473.6
2842,142,Brownie 2842,Combo,554.87
2843,143,Idli 2843,Main Course,282.79
2844,144,Idli 2844,Dessert,227.95
2845,145,Burger 2845,Combo,246.91
2846,146,Vada 2846,Starter,533.98
2847,147,French Fries 2847,Dessert,536.64
2848,148,Paneer Butter Masala 2848,Beverage,270.23
2849,149,Momos 2849,Dessert,600.12
2850,150,Burger 2850,Combo,389.62
2851,151,Paneer Butter Masala 2851,Beverage,273.72
2852,152,Gulab Jamun 2852,Beverage,95.04
2853,153,Cold Coffee 2853,Beverage,166.29
2854,154,Chicken Biryani 2854,Main Course,144.28
2855,155,Cold Coffee 2855,Combo,428.32
2856,156,Chicken Fried Rice 2856,Main Course,513.81
2857,157,Margherita Pizza 2857,Dessert,380.25
2858,158,Masala Dosa 2858,Beverage,198.98
2859,159,Brownie 2859,Main Course,491.14
2860,160,Chicken Noodles 2860,Combo,391.44
2861,161,Paneer Tikka 2861,Starter,636.59
2862,162,Veg Noodles 2862,Combo,180.73
2863,163,Chicken Curry 2863,Starter,402.92
2864,164,Butter Naan 2864,Main Course,98.54
2865,165,Fresh Lime Soda 2865,Starter,452.98
2866,166,Brownie 2866,Beverage,617.13
2867,167,Momos 2867,Beverage,570.57
2868,168,Paneer Butter Masala 2868,Beverage,308.18
2869,169,Chicken Curry 2869,Dessert,560.32
2870,170,Margherita Pizza 2870,Starter,140.14
2871,171,Chicken 65 2871,Starter,257.53
2872,172,Farmhouse Pizza 2872,Dessert,539.82
2873,173,Chicken Fried Rice 2873,Starter,649.89
2874,174,Brownie 2874,Main Course,115.63
2875,175,Chicken 65 2875,Main Course,359.6
2876,176,Fresh Lime Soda 2876,Starter,287.96
2877,177,Chicken Curry 2877,Dessert,160.98
2878,178,Idli 2878,Combo,440.23
2879,179,Chicken Fried Rice 2879,Beverage,129.33
2880,180,Veg Noodles 2880,Combo,256.14
2881,181,Butter Naan 2881,Combo,362.42
2882,182,Burger 2882,Dessert,119.85
2883,183,Paneer Biryani 2883,Starter,264.48
2884,184,Fresh Lime Soda 2884,Combo,202.98
2885,185,Gulab Jamun 2885,Combo,468.09
2886,186,Paneer Biryani 2886,Main Course,600.97
2887,187,Masala Dosa 2887,Combo,591.06
2888,188,Ice Cream 2888,Starter,268.55
2889,189,Paneer Butter Masala 2889,Dessert,201.37
2890,190,Veg Noodles 2890,Beverage,193.49
2891,191,Ice Cream 2891,Starter,567.71
2892,192,Veg Noodles 2892,Main Course,517.33
2893,193,Chicken Biryani 2893,Combo,431.34
2894,194,Burger 2894,Dessert,456.73
2895,195,Fresh Lime Soda 2895,Dessert,398.26
2896,196,Veg Fried Rice 2896,Dessert,354.4
2897,197,Chicken Fried Rice 2897,Beverage,206.67
2898,198,Fresh Lime Soda 2898,Dessert,530.41
2899,199,Veg Biryani 2899,Combo,330.56
2900,200,Brownie 2900,Beverage,100.59
2901,201,Paneer Tikka 2901,Dessert,431.1
2902,202,Chicken Fried Rice 2902,Starter,648.19
2903,203,Burger 2903,Beverage,630.51
2904,204,Brownie 2904,Dessert,375.25
2905,205,French Fries 2905,Beverage,246.05
2906,206,Veg Noodles 2906,Beverage,548.32
2907,207,Butter Naan 2907,Starter,136.63
2908,208,Paneer Biryani 2908,Main Course,262.31
2909,209,Ice Cream 2909,Combo,261.1
2910,210,Chicken Biryani 2910,Starter,300.5
2911,211,Veg Fried Rice 2911,Main Course,375.2
2912,212,Paneer Tikka 2912,Main Course,487.99
2913,213,Ice Cream 2913,Dessert,222.4
2914,214,Butter Naan 2914,Beverage,501.63
2915,215,Burger 2915,Beverage,574.17
2916,216,Veg Fried Rice 2916,Combo,455.73
2917,217,Veg Noodles 2917,Beverage,307.42
2918,218,Chicken Curry 2918,Main Course,556.82
2919,219,Brownie 2919,Starter,535.72
2920,220,Farmhouse Pizza 2920,Dessert,124.76
2921,221,Fresh Lime Soda 2921,Beverage,371.37
2922,222,Fresh Lime Soda 2922,Beverage,623.34
2923,223,Idli 2923,Starter,96.9
2924,224,Chicken Noodles 2924,Beverage,526.06
2925,225,Fresh Lime Soda 2925,Dessert,500.71
2926,226,Margherita Pizza 2926,Beverage,149.03
2927,227,Idli 2927,Dessert,548.44
2928,228,Brownie 2928,Beverage,574.66
2929,229,Farmhouse Pizza 2929,Starter,135.34
2930,230,Butter Naan 2930,Starter,511.93
2931,231,Chicken 65 2931,Starter,569.84
2932,232,Butter Naan 2932,Dessert,192.21
2933,233,Vada 2933,Dessert,498.72
2934,234,Chicken Noodles 2934,Combo,543.77
2935,235,Paneer Tikka 2935,Main Course,338.33
2936,236,Veg Biryani 2936,Starter,551.56
2937,237,Vada 2937,Main Course,340.2
2938,238,Paneer Tikka 2938,Dessert,323.25
2939,239,Paneer Tikka 2939,Combo,445.22
2940,240,Chicken 65 2940,Main Course,373.9
2941,241,Chicken 65 2941,Starter,323.13
2942,242,Veg Biryani 2942,Dessert,372.35
2943,243,Veg Noodles 2943,Beverage,277.3
2944,244,Brownie 2944,Starter,157.49
2945,245,Ice Cream 2945,Beverage,362.98
2946,246,Chicken Fried Rice 2946,Beverage,116.54
2947,247,Fresh Lime Soda 2947,Beverage,87.98
2948,248,Ice Cream 2948,Beverage,191.43
2949,249,Veg Noodles 2949,Combo,241.61
2950,250,Chicken Curry 2950,Beverage,412.35
2951,251,Ice Cream 2951,Dessert,108.55
2952,252,Chicken Biryani 2952,Main Course,394.74
2953,253,Fresh Lime Soda 2953,Starter,84.41
2954,254,Farmhouse Pizza 2954,Dessert,140.23
2955,255,Cold Coffee 2955,Starter,382.76
2956,256,Burger 2956,Main Course,417.68
2957,257,Gulab Jamun 2957,Combo,439.9
2958,258,Veg Fried Rice 2958,Dessert,126.3
2959,259,Chicken Fried Rice 2959,Combo,417.68
2960,260,Butter Naan 2960,Combo,559.37
2961,261,Chicken Fried Rice 2961,Combo,384.54
2962,262,Momos 2962,Starter,134.9
2963,263,Vada 2963,Main Course,135.48
2964,264,Farmhouse Pizza 2964,Main Course,345.25
2965,265,Chicken 65 2965,Dessert,319.96
2966,266,Chicken Biryani 2966,Main Course,371.51
2967,267,Farmhouse Pizza 2967,Dessert,486.29
2968,268,Fresh Lime Soda 2968,Beverage,507.16
2969,269,Veg Fried Rice 2969,Dessert,154.77
2970,270,Momos 2970,Main Course,270.26
2971,271,Fresh Lime Soda 2971,Combo,430.36
2972,272,Paneer Butter Masala 2972,Combo,141.19
2973,273,Paneer Tikka 2973,Dessert,272.09
2974,274,Brownie 2974,Main Course,357.87
2975,275,Margherita Pizza 2975,Starter,124.29
2976,276,Paneer Biryani 2976,Combo,517.62
2977,277,Chicken Noodles 2977,Beverage,404.53
2978,278,Chicken Fried Rice 2978,Starter,265.91
2979,279,Gulab Jamun 2979,Dessert,465.53
2980,280,Veg Noodles 2980,Starter,526.55
2981,281,Chicken 65 2981,Beverage,431.6
2982,282,Margherita Pizza 2982,Dessert,455.77
2983,283,Paneer Biryani 2983,Main Course,570.98
2984,284,Veg Fried Rice 2984,Beverage,329.26
2985,285,Veg Noodles 2985,Beverage,142.84
2986,286,Chicken Curry 2986,Combo,142.54
2987,287,Paneer Butter Masala 2987,Dessert,134.51
2988,288,Vada 2988,Beverage,384.84
2989,289,Chicken Curry 2989,Dessert,178.13
2990,290,Paneer Biryani 2990,Starter,243.78
2991,291,Butter Naan 2991,Beverage,93.39
2992,292,Chicken Curry 2992,Beverage,309.28
2993,293,Gulab Jamun 2993,Dessert,257.36
2994,294,French Fries 2994,Dessert,561.97
2995,295,Farmhouse Pizza 2995,Dessert,265.69
2996,296,Idli 2996,Beverage,323.9
2997,297,Vada 2997,Beverage,484.05
2998,298,Burger 2998,Starter,145.49
2999,299,Margherita Pizza 2999,Starter,430.43
3000,300,Burger 3000,Starter,140.27
3001,1,Veg Fried Rice 3001,Beverage,596.13
3002,2,Farmhouse Pizza 3002,Combo,615.48
3003,3,Margherita Pizza 3003,Beverage,548.21
3004,4,Ice Cream 3004,Beverage,113.11
3005,5,Ice Cream 3005,Main Course,274.05
3006,6,Chicken Curry 3006,Beverage,515.56
3007,7,Paneer Tikka 3007,Beverage,110.72
3008,8,Gulab Jamun 3008,Dessert,264.23
3009,9,Veg Noodles 3009,Combo,400.71
3010,10,Veg Noodles 3010,Starter,390.94
3011,11,Masala Dosa 3011,Beverage,353.21
3012,12,Margherita Pizza 3012,Main Course,210.23
3013,13,Paneer Biryani 3013,Starter,273.49
3014,14,Butter Naan 3014,Combo,556.43
3015,15,Ice Cream 3015,Starter,230.26
3016,16,Paneer Biryani 3016,Main Course,321.64
3017,17,Ice Cream 3017,Dessert,551.4
3018,18,Veg Fried Rice 3018,Combo,496.29
3019,19,Momos 3019,Dessert,320.3
3020,20,Paneer Tikka 3020,Beverage,320.43
3021,21,Paneer Butter Masala 3021,Main Course,579.72
3022,22,Margherita Pizza 3022,Main Course,574.2
3023,23,Momos 3023,Starter,201.98
3024,24,Paneer Tikka 3024,Dessert,567.33
3025,25,Margherita Pizza 3025,Dessert,225.88
3026,26,Chicken Fried Rice 3026,Main Course,571.53
3027,27,Fresh Lime Soda 3027,Combo,223.6
3028,28,French Fries 3028,Dessert,594.15
3029,29,Brownie 3029,Main Course,376.27
3030,30,Gulab Jamun 3030,Main Course,594.2
3031,31,Chicken Curry 3031,Beverage,100.05
3032,32,Brownie 3032,Starter,271.14
3033,33,Ice Cream 3033,Combo,184.41
3034,34,Brownie 3034,Main Course,604.12
3035,35,Margherita Pizza 3035,Starter,471.86
3036,36,Veg Fried Rice 3036,Main Course,200.36
3037,37,Fresh Lime Soda 3037,Main Course,329.17
3038,38,Paneer Tikka 3038,Beverage,593.65
3039,39,Gulab Jamun 3039,Beverage,134.97
3040,40,Farmhouse Pizza 3040,Beverage,350.69
3041,41,Farmhouse Pizza 3041,Dessert,488.2
3042,42,Cold Coffee 3042,Combo,346.19
3043,43,Burger 3043,Combo,643.18
3044,44,Chicken 65 3044,Combo,436.66
3045,45,Brownie 3045,Dessert,432.95
3046,46,Chicken 65 3046,Dessert,479.33
3047,47,Margherita Pizza 3047,Main Course,136.4
3048,48,Momos 3048,Main Course,341.12
3049,49,Momos 3049,Beverage,317.54
3050,50,Cold Coffee 3050,Combo,110.87
3051,51,Paneer Tikka 3051,Combo,483.83
3052,52,Paneer Butter Masala 3052,Starter,444.01
3053,53,French Fries 3053,Beverage,134.97
3054,54,Burger 3054,Starter,620.51
3055,55,Ice Cream 3055,Dessert,462.25
3056,56,Paneer Tikka 3056,Dessert,376.53
3057,57,Veg Noodles 3057,Combo,633.56
3058,58,Momos 3058,Combo,379.34
3059,59,Veg Fried Rice 3059,Main Course,91.9
3060,60,Paneer Butter Masala 3060,Dessert,615.41
3061,61,Vada 3061,Main Course,445.64
3062,62,Veg Biryani 3062,Beverage,602.04
3063,63,Masala Dosa 3063,Main Course,135.08
3064,64,Ice Cream 3064,Starter,102.42
3065,65,Chicken Noodles 3065,Dessert,293.13
3066,66,Chicken Fried Rice 3066,Starter,203.12
3067,67,Paneer Butter Masala 3067,Combo,240.87
3068,68,Chicken 65 3068,Dessert,329.23
3069,69,Butter Naan 3069,Combo,318.02
3070,70,Gulab Jamun 3070,Main Course,646.48
3071,71,Burger 3071,Beverage,528.34
3072,72,Cold Coffee 3072,Combo,173.81
3073,73,Gulab Jamun 3073,Combo,352.38
3074,74,Idli 3074,Beverage,197.42
3075,75,Veg Noodles 3075,Combo,333.21
3076,76,Paneer Biryani 3076,Starter,476.01
3077,77,French Fries 3077,Dessert,314.37
3078,78,Paneer Tikka 3078,Starter,144.71
3079,79,Cold Coffee 3079,Starter,271.1
3080,80,Cold Coffee 3080,Beverage,310.3
3081,81,Paneer Biryani 3081,Beverage,491.12
3082,82,Chicken Fried Rice 3082,Beverage,502.39
3083,83,Fresh Lime Soda 3083,Combo,437.35
3084,84,Fresh Lime Soda 3084,Beverage,398.33
3085,85,Cold Coffee 3085,Combo,574.64
3086,86,Gulab Jamun 3086,Beverage,219.66
3087,87,Paneer Biryani 3087,Starter,575.98
3088,88,Veg Biryani 3088,Main Course,376.29
3089,89,Vada 3089,Combo,605.9
3090,90,Idli 3090,Main Course,634.26
3091,91,Chicken Biryani 3091,Starter,239.41
3092,92,Fresh Lime Soda 3092,Dessert,98.25
3093,93,Paneer Tikka 3093,Beverage,184.49
3094,94,Butter Naan 3094,Dessert,492.02
3095,95,Chicken Curry 3095,Main Course,196.6
3096,96,Cold Coffee 3096,Starter,257.45
3097,97,Idli 3097,Dessert,150.63
3098,98,Farmhouse Pizza 3098,Combo,592.2
3099,99,Paneer Tikka 3099,Starter,561.67
3100,100,Ice Cream 3100,Dessert,526.69
3101,101,Margherita Pizza 3101,Combo,566.53
3102,102,Fresh Lime Soda 3102,Beverage,494.72
3103,103,Cold Coffee 3103,Combo,181.26
3104,104,Veg Biryani 3104,Main Course,362.16
3105,105,Margherita Pizza 3105,Beverage,388.93
3106,106,Veg Fried Rice 3106,Main Course,483.87
3107,107,Paneer Biryani 3107,Dessert,516.98
3108,108,Chicken Biryani 3108,Dessert,469.8
3109,109,Veg Noodles 3109,Starter,125.7
3110,110,Veg Fried Rice 3110,Beverage,471.83
3111,111,Fresh Lime Soda 3111,Beverage,414.47
3112,112,Paneer Biryani 3112,Combo,593.19
3113,113,Gulab Jamun 3113,Beverage,132.48
3114,114,Paneer Tikka 3114,Dessert,177.87
3115,115,Paneer Biryani 3115,Beverage,280.01
3116,116,Veg Biryani 3116,Dessert,260.36
3117,117,Gulab Jamun 3117,Combo,593.99
3118,118,Veg Noodles 3118,Combo,328.45
3119,119,Ice Cream 3119,Starter,331.77
3120,120,Chicken 65 3120,Dessert,343.62
3121,121,Fresh Lime Soda 3121,Dessert,150.1
3122,122,Paneer Biryani 3122,Combo,416.72
3123,123,Chicken Curry 3123,Combo,529.01
3124,124,Margherita Pizza 3124,Dessert,491.15
3125,125,Margherita Pizza 3125,Main Course,459.54
3126,126,Ice Cream 3126,Dessert,443.05
3127,127,Chicken Biryani 3127,Starter,177.62
3128,128,Chicken Noodles 3128,Combo,571.23
3129,129,Ice Cream 3129,Starter,499.84
3130,130,Idli 3130,Beverage,184.33
3131,131,Farmhouse Pizza 3131,Beverage,620.93
3132,132,Chicken Biryani 3132,Main Course,205.07
3133,133,Burger 3133,Dessert,365.41
3134,134,Ice Cream 3134,Main Course,319.43
3135,135,Idli 3135,Dessert,591.91
3136,136,Vada 3136,Combo,255.28
3137,137,Momos 3137,Main Course,455.45
3138,138,Burger 3138,Dessert,389.4
3139,139,Brownie 3139,Beverage,422.6
3140,140,Farmhouse Pizza 3140,Dessert,477.26
3141,141,Momos 3141,Starter,478.3
3142,142,Chicken Biryani 3142,Starter,491.37
3143,143,Veg Fried Rice 3143,Starter,295.51
3144,144,Paneer Tikka 3144,Combo,348.36
3145,145,Cold Coffee 3145,Starter,348.15
3146,146,Chicken 65 3146,Dessert,382.84
3147,147,Idli 3147,Beverage,355.94
3148,148,Gulab Jamun 3148,Dessert,585.49
3149,149,Chicken Curry 3149,Main Course,410.59
3150,150,Masala Dosa 3150,Dessert,244.09
3151,151,Chicken Biryani 3151,Combo,143.63
3152,152,Veg Fried Rice 3152,Starter,178.78
3153,153,Chicken Noodles 3153,Beverage,90.86
3154,154,Paneer Biryani 3154,Starter,173.27
3155,155,Paneer Tikka 3155,Beverage,508.9
3156,156,Gulab Jamun 3156,Beverage,496.62
3157,157,Chicken Biryani 3157,Combo,240.31
3158,158,Vada 3158,Beverage,631.59
3159,159,Cold Coffee 3159,Dessert,212.48
3160,160,Idli 3160,Combo,165.89
3161,161,Veg Noodles 3161,Dessert,181.07
3162,162,Fresh Lime Soda 3162,Beverage,360.05
3163,163,Veg Noodles 3163,Main Course,194.82
3164,164,Burger 3164,Starter,539.11
3165,165,Farmhouse Pizza 3165,Main Course,354.33
3166,166,Paneer Biryani 3166,Main Course,107.91
3167,167,Masala Dosa 3167,Beverage,379.6
3168,168,Gulab Jamun 3168,Combo,465.88
3169,169,Veg Noodles 3169,Beverage,144.53
3170,170,Chicken Noodles 3170,Combo,216.39
3171,171,Momos 3171,Dessert,429.19
3172,172,Momos 3172,Starter,455.08
3173,173,Ice Cream 3173,Starter,510.84
3174,174,Momos 3174,Starter,220.09
3175,175,Chicken Curry 3175,Starter,380.38
3176,176,Veg Noodles 3176,Combo,372.05
3177,177,Burger 3177,Dessert,377.54
3178,178,Farmhouse Pizza 3178,Starter,276.93
3179,179,Chicken Fried Rice 3179,Dessert,199.92
3180,180,Brownie 3180,Dessert,631.06
3181,181,Chicken Fried Rice 3181,Dessert,278.7
3182,182,Brownie 3182,Starter,222.2
3183,183,Veg Biryani 3183,Dessert,540.71
3184,184,Cold Coffee 3184,Combo,555.27
3185,185,Cold Coffee 3185,Combo,214.31
3186,186,Burger 3186,Dessert,212.72
3187,187,Cold Coffee 3187,Beverage,155.85
3188,188,French Fries 3188,Combo,377.98
3189,189,Paneer Tikka 3189,Combo,225.72
3190,190,Momos 3190,Dessert,97.37
3191,191,Chicken Curry 3191,Starter,609.62
3192,192,Paneer Butter Masala 3192,Combo,597.96
3193,193,Ice Cream 3193,Combo,493.08
3194,194,Veg Biryani 3194,Combo,304.93
3195,195,Veg Fried Rice 3195,Starter,312.75
3196,196,Cold Coffee 3196,Dessert,185.51
3197,197,Paneer Biryani 3197,Main Course,336.23
3198,198,Chicken Noodles 3198,Dessert,502.37
3199,199,Chicken Noodles 3199,Combo,566.42
3200,200,Chicken Noodles 3200,Starter,479.7
3201,201,Margherita Pizza 3201,Main Course,383.68
3202,202,Paneer Biryani 3202,Combo,105.88
3203,203,Cold Coffee 3203,Combo,329.57
3204,204,Veg Noodles 3204,Combo,621.28
3205,205,French Fries 3205,Combo,209.77
3206,206,Veg Biryani 3206,Beverage,202.85
3207,207,Margherita Pizza 3207,Beverage,104.45
3208,208,Veg Noodles 3208,Starter,635.5
3209,209,Veg Fried Rice 3209,Dessert,146.89
3210,210,Gulab Jamun 3210,Starter,217.72
3211,211,Masala Dosa 3211,Combo,474.97
3212,212,Margherita Pizza 3212,Starter,302.03
3213,213,Chicken Fried Rice 3213,Combo,385.83
3214,214,Ice Cream 3214,Combo,143.29
3215,215,Burger 3215,Dessert,509.95
3216,216,Paneer Biryani 3216,Starter,160.5
3217,217,Idli 3217,Main Course,308.12
3218,218,Chicken 65 3218,Dessert,184.02
3219,219,Chicken Noodles 3219,Dessert,563.63
3220,220,Momos 3220,Combo,278.5
3221,221,Ice Cream 3221,Starter,540.56
3222,222,Fresh Lime Soda 3222,Combo,264.0
3223,223,Chicken Biryani 3223,Dessert,159.73
3224,224,Fresh Lime Soda 3224,Beverage,560.79
3225,225,Farmhouse Pizza 3225,Beverage,379.06
3226,226,Chicken Biryani 3226,Main Course,410.0
3227,227,French Fries 3227,Combo,324.38
3228,228,Fresh Lime Soda 3228,Combo,171.8
3229,229,Gulab Jamun 3229,Beverage,447.58
3230,230,Vada 3230,Main Course,609.97
3231,231,Paneer Biryani 3231,Beverage,431.32
3232,232,Idli 3232,Combo,510.65
3233,233,Brownie 3233,Starter,276.5
3234,234,Momos 3234,Dessert,293.58
3235,235,Butter Naan 3235,Beverage,622.25
3236,236,Vada 3236,Starter,645.1
3237,237,Idli 3237,Combo,402.24
3238,238,Chicken Fried Rice 3238,Main Course,357.77
3239,239,Brownie 3239,Combo,424.96
3240,240,Chicken Noodles 3240,Dessert,161.18
3241,241,Paneer Butter Masala 3241,Starter,477.65
3242,242,Idli 3242,Dessert,496.36
3243,243,Paneer Biryani 3243,Beverage,612.56
3244,244,Butter Naan 3244,Main Course,85.97
3245,245,Margherita Pizza 3245,Main Course,157.41
3246,246,Ice Cream 3246,Beverage,503.03
3247,247,Margherita Pizza 3247,Dessert,538.81
3248,248,Momos 3248,Dessert,515.47
3249,249,Gulab Jamun 3249,Dessert,475.46
3250,250,Butter Naan 3250,Combo,474.37
3251,251,Vada 3251,Main Course,223.72
3252,252,Butter Naan 3252,Combo,295.08
3253,253,Momos 3253,Main Course,146.7
3254,254,Veg Noodles 3254,Combo,587.81
3255,255,Paneer Biryani 3255,Starter,514.15
3256,256,Veg Biryani 3256,Dessert,274.96
3257,257,Chicken Biryani 3257,Main Course,94.42
3258,258,Momos 3258,Combo,469.93
3259,259,Chicken 65 3259,Beverage,381.95
3260,260,Chicken 65 3260,Combo,204.85
3261,261,French Fries 3261,Starter,573.02
3262,262,Masala Dosa 3262,Beverage,261.73
3263,263,Veg Noodles 3263,Beverage,184.16
3264,264,Paneer Butter Masala 3264,Starter,134.67
3265,265,Brownie 3265,Combo,641.8
3266,266,Idli 3266,Beverage,517.07
3267,267,Chicken Curry 3267,Combo,536.97
3268,268,French Fries 3268,Combo,292.96
3269,269,Paneer Biryani 3269,Dessert,309.16
3270,270,Momos 3270,Starter,198.91
3271,271,Veg Biryani 3271,Starter,394.43
3272,272,Vada 3272,Dessert,412.77
3273,273,French Fries 3273,Main Course,354.53
3274,274,Chicken 65 3274,Dessert,420.71
3275,275,Gulab Jamun 3275,Main Course,87.42
3276,276,Veg Noodles 3276,Starter,314.39
3277,277,Chicken Fried Rice 3277,Main Course,540.46
3278,278,Farmhouse Pizza 3278,Dessert,246.02
3279,279,Gulab Jamun 3279,Combo,449.43
3280,280,Paneer Biryani 3280,Dessert,551.64
3281,281,Chicken Biryani 3281,Dessert,409.41
3282,282,Momos 3282,Starter,554.71
3283,283,Veg Fried Rice 3283,Main Course,236.98
3284,284,Veg Fried Rice 3284,Combo,331.26
3285,285,Farmhouse Pizza 3285,Combo,423.42
3286,286,French Fries 3286,Combo,306.02
3287,287,Farmhouse Pizza 3287,Combo,628.21
3288,288,Butter Naan 3288,Main Course,525.06
3289,289,Paneer Butter Masala 3289,Combo,243.53
3290,290,Chicken 65 3290,Starter,122.59
3291,291,Chicken 65 3291,Main Course,262.64
3292,292,Veg Biryani 3292,Combo,613.34
3293,293,Brownie 3293,Main Course,405.45
3294,294,Veg Fried Rice 3294,Dessert,110.42
3295,295,Gulab Jamun 3295,Combo,281.71
3296,296,Farmhouse Pizza 3296,Combo,319.99
3297,297,Masala Dosa 3297,Combo,613.37
3298,298,Paneer Biryani 3298,Combo,634.77
3299,299,Masala Dosa 3299,Main Course,418.71
3300,300,Butter Naan 3300,Combo,617.95
3301,1,Veg Noodles 3301,Beverage,644.33
3302,2,Chicken Noodles 3302,Main Course,434.66
3303,3,Paneer Butter Masala 3303,Dessert,445.64
3304,4,Veg Biryani 3304,Beverage,224.49
3305,5,Chicken Noodles 3305,Beverage,381.81
3306,6,Veg Biryani 3306,Beverage,307.49
3307,7,Veg Fried Rice 3307,Starter,95.65
3308,8,Brownie 3308,Main Course,555.2
3309,9,Paneer Tikka 3309,Main Course,413.12
3310,10,Idli 3310,Beverage,436.9
3311,11,Chicken Fried Rice 3311,Beverage,85.99
3312,12,Chicken Fried Rice 3312,Starter,558.83
3313,13,Ice Cream 3313,Starter,602.67
3314,14,Veg Biryani 3314,Dessert,305.0
3315,15,Chicken 65 3315,Dessert,326.68
3316,16,Veg Biryani 3316,Beverage,96.58
3317,17,Chicken 65 3317,Combo,91.87
3318,18,Farmhouse Pizza 3318,Beverage,447.03
3319,19,Gulab Jamun 3319,Dessert,324.07
3320,20,Margherita Pizza 3320,Combo,588.05
3321,21,Chicken Curry 3321,Dessert,406.57
3322,22,Butter Naan 3322,Combo,134.85
3323,23,Momos 3323,Beverage,357.88
3324,24,Butter Naan 3324,Dessert,166.62
3325,25,French Fries 3325,Combo,103.75
3326,26,Chicken Curry 3326,Beverage,575.66
3327,27,Paneer Biryani 3327,Combo,497.2
3328,28,Paneer Tikka 3328,Main Course,417.72
3329,29,Chicken Biryani 3329,Starter,339.67
3330,30,Masala Dosa 3330,Dessert,120.61
3331,31,Ice Cream 3331,Beverage,186.76
3332,32,Fresh Lime Soda 3332,Starter,175.95
3333,33,Chicken Fried Rice 3333,Main Course,543.64
3334,34,French Fries 3334,Main Course,154.54
3335,35,Cold Coffee 3335,Dessert,514.29
3336,36,Veg Fried Rice 3336,Starter,356.43
3337,37,Chicken Curry 3337,Combo,142.17
3338,38,Butter Naan 3338,Starter,84.24
3339,39,Burger 3339,Starter,135.71
3340,40,Masala Dosa 3340,Beverage,637.59
3341,41,Butter Naan 3341,Dessert,384.39
3342,42,Ice Cream 3342,Main Course,198.15
3343,43,Paneer Tikka 3343,Starter,536.12
3344,44,Brownie 3344,Starter,373.53
3345,45,Masala Dosa 3345,Starter,537.78
3346,46,Veg Noodles 3346,Beverage,309.94
3347,47,Burger 3347,Dessert,315.94
3348,48,Burger 3348,Main Course,506.31
3349,49,Vada 3349,Combo,103.22
3350,50,Veg Biryani 3350,Beverage,597.23
3351,51,French Fries 3351,Beverage,604.82
3352,52,Gulab Jamun 3352,Starter,390.35
3353,53,Vada 3353,Dessert,554.34
3354,54,Veg Biryani 3354,Main Course,566.35
3355,55,Masala Dosa 3355,Starter,470.22
3356,56,Gulab Jamun 3356,Beverage,338.81
3357,57,Chicken Fried Rice 3357,Combo,442.35
3358,58,Margherita Pizza 3358,Dessert,433.97
3359,59,Gulab Jamun 3359,Beverage,432.96
3360,60,Brownie 3360,Main Course,535.49
3361,61,Farmhouse Pizza 3361,Combo,576.65
3362,62,Chicken Fried Rice 3362,Beverage,461.73
3363,63,Cold Coffee 3363,Main Course,624.45
3364,64,Masala Dosa 3364,Dessert,311.62
3365,65,Momos 3365,Combo,274.44
3366,66,Chicken Fried Rice 3366,Dessert,133.13
3367,67,Chicken Biryani 3367,Dessert,603.67
3368,68,Veg Noodles 3368,Starter,599.1
3369,69,Paneer Tikka 3369,Dessert,385.71
3370,70,Chicken 65 3370,Beverage,568.3
3371,71,Vada 3371,Beverage,213.92
3372,72,Cold Coffee 3372,Dessert,205.3
3373,73,Margherita Pizza 3373,Dessert,327.13
3374,74,Momos 3374,Combo,586.99
3375,75,Momos 3375,Combo,105.96
3376,76,Fresh Lime Soda 3376,Starter,237.05
3377,77,Ice Cream 3377,Starter,212.81
3378,78,Burger 3378,Main Course,555.81
3379,79,Paneer Butter Masala 3379,Starter,297.28
3380,80,Masala Dosa 3380,Combo,562.37
3381,81,Momos 3381,Main Course,380.1
3382,82,Paneer Tikka 3382,Main Course,257.87
3383,83,Paneer Butter Masala 3383,Combo,374.53
3384,84,Paneer Tikka 3384,Starter,486.03
3385,85,Burger 3385,Main Course,455.75
3386,86,Ice Cream 3386,Starter,194.44
3387,87,Fresh Lime Soda 3387,Beverage,126.78
3388,88,Chicken Curry 3388,Main Course,466.21
3389,89,Chicken Curry 3389,Beverage,325.65
3390,90,Chicken Fried Rice 3390,Dessert,591.12
3391,91,Paneer Butter Masala 3391,Dessert,368.85
3392,92,Margherita Pizza 3392,Starter,249.35
3393,93,Chicken Noodles 3393,Combo,529.57
3394,94,Chicken Noodles 3394,Starter,506.44
3395,95,Butter Naan 3395,Combo,586.66
3396,96,Brownie 3396,Main Course,355.07
3397,97,Paneer Tikka 3397,Main Course,427.79
3398,98,Veg Noodles 3398,Combo,171.47
3399,99,Paneer Butter Masala 3399,Beverage,377.68
3400,100,Vada 3400,Combo,643.82
3401,101,Masala Dosa 3401,Starter,148.47
3402,102,Cold Coffee 3402,Beverage,476.84
3403,103,Fresh Lime Soda 3403,Dessert,253.52
3404,104,Farmhouse Pizza 3404,Dessert,255.24
3405,105,Masala Dosa 3405,Main Course,573.2
3406,106,Chicken Curry 3406,Combo,351.7
3407,107,French Fries 3407,Dessert,139.48
3408,108,Margherita Pizza 3408,Beverage,312.18
3409,109,Chicken Noodles 3409,Dessert,416.17
3410,110,Veg Biryani 3410,Dessert,151.08
3411,111,Butter Naan 3411,Beverage,229.65
3412,112,Vada 3412,Main Course,129.21
3413,113,Veg Biryani 3413,Combo,260.27
3414,114,Vada 3414,Beverage,124.42
3415,115,Fresh Lime Soda 3415,Starter,244.95
3416,116,Chicken 65 3416,Starter,372.91
3417,117,Veg Noodles 3417,Starter,257.43
3418,118,Masala Dosa 3418,Main Course,118.0
3419,119,Veg Noodles 3419,Main Course,462.38
3420,120,Veg Biryani 3420,Dessert,223.59
3421,121,Chicken Fried Rice 3421,Beverage,254.38
3422,122,Chicken Curry 3422,Starter,360.58
3423,123,Chicken 65 3423,Starter,91.44
3424,124,Chicken 65 3424,Dessert,429.42
3425,125,Masala Dosa 3425,Dessert,616.25
3426,126,Chicken Fried Rice 3426,Dessert,470.38
3427,127,Idli 3427,Main Course,279.9
3428,128,Margherita Pizza 3428,Starter,187.04
3429,129,Veg Noodles 3429,Combo,233.97
3430,130,Brownie 3430,Combo,130.52
3431,131,Masala Dosa 3431,Main Course,438.7
3432,132,Farmhouse Pizza 3432,Main Course,88.89
3433,133,Chicken Biryani 3433,Dessert,143.43
3434,134,Chicken 65 3434,Dessert,446.14
3435,135,Fresh Lime Soda 3435,Beverage,595.06
3436,136,Chicken Fried Rice 3436,Beverage,412.24
3437,137,Chicken Fried Rice 3437,Beverage,411.98
3438,138,Gulab Jamun 3438,Beverage,266.33
3439,139,Ice Cream 3439,Starter,389.3
3440,140,Chicken Curry 3440,Dessert,392.96
3441,141,Chicken Noodles 3441,Starter,419.02
3442,142,Veg Noodles 3442,Main Course,561.6
3443,143,Farmhouse Pizza 3443,Main Course,385.01
3444,144,Butter Naan 3444,Combo,375.59
3445,145,Paneer Biryani 3445,Dessert,551.83
3446,146,Idli 3446,Combo,159.75
3447,147,Chicken Noodles 3447,Starter,638.05
3448,148,Cold Coffee 3448,Main Course,549.21
3449,149,Momos 3449,Main Course,339.73
3450,150,Chicken Biryani 3450,Beverage,492.37
3451,151,Paneer Tikka 3451,Beverage,222.92
3452,152,Chicken Biryani 3452,Starter,92.48
3453,153,Chicken Biryani 3453,Dessert,462.79
3454,154,Masala Dosa 3454,Beverage,486.53
3455,155,Chicken Fried Rice 3455,Combo,430.36
3456,156,Farmhouse Pizza 3456,Main Course,558.02
3457,157,Margherita Pizza 3457,Starter,200.27
3458,158,Chicken Biryani 3458,Starter,361.0
3459,159,Paneer Tikka 3459,Starter,487.26
3460,160,Veg Fried Rice 3460,Dessert,184.51
3461,161,Chicken Curry 3461,Dessert,206.53
3462,162,Veg Noodles 3462,Combo,568.55
3463,163,Veg Biryani 3463,Beverage,553.75
3464,164,Veg Fried Rice 3464,Dessert,587.65
3465,165,Vada 3465,Combo,107.4
3466,166,Chicken Noodles 3466,Starter,283.28
3467,167,Vada 3467,Starter,173.65
3468,168,Ice Cream 3468,Beverage,228.3
3469,169,Chicken Curry 3469,Main Course,630.24
3470,170,Ice Cream 3470,Beverage,570.89
3471,171,French Fries 3471,Dessert,586.52
3472,172,Ice Cream 3472,Beverage,560.78
3473,173,Chicken Fried Rice 3473,Starter,465.92
3474,174,Chicken 65 3474,Combo,414.82
3475,175,Idli 3475,Starter,319.86
3476,176,Cold Coffee 3476,Dessert,549.66
3477,177,Gulab Jamun 3477,Main Course,427.74
3478,178,Momos 3478,Dessert,169.11
3479,179,Masala Dosa 3479,Main Course,479.37
3480,180,Paneer Biryani 3480,Beverage,453.19
3481,181,Butter Naan 3481,Main Course,602.61
3482,182,Paneer Tikka 3482,Beverage,131.94
3483,183,Paneer Biryani 3483,Combo,430.51
3484,184,Paneer Biryani 3484,Starter,327.5
3485,185,Veg Noodles 3485,Beverage,488.8
3486,186,Cold Coffee 3486,Starter,477.94
3487,187,Idli 3487,Starter,323.97
3488,188,Veg Biryani 3488,Dessert,152.48
3489,189,Ice Cream 3489,Combo,455.57
3490,190,Paneer Butter Masala 3490,Starter,376.77
3491,191,Chicken Curry 3491,Beverage,565.03
3492,192,Momos 3492,Combo,186.95
3493,193,Cold Coffee 3493,Combo,261.94
3494,194,French Fries 3494,Beverage,289.35
3495,195,Burger 3495,Combo,175.32
3496,196,Vada 3496,Main Course,445.35
3497,197,Masala Dosa 3497,Dessert,263.59
3498,198,Momos 3498,Beverage,434.92
3499,199,Chicken Noodles 3499,Beverage,306.95
3500,200,Vada 3500,Main Course,172.56
3501,201,Ice Cream 3501,Combo,463.72
3502,202,Momos 3502,Beverage,647.29
3503,203,Chicken Curry 3503,Combo,187.24
3504,204,Margherita Pizza 3504,Dessert,321.35
3505,205,Ice Cream 3505,Dessert,113.19
3506,206,Paneer Biryani 3506,Main Course,124.62
3507,207,Veg Fried Rice 3507,Main Course,219.87
3508,208,Cold Coffee 3508,Combo,361.02
3509,209,Chicken Curry 3509,Beverage,181.78
3510,210,Idli 3510,Beverage,500.14
3511,211,Chicken Curry 3511,Beverage,244.46
3512,212,Ice Cream 3512,Beverage,510.08
3513,213,Chicken Noodles 3513,Beverage,401.42
3514,214,Farmhouse Pizza 3514,Starter,432.51
3515,215,Farmhouse Pizza 3515,Starter,400.3
3516,216,Veg Fried Rice 3516,Beverage,165.89
3517,217,Idli 3517,Starter,100.47
3518,218,Chicken Curry 3518,Beverage,472.87
3519,219,Ice Cream 3519,Beverage,178.54
3520,220,Paneer Biryani 3520,Beverage,116.01
3521,221,Chicken Curry 3521,Beverage,530.16
3522,222,Veg Noodles 3522,Main Course,615.99
3523,223,Veg Noodles 3523,Combo,492.54
3524,224,Cold Coffee 3524,Combo,541.24
3525,225,Brownie 3525,Starter,634.11
3526,226,Masala Dosa 3526,Dessert,138.14
3527,227,Chicken 65 3527,Dessert,524.32
3528,228,Veg Noodles 3528,Main Course,89.8
3529,229,Veg Biryani 3529,Main Course,102.17
3530,230,Chicken Curry 3530,Main Course,172.53
3531,231,Chicken Fried Rice 3531,Starter,199.5
3532,232,Vada 3532,Beverage,140.77
3533,233,Chicken Fried Rice 3533,Dessert,419.9
3534,234,Butter Naan 3534,Starter,188.89
3535,235,Burger 3535,Beverage,599.4
3536,236,Chicken Fried Rice 3536,Beverage,636.42
3537,237,Paneer Butter Masala 3537,Dessert,546.74
3538,238,Cold Coffee 3538,Starter,315.1
3539,239,Brownie 3539,Starter,144.86
3540,240,Masala Dosa 3540,Beverage,195.66
3541,241,Margherita Pizza 3541,Main Course,271.56
3542,242,Veg Biryani 3542,Beverage,263.45
3543,243,Momos 3543,Dessert,358.44
3544,244,Chicken Noodles 3544,Dessert,393.76
3545,245,Veg Biryani 3545,Main Course,467.03
3546,246,Cold Coffee 3546,Beverage,514.09
3547,247,Chicken Fried Rice 3547,Starter,181.81
3548,248,Burger 3548,Beverage,186.14
3549,249,Paneer Butter Masala 3549,Dessert,188.4
3550,250,Chicken 65 3550,Beverage,316.28
3551,251,Fresh Lime Soda 3551,Main Course,198.35
3552,252,Gulab Jamun 3552,Dessert,548.8
3553,253,French Fries 3553,Starter,129.34
3554,254,Vada 3554,Dessert,127.23
3555,255,Chicken Noodles 3555,Starter,180.31
3556,256,Gulab Jamun 3556,Combo,137.11
3557,257,Idli 3557,Beverage,272.97
3558,258,Chicken Noodles 3558,Combo,495.86
3559,259,Veg Noodles 3559,Starter,439.1
3560,260,Chicken Biryani 3560,Starter,580.94
3561,261,Vada 3561,Dessert,241.98
3562,262,Fresh Lime Soda 3562,Combo,212.65
3563,263,Momos 3563,Combo,513.11
3564,264,Burger 3564,Dessert,370.03
3565,265,Paneer Biryani 3565,Combo,492.83
3566,266,Chicken Biryani 3566,Dessert,476.64
3567,267,Veg Noodles 3567,Dessert,614.66
3568,268,Paneer Tikka 3568,Combo,405.72
3569,269,French Fries 3569,Starter,460.69
3570,270,Chicken Fried Rice 3570,Combo,648.97
3571,271,Chicken Fried Rice 3571,Combo,245.52
3572,272,Fresh Lime Soda 3572,Dessert,235.54
3573,273,Chicken Fried Rice 3573,Starter,213.66
3574,274,Fresh Lime Soda 3574,Main Course,421.22
3575,275,Fresh Lime Soda 3575,Main Course,100.59
3576,276,Idli 3576,Main Course,286.5
3577,277,Chicken Fried Rice 3577,Dessert,563.41
3578,278,Vada 3578,Combo,513.5
3579,279,Chicken Curry 3579,Dessert,200.12
3580,280,Chicken Curry 3580,Starter,174.52
3581,281,Margherita Pizza 3581,Main Course,154.42
3582,282,Ice Cream 3582,Combo,424.59
3583,283,Veg Noodles 3583,Dessert,365.92
3584,284,Burger 3584,Beverage,543.67
3585,285,Brownie 3585,Beverage,201.14
3586,286,Paneer Biryani 3586,Dessert,172.09
3587,287,Paneer Biryani 3587,Main Course,486.06
3588,288,Gulab Jamun 3588,Dessert,282.08
3589,289,Ice Cream 3589,Main Course,253.68
3590,290,Momos 3590,Beverage,560.15
3591,291,Chicken Curry 3591,Combo,612.88
3592,292,Brownie 3592,Beverage,470.11
3593,293,Idli 3593,Starter,124.56
3594,294,Vada 3594,Beverage,330.2
3595,295,Paneer Biryani 3595,Main Course,611.38
3596,296,Fresh Lime Soda 3596,Main Course,649.02
3597,297,Ice Cream 3597,Starter,342.74
3598,298,French Fries 3598,Dessert,103.65
3599,299,Cold Coffee 3599,Combo,644.12
3600,300,Ice Cream 3600,Beverage,392.36
3601,1,Momos 3601,Dessert,426.5
3602,2,Vada 3602,Combo,250.65
3603,3,Masala Dosa 3603,Starter,187.35
3604,4,Masala Dosa 3604,Combo,237.63
3605,5,Vada 3605,Starter,502.82
3606,6,Paneer Butter Masala 3606,Beverage,483.1
3607,7,Burger 3607,Dessert,105.86
3608,8,Veg Fried Rice 3608,Main Course,511.26
3609,9,Farmhouse Pizza 3609,Main Course,394.39
3610,10,Fresh Lime Soda 3610,Beverage,107.22
3611,11,French Fries 3611,Combo,413.31
3612,12,Vada 3612,Main Course,534.96
3613,13,Idli 3613,Main Course,246.33
3614,14,Chicken 65 3614,Main Course,398.26
3615,15,Chicken Biryani 3615,Main Course,481.3
3616,16,Fresh Lime Soda 3616,Beverage,353.14
3617,17,Masala Dosa 3617,Starter,633.06
3618,18,Gulab Jamun 3618,Dessert,598.06
3619,19,Veg Noodles 3619,Beverage,121.13
3620,20,Paneer Butter Masala 3620,Starter,538.14
3621,21,Idli 3621,Dessert,157.32
3622,22,Gulab Jamun 3622,Beverage,472.91
3623,23,Gulab Jamun 3623,Combo,501.69
3624,24,Paneer Butter Masala 3624,Beverage,274.13
3625,25,Momos 3625,Dessert,87.47
3626,26,Idli 3626,Starter,224.5
3627,27,Burger 3627,Main Course,338.52
3628,28,Gulab Jamun 3628,Beverage,158.79
3629,29,Fresh Lime Soda 3629,Starter,609.59
3630,30,Gulab Jamun 3630,Dessert,380.92
3631,31,Vada 3631,Starter,337.76
3632,32,Veg Noodles 3632,Combo,568.0
3633,33,Chicken Biryani 3633,Combo,135.8
3634,34,Cold Coffee 3634,Combo,138.2
3635,35,Veg Fried Rice 3635,Beverage,526.51
3636,36,Ice Cream 3636,Dessert,302.19
3637,37,Masala Dosa 3637,Starter,524.23
3638,38,Burger 3638,Main Course,425.1
3639,39,Margherita Pizza 3639,Main Course,172.0
3640,40,Momos 3640,Dessert,414.54
3641,41,Chicken Biryani 3641,Combo,328.13
3642,42,Butter Naan 3642,Beverage,574.07
3643,43,Chicken Fried Rice 3643,Beverage,434.97
3644,44,Paneer Biryani 3644,Dessert,274.7
3645,45,Chicken Curry 3645,Starter,146.86
3646,46,Veg Biryani 3646,Starter,462.31
3647,47,Chicken 65 3647,Starter,216.37
3648,48,Momos 3648,Dessert,80.97
3649,49,Paneer Tikka 3649,Main Course,255.78
3650,50,Cold Coffee 3650,Starter,346.6
3651,51,Margherita Pizza 3651,Beverage,393.69
3652,52,Paneer Butter Masala 3652,Beverage,193.04
3653,53,Paneer Biryani 3653,Dessert,158.86
3654,54,Fresh Lime Soda 3654,Main Course,264.3
3655,55,Butter Naan 3655,Starter,94.14
3656,56,Chicken Curry 3656,Starter,271.9
3657,57,Paneer Tikka 3657,Combo,600.26
3658,58,Veg Noodles 3658,Beverage,333.67
3659,59,Masala Dosa 3659,Main Course,188.78
3660,60,Butter Naan 3660,Main Course,606.09
3661,61,Chicken 65 3661,Main Course,419.06
3662,62,Farmhouse Pizza 3662,Starter,427.81
3663,63,Burger 3663,Beverage,169.99
3664,64,Veg Noodles 3664,Dessert,192.57
3665,65,Chicken 65 3665,Beverage,583.49
3666,66,Chicken Biryani 3666,Combo,581.89
3667,67,Momos 3667,Main Course,648.18
3668,68,Cold Coffee 3668,Beverage,474.11
3669,69,Chicken Fried Rice 3669,Starter,123.36
3670,70,Paneer Tikka 3670,Beverage,191.71
3671,71,Gulab Jamun 3671,Dessert,326.3
3672,72,Paneer Biryani 3672,Starter,308.54
3673,73,Veg Noodles 3673,Starter,267.36
3674,74,Brownie 3674,Beverage,265.15
3675,75,Paneer Butter Masala 3675,Combo,510.27
3676,76,Veg Fried Rice 3676,Starter,159.35
3677,77,Vada 3677,Starter,553.51
3678,78,Farmhouse Pizza 3678,Beverage,493.35
3679,79,Gulab Jamun 3679,Combo,334.71
3680,80,Momos 3680,Combo,200.68
3681,81,Masala Dosa 3681,Combo,563.84
3682,82,Chicken 65 3682,Dessert,339.96
3683,83,Burger 3683,Starter,649.16
3684,84,Butter Naan 3684,Beverage,180.48
3685,85,Fresh Lime Soda 3685,Combo,362.83
3686,86,Fresh Lime Soda 3686,Dessert,247.69
3687,87,Veg Noodles 3687,Beverage,130.35
3688,88,Chicken Curry 3688,Main Course,264.37
3689,89,Veg Biryani 3689,Starter,255.66
3690,90,Chicken Noodles 3690,Combo,196.49
3691,91,Chicken Noodles 3691,Beverage,88.28
3692,92,Paneer Tikka 3692,Starter,160.79
3693,93,Cold Coffee 3693,Main Course,626.42
3694,94,Cold Coffee 3694,Beverage,405.54
3695,95,Masala Dosa 3695,Main Course,573.42
3696,96,Fresh Lime Soda 3696,Beverage,151.46
3697,97,Momos 3697,Dessert,194.57
3698,98,Veg Noodles 3698,Beverage,175.27
3699,99,Veg Fried Rice 3699,Main Course,186.87
3700,100,Paneer Tikka 3700,Beverage,470.0
3701,101,Idli 3701,Starter,300.89
3702,102,Veg Noodles 3702,Combo,449.29
3703,103,Ice Cream 3703,Dessert,428.39
3704,104,Veg Noodles 3704,Dessert,455.7
3705,105,Paneer Tikka 3705,Dessert,438.86
3706,106,Paneer Butter Masala 3706,Dessert,419.64
3707,107,Veg Noodles 3707,Starter,82.72
3708,108,Paneer Biryani 3708,Starter,197.49
3709,109,Veg Fried Rice 3709,Dessert,430.58
3710,110,Burger 3710,Combo,621.04
3711,111,Chicken Fried Rice 3711,Dessert,80.67
3712,112,Cold Coffee 3712,Dessert,459.78
3713,113,Margherita Pizza 3713,Main Course,423.73
3714,114,Paneer Tikka 3714,Main Course,249.07
3715,115,Momos 3715,Beverage,435.16
3716,116,Burger 3716,Beverage,148.19
3717,117,Brownie 3717,Dessert,282.17
3718,118,Chicken Fried Rice 3718,Dessert,501.24
3719,119,Chicken Curry 3719,Combo,241.4
3720,120,Vada 3720,Starter,307.05
3721,121,Veg Noodles 3721,Combo,581.98
3722,122,Paneer Butter Masala 3722,Combo,341.3
3723,123,Vada 3723,Dessert,120.83
3724,124,Ice Cream 3724,Main Course,509.39
3725,125,French Fries 3725,Dessert,298.05
3726,126,Fresh Lime Soda 3726,Beverage,430.56
3727,127,Momos 3727,Starter,170.07
3728,128,Vada 3728,Dessert,380.86
3729,129,Veg Biryani 3729,Combo,367.67
3730,130,Veg Biryani 3730,Dessert,404.02
3731,131,Chicken Curry 3731,Main Course,543.95
3732,132,Ice Cream 3732,Starter,242.79
3733,133,Brownie 3733,Dessert,499.92
3734,134,Brownie 3734,Main Course,124.66
3735,135,Veg Biryani 3735,Starter,347.19
3736,136,Chicken Biryani 3736,Starter,595.25
3737,137,Farmhouse Pizza 3737,Beverage,443.91
3738,138,Vada 3738,Main Course,475.71
3739,139,Veg Fried Rice 3739,Combo,436.89
3740,140,Veg Biryani 3740,Dessert,166.9
3741,141,Chicken Curry 3741,Main Course,529.96
3742,142,Butter Naan 3742,Beverage,499.51
3743,143,Veg Fried Rice 3743,Starter,207.86
3744,144,Burger 3744,Combo,465.18
3745,145,Paneer Biryani 3745,Main Course,478.28
3746,146,Butter Naan 3746,Combo,412.06
3747,147,Ice Cream 3747,Dessert,604.03
3748,148,Butter Naan 3748,Combo,549.51
3749,149,Chicken Noodles 3749,Combo,169.68
3750,150,Burger 3750,Dessert,302.31
3751,151,Chicken Noodles 3751,Combo,548.33
3752,152,Butter Naan 3752,Dessert,84.38
3753,153,Burger 3753,Beverage,183.94
3754,154,French Fries 3754,Dessert,541.59
3755,155,Ice Cream 3755,Dessert,267.55
3756,156,Idli 3756,Beverage,471.19
3757,157,Farmhouse Pizza 3757,Dessert,273.12
3758,158,Masala Dosa 3758,Starter,93.47
3759,159,Paneer Tikka 3759,Starter,547.44
3760,160,Paneer Tikka 3760,Combo,116.81
3761,161,Fresh Lime Soda 3761,Combo,442.5
3762,162,French Fries 3762,Combo,436.96
3763,163,French Fries 3763,Combo,480.73
3764,164,Veg Fried Rice 3764,Main Course,178.71
3765,165,French Fries 3765,Combo,125.11
3766,166,Chicken Curry 3766,Main Course,512.74
3767,167,Farmhouse Pizza 3767,Beverage,215.44
3768,168,Cold Coffee 3768,Starter,413.46
3769,169,Idli 3769,Main Course,410.15
3770,170,Burger 3770,Main Course,510.23
3771,171,Paneer Biryani 3771,Dessert,416.8
3772,172,Butter Naan 3772,Starter,92.05
3773,173,Vada 3773,Main Course,649.25
3774,174,Ice Cream 3774,Beverage,405.73
3775,175,Vada 3775,Main Course,574.76
3776,176,Idli 3776,Starter,562.74
3777,177,Paneer Butter Masala 3777,Dessert,135.19
3778,178,French Fries 3778,Starter,405.12
3779,179,Cold Coffee 3779,Main Course,160.99
3780,180,Farmhouse Pizza 3780,Beverage,636.58
3781,181,Cold Coffee 3781,Beverage,514.45
3782,182,Chicken Fried Rice 3782,Dessert,129.29
3783,183,Paneer Tikka 3783,Combo,201.47
3784,184,Fresh Lime Soda 3784,Dessert,541.08
3785,185,Masala Dosa 3785,Main Course,376.19
3786,186,Farmhouse Pizza 3786,Beverage,639.6
3787,187,Chicken Fried Rice 3787,Dessert,212.61
3788,188,Butter Naan 3788,Combo,139.15
3789,189,Margherita Pizza 3789,Main Course,637.99
3790,190,Brownie 3790,Beverage,355.18
3791,191,Fresh Lime Soda 3791,Beverage,123.58
3792,192,Butter Naan 3792,Dessert,314.23
3793,193,Paneer Butter Masala 3793,Starter,316.21
3794,194,Brownie 3794,Beverage,422.56
3795,195,Chicken Fried Rice 3795,Beverage,153.32
3796,196,Burger 3796,Starter,380.04
3797,197,Paneer Biryani 3797,Dessert,213.53
3798,198,Margherita Pizza 3798,Combo,121.76
3799,199,Chicken Fried Rice 3799,Dessert,241.24
3800,200,Ice Cream 3800,Beverage,487.3
3801,201,Veg Noodles 3801,Combo,236.58
3802,202,Margherita Pizza 3802,Main Course,549.17
3803,203,Paneer Butter Masala 3803,Combo,113.46
3804,204,Chicken Fried Rice 3804,Main Course,585.8
3805,205,Momos 3805,Main Course,615.74
3806,206,Farmhouse Pizza 3806,Beverage,470.53
3807,207,Chicken Fried Rice 3807,Combo,289.55
3808,208,Paneer Biryani 3808,Main Course,551.19
3809,209,Veg Biryani 3809,Main Course,242.58
3810,210,Veg Biryani 3810,Starter,189.05
3811,211,Brownie 3811,Beverage,222.49
3812,212,Vada 3812,Combo,633.85
3813,213,Farmhouse Pizza 3813,Starter,370.84
3814,214,Chicken Biryani 3814,Main Course,527.22
3815,215,Veg Biryani 3815,Combo,144.8
3816,216,Veg Fried Rice 3816,Starter,271.86
3817,217,Butter Naan 3817,Main Course,307.49
3818,218,Paneer Tikka 3818,Dessert,107.97
3819,219,Chicken Noodles 3819,Main Course,306.31
3820,220,French Fries 3820,Starter,344.0
3821,221,Cold Coffee 3821,Combo,396.92
3822,222,Chicken Noodles 3822,Combo,519.74
3823,223,Chicken Noodles 3823,Main Course,390.81
3824,224,Momos 3824,Starter,560.94
3825,225,Burger 3825,Starter,255.09
3826,226,Fresh Lime Soda 3826,Dessert,505.89
3827,227,Chicken 65 3827,Main Course,87.2
3828,228,Ice Cream 3828,Beverage,350.36
3829,229,Chicken Biryani 3829,Combo,97.46
3830,230,Farmhouse Pizza 3830,Starter,616.71
3831,231,Chicken Curry 3831,Main Course,481.45
3832,232,Gulab Jamun 3832,Beverage,557.99
3833,233,Paneer Butter Masala 3833,Beverage,438.57
3834,234,Paneer Biryani 3834,Beverage,500.64
3835,235,Chicken Biryani 3835,Beverage,513.34
3836,236,Idli 3836,Dessert,403.24
3837,237,Burger 3837,Combo,249.1
3838,238,Vada 3838,Combo,315.24
3839,239,Idli 3839,Combo,611.27
3840,240,Ice Cream 3840,Main Course,513.62
3841,241,Paneer Biryani 3841,Combo,337.41
3842,242,Farmhouse Pizza 3842,Combo,208.86
3843,243,Masala Dosa 3843,Beverage,84.12
3844,244,Masala Dosa 3844,Main Course,432.52
3845,245,Paneer Biryani 3845,Main Course,192.92
3846,246,Veg Biryani 3846,Starter,95.01
3847,247,Ice Cream 3847,Dessert,569.59
3848,248,Paneer Biryani 3848,Dessert,82.37
3849,249,Gulab Jamun 3849,Main Course,301.02
3850,250,Brownie 3850,Dessert,397.12
3851,251,Masala Dosa 3851,Dessert,257.16
3852,252,Gulab Jamun 3852,Combo,464.41
3853,253,Veg Fried Rice 3853,Main Course,610.74
3854,254,Farmhouse Pizza 3854,Dessert,152.09
3855,255,Idli 3855,Combo,603.62
3856,256,Paneer Biryani 3856,Combo,140.19
3857,257,Paneer Tikka 3857,Combo,304.12
3858,258,Veg Fried Rice 3858,Starter,525.02
3859,259,Masala Dosa 3859,Beverage,111.78
3860,260,Chicken 65 3860,Dessert,161.05
3861,261,Idli 3861,Dessert,510.94
3862,262,Paneer Butter Masala 3862,Main Course,530.8
3863,263,Ice Cream 3863,Combo,313.66
3864,264,Chicken Curry 3864,Dessert,167.05
3865,265,Gulab Jamun 3865,Combo,122.4
3866,266,Chicken Biryani 3866,Beverage,413.0
3867,267,Idli 3867,Main Course,351.93
3868,268,Gulab Jamun 3868,Starter,572.62
3869,269,Paneer Biryani 3869,Combo,96.29
3870,270,Chicken Noodles 3870,Main Course,478.29
3871,271,Paneer Tikka 3871,Dessert,643.53
3872,272,Farmhouse Pizza 3872,Dessert,218.39
3873,273,Chicken Noodles 3873,Starter,136.93
3874,274,Burger 3874,Beverage,528.41
3875,275,French Fries 3875,Starter,560.11
3876,276,Farmhouse Pizza 3876,Beverage,494.19
3877,277,Ice Cream 3877,Main Course,539.81
3878,278,Idli 3878,Dessert,102.45
3879,279,Chicken 65 3879,Dessert,130.36
3880,280,Paneer Butter Masala 3880,Dessert,261.05
3881,281,Chicken 65 3881,Dessert,568.45
3882,282,Gulab Jamun 3882,Beverage,137.48
3883,283,Veg Noodles 3883,Beverage,305.17
3884,284,Veg Noodles 3884,Dessert,134.22
3885,285,Chicken Noodles 3885,Main Course,633.55
3886,286,Chicken Fried Rice 3886,Starter,102.22
3887,287,Margherita Pizza 3887,Main Course,139.6
3888,288,Gulab Jamun 3888,Main Course,474.77
3889,289,Cold Coffee 3889,Combo,517.78
3890,290,Chicken Curry 3890,Beverage,404.72
3891,291,Margherita Pizza 3891,Combo,540.74
3892,292,Veg Noodles 3892,Starter,286.08
3893,293,Vada 3893,Starter,276.76
3894,294,Veg Noodles 3894,Main Course,279.18
3895,295,Gulab Jamun 3895,Starter,186.89
3896,296,Momos 3896,Combo,448.0
3897,297,Burger 3897,Main Course,559.07
3898,298,Veg Noodles 3898,Main Course,367.27
3899,299,Fresh Lime Soda 3899,Combo,502.04
3900,300,Chicken Curry 3900,Main Course,546.9
3901,1,Chicken Curry 3901,Beverage,623.63
3902,2,Paneer Butter Masala 3902,Combo,423.66
3903,3,Fresh Lime Soda 3903,Dessert,387.91
3904,4,Chicken Curry 3904,Starter,550.93
3905,5,Chicken Fried Rice 3905,Main Course,116.79
3906,6,Butter Naan 3906,Starter,593.58
3907,7,Burger 3907,Combo,551.05
3908,8,Chicken Biryani 3908,Combo,87.8
3909,9,Chicken Biryani 3909,Main Course,220.95
3910,10,Veg Noodles 3910,Beverage,395.86
3911,11,Brownie 3911,Combo,456.99
3912,12,Chicken Biryani 3912,Main Course,588.27
3913,13,Veg Biryani 3913,Beverage,326.61
3914,14,Brownie 3914,Main Course,164.39
3915,15,Chicken 65 3915,Dessert,392.51
3916,16,Veg Biryani 3916,Combo,106.47
3917,17,Vada 3917,Combo,112.09
3918,18,Fresh Lime Soda 3918,Dessert,499.21
3919,19,French Fries 3919,Main Course,234.6
3920,20,Chicken Curry 3920,Dessert,424.64
3921,21,Paneer Biryani 3921,Combo,514.74
3922,22,Chicken Fried Rice 3922,Combo,516.07
3923,23,Ice Cream 3923,Combo,319.39
3924,24,Masala Dosa 3924,Combo,509.88
3925,25,Chicken Curry 3925,Dessert,155.86
3926,26,French Fries 3926,Dessert,125.33
3927,27,Gulab Jamun 3927,Starter,301.65
3928,28,Chicken Noodles 3928,Dessert,584.72
3929,29,Chicken Noodles 3929,Dessert,261.42
3930,30,Momos 3930,Dessert,488.04
3931,31,Fresh Lime Soda 3931,Combo,482.76
3932,32,Fresh Lime Soda 3932,Starter,472.69
3933,33,Momos 3933,Main Course,283.78
3934,34,Masala Dosa 3934,Combo,440.53
3935,35,Chicken Noodles 3935,Combo,390.19
3936,36,Paneer Biryani 3936,Beverage,134.88
3937,37,Veg Fried Rice 3937,Beverage,266.9
3938,38,Paneer Butter Masala 3938,Dessert,508.78
3939,39,Margherita Pizza 3939,Main Course,286.12
3940,40,Burger 3940,Dessert,272.57
3941,41,Vada 3941,Main Course,263.6
3942,42,Paneer Butter Masala 3942,Beverage,248.32
3943,43,Burger 3943,Main Course,389.78
3944,44,Brownie 3944,Combo,383.73
3945,45,Paneer Tikka 3945,Dessert,374.46
3946,46,French Fries 3946,Beverage,572.45
3947,47,Chicken Fried Rice 3947,Starter,585.67
3948,48,Chicken Fried Rice 3948,Combo,194.51
3949,49,Chicken Noodles 3949,Main Course,329.8
3950,50,Masala Dosa 3950,Main Course,250.32
3951,51,Paneer Butter Masala 3951,Main Course,137.7
3952,52,Masala Dosa 3952,Combo,544.87
3953,53,Burger 3953,Beverage,200.72
3954,54,Brownie 3954,Starter,391.12
3955,55,Ice Cream 3955,Main Course,613.3
3956,56,Idli 3956,Main Course,246.99
3957,57,Paneer Butter Masala 3957,Beverage,350.61
3958,58,Veg Noodles 3958,Starter,533.39
3959,59,Chicken Noodles 3959,Starter,202.93
3960,60,Fresh Lime Soda 3960,Starter,354.47
3961,61,Butter Naan 3961,Starter,107.03
3962,62,Fresh Lime Soda 3962,Combo,86.56
3963,63,Idli 3963,Beverage,522.64
3964,64,Idli 3964,Dessert,453.52
3965,65,Idli 3965,Starter,629.59
3966,66,Paneer Butter Masala 3966,Main Course,636.63
3967,67,Veg Biryani 3967,Combo,263.47
3968,68,Momos 3968,Dessert,400.41
3969,69,Chicken Fried Rice 3969,Dessert,342.48
3970,70,Gulab Jamun 3970,Starter,112.63
3971,71,Margherita Pizza 3971,Combo,611.22
3972,72,French Fries 3972,Combo,123.31
3973,73,Brownie 3973,Combo,428.18
3974,74,Cold Coffee 3974,Combo,561.76
3975,75,Masala Dosa 3975,Dessert,334.17
3976,76,Paneer Biryani 3976,Dessert,90.94
3977,77,French Fries 3977,Beverage,147.32
3978,78,Ice Cream 3978,Main Course,202.77
3979,79,Chicken 65 3979,Dessert,495.58
3980,80,Paneer Butter Masala 3980,Beverage,354.99
3981,81,Paneer Tikka 3981,Starter,119.31
3982,82,Brownie 3982,Combo,99.19
3983,83,Farmhouse Pizza 3983,Main Course,277.48
3984,84,Ice Cream 3984,Combo,635.15
3985,85,Vada 3985,Beverage,93.28
3986,86,Veg Biryani 3986,Beverage,249.76
3987,87,Paneer Biryani 3987,Beverage,323.07
3988,88,Ice Cream 3988,Dessert,467.55
3989,89,Veg Biryani 3989,Beverage,494.43
3990,90,Paneer Butter Masala 3990,Dessert,292.59
3991,91,Veg Fried Rice 3991,Starter,92.39
3992,92,Chicken Fried Rice 3992,Dessert,262.01
3993,93,French Fries 3993,Starter,548.76
3994,94,Burger 3994,Starter,401.74
3995,95,Chicken Biryani 3995,Beverage,190.51
3996,96,Chicken Biryani 3996,Main Course,504.24
3997,97,Cold Coffee 3997,Dessert,484.05
3998,98,Gulab Jamun 3998,Main Course,630.98
3999,99,Fresh Lime Soda 3999,Dessert,185.3
4000,100,Fresh Lime Soda 4000,Starter,167.01
4001,101,Brownie 4001,Beverage,376.07
4002,102,Momos 4002,Starter,553.61
4003,103,Veg Fried Rice 4003,Starter,449.39
4004,104,Margherita Pizza 4004,Beverage,319.65
4005,105,Margherita Pizza 4005,Combo,606.68
4006,106,Paneer Tikka 4006,Dessert,573.25
4007,107,Vada 4007,Starter,553.53
4008,108,Masala Dosa 4008,Main Course,631.54
4009,109,Idli 4009,Combo,241.26
4010,110,Veg Noodles 4010,Combo,424.46
4011,111,Burger 4011,Main Course,585.88
4012,112,Chicken Noodles 4012,Beverage,351.47
4013,113,Cold Coffee 4013,Beverage,329.21
4014,114,Chicken 65 4014,Combo,273.09
4015,115,Brownie 4015,Dessert,393.01
4016,116,Paneer Tikka 4016,Beverage,289.01
4017,117,Ice Cream 4017,Combo,182.31
4018,118,Veg Fried Rice 4018,Dessert,403.66
4019,119,Masala Dosa 4019,Dessert,386.75
4020,120,Veg Fried Rice 4020,Combo,461.0
4021,121,Chicken 65 4021,Main Course,307.15
4022,122,Veg Fried Rice 4022,Starter,460.2
4023,123,Margherita Pizza 4023,Starter,265.96
4024,124,Paneer Biryani 4024,Combo,346.14
4025,125,Farmhouse Pizza 4025,Dessert,217.1
4026,126,Cold Coffee 4026,Main Course,236.03
4027,127,Burger 4027,Dessert,459.13
4028,128,Chicken Noodles 4028,Beverage,333.62
4029,129,Veg Noodles 4029,Starter,412.99
4030,130,Fresh Lime Soda 4030,Main Course,623.79
4031,131,Chicken Biryani 4031,Starter,118.37
4032,132,Burger 4032,Dessert,565.96
4033,133,Paneer Butter Masala 4033,Dessert,357.28
4034,134,French Fries 4034,Dessert,632.12
4035,135,Veg Noodles 4035,Combo,368.14
4036,136,Farmhouse Pizza 4036,Dessert,329.71
4037,137,Gulab Jamun 4037,Beverage,496.34
4038,138,Paneer Butter Masala 4038,Main Course,268.39
4039,139,Gulab Jamun 4039,Main Course,458.87
4040,140,Vada 4040,Dessert,384.94
4041,141,Idli 4041,Dessert,180.0
4042,142,Paneer Biryani 4042,Dessert,199.27
4043,143,Ice Cream 4043,Dessert,268.36
4044,144,Burger 4044,Dessert,568.81
4045,145,Ice Cream 4045,Main Course,277.3
4046,146,Paneer Biryani 4046,Starter,116.3
4047,147,Paneer Biryani 4047,Starter,486.01
4048,148,Veg Fried Rice 4048,Combo,366.03
4049,149,Margherita Pizza 4049,Combo,106.73
4050,150,Brownie 4050,Dessert,456.73
4051,151,Veg Noodles 4051,Beverage,529.07
4052,152,Cold Coffee 4052,Beverage,328.92
4053,153,Veg Noodles 4053,Main Course,526.5
4054,154,Chicken Fried Rice 4054,Dessert,88.02
4055,155,Ice Cream 4055,Beverage,403.0
4056,156,Momos 4056,Dessert,343.97
4057,157,Chicken Fried Rice 4057,Beverage,290.67
4058,158,Paneer Butter Masala 4058,Starter,300.97
4059,159,Paneer Biryani 4059,Starter,229.89
4060,160,Paneer Tikka 4060,Beverage,270.86
4061,161,Gulab Jamun 4061,Combo,285.94
4062,162,Margherita Pizza 4062,Combo,337.83
4063,163,Chicken Curry 4063,Beverage,145.4
4064,164,Burger 4064,Starter,159.56
4065,165,Paneer Butter Masala 4065,Starter,534.92
4066,166,Chicken Noodles 4066,Main Course,127.05
4067,167,Cold Coffee 4067,Main Course,365.28
4068,168,Veg Biryani 4068,Starter,126.89
4069,169,Masala Dosa 4069,Combo,375.74
4070,170,Veg Biryani 4070,Combo,224.79
4071,171,Fresh Lime Soda 4071,Beverage,544.86
4072,172,Vada 4072,Beverage,334.59
4073,173,Margherita Pizza 4073,Starter,245.36
4074,174,Cold Coffee 4074,Starter,165.32
4075,175,Paneer Butter Masala 4075,Starter,583.57
4076,176,Paneer Biryani 4076,Starter,152.61
4077,177,Fresh Lime Soda 4077,Main Course,393.38
4078,178,Cold Coffee 4078,Starter,317.06
4079,179,French Fries 4079,Beverage,435.5
4080,180,Butter Naan 4080,Beverage,414.94
4081,181,Cold Coffee 4081,Main Course,378.89
4082,182,Paneer Tikka 4082,Combo,374.09
4083,183,Ice Cream 4083,Dessert,197.6
4084,184,French Fries 4084,Dessert,588.76
4085,185,Farmhouse Pizza 4085,Beverage,511.46
4086,186,Veg Noodles 4086,Starter,350.29
4087,187,Cold Coffee 4087,Starter,345.76
4088,188,Cold Coffee 4088,Starter,227.87
4089,189,Idli 4089,Dessert,564.11
4090,190,Farmhouse Pizza 4090,Beverage,278.18
4091,191,Burger 4091,Combo,493.97
4092,192,Momos 4092,Main Course,296.37
4093,193,Chicken Biryani 4093,Combo,249.24
4094,194,Farmhouse Pizza 4094,Starter,634.98
4095,195,Veg Noodles 4095,Starter,605.49
4096,196,Veg Noodles 4096,Beverage,311.13
4097,197,Vada 4097,Combo,590.55
4098,198,French Fries 4098,Combo,395.43
4099,199,Paneer Butter Masala 4099,Beverage,232.71
4100,200,Idli 4100,Dessert,597.52
4101,201,Butter Naan 4101,Main Course,161.12
4102,202,Farmhouse Pizza 4102,Beverage,534.11
4103,203,Fresh Lime Soda 4103,Main Course,410.15
4104,204,Paneer Butter Masala 4104,Dessert,254.26
4105,205,Butter Naan 4105,Combo,551.51
4106,206,French Fries 4106,Combo,132.47
4107,207,Paneer Biryani 4107,Starter,158.88
4108,208,Paneer Butter Masala 4108,Main Course,274.5
4109,209,Chicken Fried Rice 4109,Starter,447.89
4110,210,Farmhouse Pizza 4110,Beverage,124.61
4111,211,Paneer Tikka 4111,Combo,238.97
4112,212,Vada 4112,Beverage,558.92
4113,213,Gulab Jamun 4113,Dessert,461.45
4114,214,Paneer Butter Masala 4114,Starter,358.48
4115,215,Chicken Biryani 4115,Combo,569.98
4116,216,Chicken Noodles 4116,Dessert,351.38
4117,217,Paneer Biryani 4117,Combo,110.75
4118,218,Veg Biryani 4118,Starter,180.27
4119,219,Brownie 4119,Dessert,95.15
4120,220,Butter Naan 4120,Beverage,513.28
4121,221,Chicken Noodles 4121,Combo,505.77
4122,222,Butter Naan 4122,Starter,322.91
4123,223,Masala Dosa 4123,Combo,256.46
4124,224,Masala Dosa 4124,Starter,124.25
4125,225,Veg Biryani 4125,Starter,159.99
4126,226,Butter Naan 4126,Combo,611.07
4127,227,Chicken 65 4127,Beverage,218.34
4128,228,Gulab Jamun 4128,Dessert,626.38
4129,229,Margherita Pizza 4129,Starter,111.42
4130,230,Chicken 65 4130,Combo,275.43
4131,231,Paneer Butter Masala 4131,Main Course,433.95
4132,232,Brownie 4132,Beverage,514.37
4133,233,Momos 4133,Combo,319.15
4134,234,Veg Fried Rice 4134,Starter,234.72
4135,235,Paneer Biryani 4135,Starter,467.8
4136,236,Paneer Biryani 4136,Starter,282.76
4137,237,Chicken 65 4137,Combo,366.04
4138,238,Farmhouse Pizza 4138,Starter,499.21
4139,239,Paneer Butter Masala 4139,Starter,91.95
4140,240,Burger 4140,Main Course,232.32
4141,241,Veg Fried Rice 4141,Beverage,346.4
4142,242,Fresh Lime Soda 4142,Dessert,336.8
4143,243,Veg Biryani 4143,Dessert,363.98
4144,244,Momos 4144,Starter,559.74
4145,245,Idli 4145,Beverage,591.66
4146,246,Vada 4146,Beverage,499.59
4147,247,Margherita Pizza 4147,Beverage,452.83
4148,248,Chicken Noodles 4148,Main Course,138.77
4149,249,Chicken Fried Rice 4149,Beverage,540.71
4150,250,Gulab Jamun 4150,Dessert,536.24
4151,251,Margherita Pizza 4151,Starter,146.76
4152,252,Veg Biryani 4152,Starter,250.14
4153,253,Paneer Tikka 4153,Beverage,260.86
4154,254,Brownie 4154,Dessert,585.04
4155,255,French Fries 4155,Beverage,630.85
4156,256,Farmhouse Pizza 4156,Beverage,291.57
4157,257,Chicken Curry 4157,Main Course,540.25
4158,258,French Fries 4158,Main Course,189.65
4159,259,Chicken 65 4159,Combo,467.2
4160,260,Farmhouse Pizza 4160,Dessert,157.09
4161,261,Chicken Curry 4161,Starter,476.18
4162,262,Margherita Pizza 4162,Beverage,99.65
4163,263,Paneer Butter Masala 4163,Dessert,441.29
4164,264,Momos 4164,Starter,301.66
4165,265,Paneer Butter Masala 4165,Main Course,505.16
4166,266,Paneer Butter Masala 4166,Starter,393.38
4167,267,Chicken Noodles 4167,Starter,609.73
4168,268,Farmhouse Pizza 4168,Combo,97.68
4169,269,Butter Naan 4169,Dessert,636.24
4170,270,Brownie 4170,Beverage,404.39
4171,271,Margherita Pizza 4171,Main Course,295.89
4172,272,Momos 4172,Beverage,409.92
4173,273,Momos 4173,Main Course,495.04
4174,274,Fresh Lime Soda 4174,Main Course,401.02
4175,275,Paneer Tikka 4175,Beverage,205.76
4176,276,Fresh Lime Soda 4176,Starter,276.93
4177,277,Veg Fried Rice 4177,Starter,411.26
4178,278,Chicken Biryani 4178,Starter,121.69
4179,279,Paneer Biryani 4179,Main Course,583.12
4180,280,Farmhouse Pizza 4180,Dessert,83.06
4181,281,Veg Biryani 4181,Main Course,102.85
4182,282,Veg Fried Rice 4182,Starter,152.86
4183,283,Veg Biryani 4183,Beverage,214.4
4184,284,Brownie 4184,Starter,104.23
4185,285,French Fries 4185,Starter,408.24
4186,286,Chicken 65 4186,Dessert,641.96
4187,287,Veg Biryani 4187,Combo,405.61
4188,288,Chicken Biryani 4188,Beverage,322.06
4189,289,Paneer Biryani 4189,Dessert,146.43
4190,290,Chicken Biryani 4190,Main Course,243.02
4191,291,Burger 4191,Starter,230.23
4192,292,Chicken Noodles 4192,Beverage,591.25
4193,293,Momos 4193,Main Course,518.31
4194,294,Margherita Pizza 4194,Starter,403.61
4195,295,Paneer Tikka 4195,Dessert,264.79
4196,296,Brownie 4196,Dessert,373.49
4197,297,Cold Coffee 4197,Combo,288.09
4198,298,Gulab Jamun 4198,Dessert,523.94
4199,299,Paneer Butter Masala 4199,Dessert,620.45
4200,300,Chicken Curry 4200,Main Course,322.09
4201,1,Butter Naan 4201,Beverage,110.33
4202,2,Gulab Jamun 4202,Beverage,592.83
4203,3,Vada 4203,Main Course,304.53
4204,4,Chicken Curry 4204,Starter,502.94
4205,5,Veg Biryani 4205,Beverage,168.06
4206,6,Masala Dosa 4206,Main Course,456.79
4207,7,Veg Noodles 4207,Combo,543.78
4208,8,Ice Cream 4208,Beverage,325.82
4209,9,Idli 4209,Dessert,386.01
4210,10,Paneer Tikka 4210,Dessert,306.03
4211,11,Cold Coffee 4211,Beverage,314.69
4212,12,Chicken Fried Rice 4212,Beverage,174.52
4213,13,Farmhouse Pizza 4213,Beverage,84.76
4214,14,Chicken Biryani 4214,Main Course,557.03
4215,15,Chicken Fried Rice 4215,Starter,513.22
4216,16,Chicken Noodles 4216,Beverage,189.08
4217,17,Farmhouse Pizza 4217,Beverage,358.79
4218,18,Chicken Fried Rice 4218,Main Course,512.02
4219,19,Butter Naan 4219,Combo,542.69
4220,20,Chicken Curry 4220,Starter,163.94
4221,21,Brownie 4221,Combo,473.19
4222,22,Butter Naan 4222,Dessert,323.67
4223,23,Ice Cream 4223,Starter,446.05
4224,24,Veg Fried Rice 4224,Starter,490.79
4225,25,Masala Dosa 4225,Beverage,105.31
4226,26,Vada 4226,Beverage,147.61
4227,27,Margherita Pizza 4227,Dessert,290.37
4228,28,Burger 4228,Dessert,649.25
4229,29,Veg Noodles 4229,Main Course,104.11
4230,30,Cold Coffee 4230,Main Course,100.37
4231,31,Chicken 65 4231,Combo,129.18
4232,32,Chicken Fried Rice 4232,Combo,591.41
4233,33,Paneer Butter Masala 4233,Beverage,364.76
4234,34,Ice Cream 4234,Starter,435.19
4235,35,Cold Coffee 4235,Starter,625.53
4236,36,Farmhouse Pizza 4236,Combo,128.59
4237,37,Veg Biryani 4237,Starter,305.01
4238,38,French Fries 4238,Dessert,629.36
4239,39,Butter Naan 4239,Main Course,626.69
4240,40,Gulab Jamun 4240,Beverage,441.01
4241,41,Fresh Lime Soda 4241,Combo,107.27
4242,42,Chicken Biryani 4242,Combo,354.12
4243,43,Margherita Pizza 4243,Beverage,342.73
4244,44,Chicken Fried Rice 4244,Starter,142.5
4245,45,Ice Cream 4245,Starter,499.18
4246,46,Burger 4246,Starter,614.5
4247,47,Margherita Pizza 4247,Main Course,459.22
4248,48,Burger 4248,Beverage,236.53
4249,49,Paneer Tikka 4249,Combo,611.71
4250,50,Vada 4250,Main Course,140.08
4251,51,Chicken Curry 4251,Combo,129.95
4252,52,Farmhouse Pizza 4252,Beverage,487.5
4253,53,Fresh Lime Soda 4253,Beverage,565.99
4254,54,Burger 4254,Beverage,180.87
4255,55,Butter Naan 4255,Starter,622.13
4256,56,Brownie 4256,Beverage,644.76
4257,57,Chicken Noodles 4257,Main Course,117.46
4258,58,Chicken Noodles 4258,Starter,210.27
4259,59,Margherita Pizza 4259,Main Course,118.06
4260,60,Veg Noodles 4260,Beverage,189.78
4261,61,Veg Biryani 4261,Beverage,247.87
4262,62,Brownie 4262,Combo,357.24
4263,63,Paneer Butter Masala 4263,Dessert,409.23
4264,64,Paneer Biryani 4264,Main Course,384.38
4265,65,Paneer Tikka 4265,Starter,448.95
4266,66,Margherita Pizza 4266,Dessert,258.72
4267,67,Ice Cream 4267,Combo,425.12
4268,68,Momos 4268,Main Course,327.54
4269,69,Chicken Biryani 4269,Beverage,146.02
4270,70,Veg Noodles 4270,Combo,547.83
4271,71,Chicken Biryani 4271,Combo,632.69
4272,72,Paneer Tikka 4272,Dessert,572.4
4273,73,Chicken Fried Rice 4273,Main Course,547.32
4274,74,Burger 4274,Starter,393.87
4275,75,Veg Fried Rice 4275,Main Course,482.5
4276,76,Margherita Pizza 4276,Beverage,366.52
4277,77,Idli 4277,Starter,285.8
4278,78,Butter Naan 4278,Main Course,413.54
4279,79,Vada 4279,Starter,643.52
4280,80,Gulab Jamun 4280,Dessert,192.99
4281,81,Masala Dosa 4281,Combo,572.97
4282,82,Veg Fried Rice 4282,Combo,438.8
4283,83,Veg Noodles 4283,Combo,133.83
4284,84,Fresh Lime Soda 4284,Dessert,148.44
4285,85,Margherita Pizza 4285,Beverage,448.67
4286,86,Burger 4286,Dessert,204.23
4287,87,Vada 4287,Beverage,535.19
4288,88,Paneer Tikka 4288,Beverage,460.48
4289,89,Paneer Butter Masala 4289,Starter,96.33
4290,90,Ice Cream 4290,Combo,587.79
4291,91,French Fries 4291,Starter,272.85
4292,92,Vada 4292,Combo,521.07
4293,93,Veg Biryani 4293,Main Course,192.95
4294,94,Chicken 65 4294,Combo,113.66
4295,95,Gulab Jamun 4295,Combo,522.95
4296,96,Chicken 65 4296,Dessert,437.04
4297,97,Butter Naan 4297,Beverage,504.36
4298,98,Momos 4298,Main Course,489.85
4299,99,Veg Biryani 4299,Combo,375.11
4300,100,Butter Naan 4300,Beverage,639.18
4301,101,Burger 4301,Starter,605.14
4302,102,Momos 4302,Starter,331.17
4303,103,Paneer Butter Masala 4303,Dessert,562.03
4304,104,Chicken Noodles 4304,Combo,526.54
4305,105,Idli 4305,Main Course,363.12
4306,106,Fresh Lime Soda 4306,Starter,158.48
4307,107,Farmhouse Pizza 4307,Main Course,615.15
4308,108,Paneer Biryani 4308,Dessert,457.42
4309,109,Paneer Biryani 4309,Dessert,337.59
4310,110,Chicken Fried Rice 4310,Main Course,83.86
4311,111,Idli 4311,Main Course,179.47
4312,112,Margherita Pizza 4312,Starter,328.95
4313,113,Margherita Pizza 4313,Beverage,262.03
4314,114,Ice Cream 4314,Beverage,140.13
4315,115,Cold Coffee 4315,Combo,117.82
4316,116,Masala Dosa 4316,Combo,83.29
4317,117,Veg Biryani 4317,Main Course,508.45
4318,118,Paneer Biryani 4318,Starter,216.12
4319,119,Fresh Lime Soda 4319,Starter,491.22
4320,120,Masala Dosa 4320,Combo,415.6
4321,121,Masala Dosa 4321,Main Course,125.42
4322,122,Brownie 4322,Starter,555.76
4323,123,Ice Cream 4323,Combo,172.15
4324,124,Chicken 65 4324,Combo,572.71
4325,125,Paneer Biryani 4325,Combo,165.5
4326,126,Ice Cream 4326,Dessert,615.25
4327,127,Masala Dosa 4327,Beverage,222.39
4328,128,Chicken Noodles 4328,Dessert,621.83
4329,129,Vada 4329,Dessert,123.03
4330,130,Brownie 4330,Beverage,322.98
4331,131,French Fries 4331,Main Course,292.78
4332,132,Gulab Jamun 4332,Combo,504.28
4333,133,Chicken Curry 4333,Starter,599.9
4334,134,Vada 4334,Combo,513.3
4335,135,Idli 4335,Dessert,583.86
4336,136,Cold Coffee 4336,Combo,139.43
4337,137,Farmhouse Pizza 4337,Dessert,503.01
4338,138,Gulab Jamun 4338,Main Course,423.86
4339,139,Gulab Jamun 4339,Combo,509.71
4340,140,Farmhouse Pizza 4340,Starter,206.98
4341,141,Farmhouse Pizza 4341,Starter,560.41
4342,142,Paneer Tikka 4342,Beverage,320.57
4343,143,French Fries 4343,Dessert,384.77
4344,144,Ice Cream 4344,Combo,295.8
4345,145,Paneer Biryani 4345,Starter,294.89
4346,146,Veg Noodles 4346,Combo,410.75
4347,147,Paneer Tikka 4347,Combo,561.03
4348,148,Paneer Butter Masala 4348,Dessert,575.5
4349,149,Fresh Lime Soda 4349,Main Course,464.79
4350,150,Farmhouse Pizza 4350,Dessert,476.74
4351,151,Paneer Tikka 4351,Beverage,339.89
4352,152,Idli 4352,Combo,498.0
4353,153,Chicken 65 4353,Combo,336.45
4354,154,Fresh Lime Soda 4354,Beverage,422.26
4355,155,Chicken Noodles 4355,Dessert,327.2
4356,156,Chicken Curry 4356,Combo,88.93
4357,157,Chicken Noodles 4357,Beverage,99.38
4358,158,Veg Noodles 4358,Combo,155.87
4359,159,Cold Coffee 4359,Starter,524.79
4360,160,Butter Naan 4360,Starter,402.58
4361,161,Masala Dosa 4361,Dessert,520.23
4362,162,Gulab Jamun 4362,Main Course,608.16
4363,163,Brownie 4363,Starter,327.38
4364,164,Burger 4364,Combo,310.47
4365,165,Vada 4365,Dessert,109.75
4366,166,Butter Naan 4366,Combo,595.68
4367,167,Chicken 65 4367,Beverage,558.87
4368,168,Chicken Biryani 4368,Beverage,168.58
4369,169,Chicken Noodles 4369,Starter,157.12
4370,170,Butter Naan 4370,Starter,81.73
4371,171,Vada 4371,Combo,534.95
4372,172,Fresh Lime Soda 4372,Combo,412.76
4373,173,Cold Coffee 4373,Combo,379.41
4374,174,Chicken Biryani 4374,Starter,640.41
4375,175,Ice Cream 4375,Starter,415.4
4376,176,Chicken 65 4376,Beverage,523.01
4377,177,Margherita Pizza 4377,Dessert,432.54
4378,178,Chicken Curry 4378,Main Course,371.88
4379,179,Burger 4379,Starter,363.96
4380,180,Fresh Lime Soda 4380,Main Course,330.02
4381,181,Brownie 4381,Combo,493.6
4382,182,Gulab Jamun 4382,Combo,526.71
4383,183,Chicken Biryani 4383,Dessert,152.62
4384,184,Fresh Lime Soda 4384,Main Course,277.1
4385,185,Idli 4385,Starter,520.57
4386,186,Idli 4386,Combo,124.88
4387,187,Margherita Pizza 4387,Beverage,588.96
4388,188,Chicken Noodles 4388,Main Course,443.75
4389,189,Idli 4389,Combo,503.26
4390,190,Margherita Pizza 4390,Main Course,143.73
4391,191,Chicken Noodles 4391,Starter,247.09
4392,192,Farmhouse Pizza 4392,Beverage,552.37
4393,193,Paneer Tikka 4393,Starter,225.98
4394,194,Veg Noodles 4394,Beverage,553.31
4395,195,Brownie 4395,Main Course,632.86
4396,196,Masala Dosa 4396,Main Course,318.0
4397,197,Veg Fried Rice 4397,Dessert,629.45
4398,198,Paneer Butter Masala 4398,Beverage,86.18
4399,199,Momos 4399,Dessert,173.45
4400,200,Fresh Lime Soda 4400,Dessert,112.38
4401,201,Gulab Jamun 4401,Starter,161.33
4402,202,Chicken Fried Rice 4402,Beverage,578.49
4403,203,Paneer Tikka 4403,Dessert,335.83
4404,204,Paneer Biryani 4404,Combo,123.68
4405,205,Chicken Noodles 4405,Main Course,344.92
4406,206,Chicken Biryani 4406,Beverage,528.04
4407,207,Gulab Jamun 4407,Combo,406.19
4408,208,Momos 4408,Starter,488.36
4409,209,Veg Biryani 4409,Dessert,541.68
4410,210,Farmhouse Pizza 4410,Combo,393.68
4411,211,Fresh Lime Soda 4411,Main Course,165.41
4412,212,Paneer Biryani 4412,Starter,139.64
4413,213,Burger 4413,Combo,449.27
4414,214,Veg Biryani 4414,Beverage,99.92
4415,215,Idli 4415,Dessert,142.12
4416,216,Cold Coffee 4416,Main Course,350.0
4417,217,Idli 4417,Main Course,614.82
4418,218,Margherita Pizza 4418,Beverage,599.43
4419,219,Masala Dosa 4419,Dessert,556.19
4420,220,Chicken 65 4420,Beverage,251.02
4421,221,Paneer Biryani 4421,Starter,626.25
4422,222,Chicken Curry 4422,Beverage,287.58
4423,223,Paneer Biryani 4423,Dessert,532.47
4424,224,Ice Cream 4424,Beverage,505.22
4425,225,Paneer Biryani 4425,Beverage,453.85
4426,226,Paneer Tikka 4426,Starter,93.4
4427,227,Chicken Curry 4427,Dessert,193.89
4428,228,Farmhouse Pizza 4428,Dessert,487.54
4429,229,Farmhouse Pizza 4429,Dessert,269.68
4430,230,Veg Biryani 4430,Dessert,614.23
4431,231,Masala Dosa 4431,Starter,265.58
4432,232,Vada 4432,Main Course,116.65
4433,233,French Fries 4433,Main Course,315.54
4434,234,Butter Naan 4434,Dessert,228.0
4435,235,Chicken Biryani 4435,Dessert,451.23
4436,236,Momos 4436,Dessert,561.18
4437,237,Cold Coffee 4437,Dessert,356.7
4438,238,Cold Coffee 4438,Main Course,548.69
4439,239,Chicken Curry 4439,Beverage,116.77
4440,240,Vada 4440,Starter,236.2
4441,241,Masala Dosa 4441,Combo,613.81
4442,242,Masala Dosa 4442,Combo,116.95
4443,243,Vada 4443,Starter,277.28
4444,244,Chicken Biryani 4444,Combo,89.87
4445,245,Masala Dosa 4445,Starter,629.17
4446,246,Brownie 4446,Main Course,555.08
4447,247,Masala Dosa 4447,Main Course,620.09
4448,248,Paneer Tikka 4448,Starter,421.19
4449,249,Momos 4449,Beverage,443.08
4450,250,Paneer Tikka 4450,Beverage,136.05
4451,251,Chicken Curry 4451,Starter,603.01
4452,252,Paneer Biryani 4452,Main Course,99.69
4453,253,Momos 4453,Combo,139.11
4454,254,Paneer Butter Masala 4454,Dessert,516.58
4455,255,Ice Cream 4455,Beverage,638.17
4456,256,Butter Naan 4456,Combo,231.21
4457,257,Margherita Pizza 4457,Main Course,497.74
4458,258,Burger 4458,Main Course,408.24
4459,259,Paneer Butter Masala 4459,Main Course,286.55
4460,260,Momos 4460,Main Course,646.48
4461,261,Chicken Curry 4461,Starter,402.93
4462,262,Brownie 4462,Starter,455.52
4463,263,Paneer Tikka 4463,Starter,261.16
4464,264,Butter Naan 4464,Starter,576.58
4465,265,Veg Noodles 4465,Beverage,359.07
4466,266,Chicken Fried Rice 4466,Main Course,639.94
4467,267,Momos 4467,Starter,483.72
4468,268,French Fries 4468,Main Course,159.8
4469,269,Ice Cream 4469,Starter,81.48
4470,270,Chicken Biryani 4470,Dessert,178.72
4471,271,Butter Naan 4471,Combo,144.22
4472,272,Chicken Curry 4472,Combo,176.88
4473,273,Chicken 65 4473,Main Course,316.23
4474,274,French Fries 4474,Main Course,361.33
4475,275,Paneer Tikka 4475,Main Course,468.73
4476,276,French Fries 4476,Dessert,84.49
4477,277,Momos 4477,Main Course,134.09
4478,278,Veg Fried Rice 4478,Combo,620.83
4479,279,Veg Fried Rice 4479,Starter,210.19
4480,280,Gulab Jamun 4480,Beverage,402.05
4481,281,Butter Naan 4481,Starter,285.98
4482,282,Paneer Biryani 4482,Beverage,220.93
4483,283,Veg Noodles 4483,Starter,485.75
4484,284,Burger 4484,Dessert,490.13
4485,285,Gulab Jamun 4485,Beverage,639.52
4486,286,Gulab Jamun 4486,Main Course,519.71
4487,287,Gulab Jamun 4487,Main Course,407.47
4488,288,Chicken Fried Rice 4488,Beverage,532.22
4489,289,Fresh Lime Soda 4489,Dessert,131.33
4490,290,Veg Noodles 4490,Combo,174.5
4491,291,Fresh Lime Soda 4491,Combo,386.81
4492,292,Paneer Biryani 4492,Combo,450.8
4493,293,Idli 4493,Beverage,300.11
4494,294,Paneer Butter Masala 4494,Main Course,308.1
4495,295,Paneer Tikka 4495,Starter,420.8
4496,296,Chicken Biryani 4496,Starter,378.22
4497,297,Cold Coffee 4497,Beverage,447.0
4498,298,Gulab Jamun 4498,Dessert,580.54
4499,299,Veg Fried Rice 4499,Starter,204.09
4500,300,Veg Fried Rice 4500,Starter,223.75
4501,1,Veg Noodles 4501,Starter,338.21
4502,2,Burger 4502,Starter,303.86
4503,3,Brownie 4503,Main Course,170.38
4504,4,Masala Dosa 4504,Main Course,247.36
4505,5,Veg Fried Rice 4505,Combo,523.38
4506,6,Burger 4506,Beverage,351.78
4507,7,Momos 4507,Main Course,238.19
4508,8,Chicken Noodles 4508,Beverage,477.06
4509,9,Chicken Noodles 4509,Dessert,257.95
4510,10,Masala Dosa 4510,Beverage,124.44
4511,11,Chicken 65 4511,Dessert,414.15
4512,12,Fresh Lime Soda 4512,Main Course,300.42
4513,13,Vada 4513,Starter,510.73
4514,14,Chicken Curry 4514,Starter,410.05
4515,15,Cold Coffee 4515,Starter,232.81
4516,16,Masala Dosa 4516,Combo,510.23
4517,17,Masala Dosa 4517,Beverage,147.66
4518,18,French Fries 4518,Beverage,261.98
4519,19,Chicken Biryani 4519,Combo,451.69
4520,20,Momos 4520,Dessert,355.21
4521,21,Masala Dosa 4521,Dessert,157.69
4522,22,Burger 4522,Main Course,504.02
4523,23,Fresh Lime Soda 4523,Dessert,95.73
4524,24,Veg Noodles 4524,Dessert,181.42
4525,25,Gulab Jamun 4525,Main Course,139.01
4526,26,Veg Noodles 4526,Starter,186.7
4527,27,Idli 4527,Starter,455.85
4528,28,Chicken Noodles 4528,Dessert,643.66
4529,29,Masala Dosa 4529,Combo,573.56
4530,30,Burger 4530,Dessert,174.06
4531,31,Farmhouse Pizza 4531,Beverage,413.15
4532,32,Veg Fried Rice 4532,Dessert,146.78
4533,33,Paneer Butter Masala 4533,Combo,576.76
4534,34,Fresh Lime Soda 4534,Starter,83.31
4535,35,Ice Cream 4535,Dessert,393.24
4536,36,Brownie 4536,Main Course,570.23
4537,37,Burger 4537,Main Course,369.97
4538,38,Chicken Biryani 4538,Dessert,445.58
4539,39,Chicken Biryani 4539,Combo,365.88
4540,40,Paneer Butter Masala 4540,Starter,648.96
4541,41,French Fries 4541,Starter,283.16
4542,42,Cold Coffee 4542,Main Course,82.23
4543,43,Gulab Jamun 4543,Combo,236.03
4544,44,Veg Fried Rice 4544,Starter,442.07
4545,45,Fresh Lime Soda 4545,Beverage,359.94
4546,46,Paneer Biryani 4546,Starter,108.29
4547,47,Paneer Butter Masala 4547,Dessert,573.23
4548,48,French Fries 4548,Starter,414.86
4549,49,French Fries 4549,Main Course,175.49
4550,50,Paneer Biryani 4550,Main Course,88.81
4551,51,Fresh Lime Soda 4551,Starter,176.54
4552,52,Momos 4552,Combo,606.96
4553,53,Veg Fried Rice 4553,Beverage,557.39
4554,54,French Fries 4554,Combo,552.1
4555,55,Farmhouse Pizza 4555,Starter,269.79
4556,56,Momos 4556,Beverage,609.17
4557,57,Paneer Butter Masala 4557,Dessert,530.23
4558,58,Butter Naan 4558,Starter,559.22
4559,59,Idli 4559,Main Course,394.04
4560,60,Cold Coffee 4560,Dessert,349.96
4561,61,Veg Biryani 4561,Main Course,212.8
4562,62,Ice Cream 4562,Combo,139.35
4563,63,Chicken Fried Rice 4563,Beverage,108.06
4564,64,Paneer Tikka 4564,Combo,266.82
4565,65,Idli 4565,Dessert,87.7
4566,66,Farmhouse Pizza 4566,Combo,533.83
4567,67,Chicken 65 4567,Combo,172.14
4568,68,Fresh Lime Soda 4568,Main Course,388.57
4569,69,Chicken Fried Rice 4569,Beverage,128.03
4570,70,Paneer Butter Masala 4570,Starter,448.29
4571,71,Farmhouse Pizza 4571,Dessert,602.34
4572,72,Veg Biryani 4572,Main Course,629.32
4573,73,French Fries 4573,Combo,489.61
4574,74,Gulab Jamun 4574,Beverage,409.37
4575,75,Chicken Fried Rice 4575,Main Course,524.18
4576,76,Chicken Fried Rice 4576,Beverage,645.67
4577,77,Veg Biryani 4577,Starter,311.28
4578,78,Farmhouse Pizza 4578,Dessert,221.42
4579,79,Veg Fried Rice 4579,Beverage,429.79
4580,80,Fresh Lime Soda 4580,Main Course,510.26
4581,81,Veg Fried Rice 4581,Beverage,423.25
4582,82,Veg Noodles 4582,Combo,239.19
4583,83,Gulab Jamun 4583,Starter,233.37
4584,84,Butter Naan 4584,Starter,641.92
4585,85,Fresh Lime Soda 4585,Dessert,388.36
4586,86,Fresh Lime Soda 4586,Dessert,438.36
4587,87,Paneer Biryani 4587,Beverage,257.98
4588,88,Fresh Lime Soda 4588,Starter,541.39
4589,89,Brownie 4589,Combo,473.23
4590,90,Vada 4590,Combo,606.18
4591,91,Momos 4591,Beverage,537.82
4592,92,Paneer Biryani 4592,Combo,252.15
4593,93,Fresh Lime Soda 4593,Dessert,109.42
4594,94,Chicken Noodles 4594,Main Course,422.11
4595,95,Paneer Biryani 4595,Main Course,212.34
4596,96,Chicken Curry 4596,Starter,308.92
4597,97,Butter Naan 4597,Beverage,435.72
4598,98,Chicken Fried Rice 4598,Dessert,182.34
4599,99,Masala Dosa 4599,Main Course,625.87
4600,100,Ice Cream 4600,Main Course,292.53
4601,101,Burger 4601,Combo,448.06
4602,102,Veg Noodles 4602,Dessert,221.13
4603,103,Chicken Fried Rice 4603,Beverage,460.02
4604,104,Burger 4604,Dessert,112.19
4605,105,Chicken Fried Rice 4605,Main Course,275.42
4606,106,Veg Fried Rice 4606,Main Course,144.08
4607,107,Gulab Jamun 4607,Combo,513.11
4608,108,Momos 4608,Beverage,428.74
4609,109,Momos 4609,Main Course,435.66
4610,110,Brownie 4610,Dessert,265.39
4611,111,French Fries 4611,Beverage,147.03
4612,112,Chicken Curry 4612,Starter,304.53
4613,113,Paneer Tikka 4613,Dessert,254.12
4614,114,Chicken Fried Rice 4614,Beverage,207.13
4615,115,Chicken Curry 4615,Dessert,593.73
4616,116,Chicken Biryani 4616,Main Course,478.97
4617,117,French Fries 4617,Combo,113.11
4618,118,Chicken Fried Rice 4618,Main Course,82.74
4619,119,Veg Noodles 4619,Starter,396.48
4620,120,Paneer Butter Masala 4620,Beverage,557.51
4621,121,Butter Naan 4621,Starter,299.13
4622,122,Ice Cream 4622,Beverage,630.24
4623,123,French Fries 4623,Beverage,125.77
4624,124,Farmhouse Pizza 4624,Combo,436.46
4625,125,Farmhouse Pizza 4625,Main Course,445.79
4626,126,Margherita Pizza 4626,Combo,452.74
4627,127,Vada 4627,Beverage,117.08
4628,128,Chicken Noodles 4628,Combo,144.29
4629,129,Idli 4629,Starter,308.4
4630,130,Burger 4630,Main Course,588.73
4631,131,Chicken Curry 4631,Beverage,289.3
4632,132,Gulab Jamun 4632,Beverage,384.29
4633,133,Momos 4633,Starter,96.31
4634,134,Idli 4634,Combo,235.49
4635,135,Farmhouse Pizza 4635,Main Course,426.73
4636,136,Paneer Biryani 4636,Main Course,624.89
4637,137,Veg Noodles 4637,Combo,265.75
4638,138,Momos 4638,Combo,133.23
4639,139,Burger 4639,Starter,187.28
4640,140,Chicken Curry 4640,Main Course,306.61
4641,141,French Fries 4641,Starter,301.93
4642,142,Paneer Tikka 4642,Beverage,89.81
4643,143,Gulab Jamun 4643,Starter,483.34
4644,144,Chicken Noodles 4644,Beverage,81.66
4645,145,French Fries 4645,Combo,403.12
4646,146,Cold Coffee 4646,Dessert,238.51
4647,147,Farmhouse Pizza 4647,Main Course,114.3
4648,148,Chicken Noodles 4648,Main Course,112.71
4649,149,Chicken Fried Rice 4649,Dessert,435.59
4650,150,Chicken 65 4650,Main Course,90.07
4651,151,Vada 4651,Combo,172.46
4652,152,Chicken Biryani 4652,Combo,298.02
4653,153,Chicken Curry 4653,Dessert,244.9
4654,154,Masala Dosa 4654,Beverage,473.63
4655,155,Gulab Jamun 4655,Combo,191.55
4656,156,Chicken Curry 4656,Main Course,379.38
4657,157,Brownie 4657,Dessert,299.57
4658,158,Gulab Jamun 4658,Beverage,225.97
4659,159,French Fries 4659,Starter,225.78
4660,160,Chicken Noodles 4660,Combo,140.42
4661,161,Veg Fried Rice 4661,Dessert,374.81
4662,162,Farmhouse Pizza 4662,Main Course,84.12
4663,163,Cold Coffee 4663,Combo,577.72
4664,164,Gulab Jamun 4664,Starter,180.23
4665,165,Paneer Biryani 4665,Combo,344.68
4666,166,Cold Coffee 4666,Starter,93.04
4667,167,Cold Coffee 4667,Combo,148.78
4668,168,Brownie 4668,Dessert,153.29
4669,169,Gulab Jamun 4669,Starter,266.42
4670,170,Farmhouse Pizza 4670,Combo,144.96
4671,171,Cold Coffee 4671,Combo,450.66
4672,172,Paneer Butter Masala 4672,Dessert,344.12
4673,173,Chicken Fried Rice 4673,Beverage,565.23
4674,174,Burger 4674,Main Course,336.41
4675,175,Farmhouse Pizza 4675,Beverage,257.3
4676,176,Masala Dosa 4676,Dessert,346.93
4677,177,Gulab Jamun 4677,Main Course,114.83
4678,178,Fresh Lime Soda 4678,Starter,538.55
4679,179,Chicken 65 4679,Combo,332.95
4680,180,Veg Noodles 4680,Beverage,363.26
4681,181,Paneer Butter Masala 4681,Beverage,226.28
4682,182,Chicken 65 4682,Combo,251.76
4683,183,Chicken Noodles 4683,Combo,458.81
4684,184,Chicken 65 4684,Main Course,419.2
4685,185,Paneer Biryani 4685,Beverage,406.98
4686,186,Momos 4686,Main Course,633.08
4687,187,Paneer Biryani 4687,Beverage,95.99
4688,188,French Fries 4688,Main Course,270.8
4689,189,Cold Coffee 4689,Beverage,257.42
4690,190,French Fries 4690,Dessert,176.88
4691,191,Brownie 4691,Beverage,162.46
4692,192,Chicken Fried Rice 4692,Dessert,279.14
4693,193,Burger 4693,Combo,340.35
4694,194,Ice Cream 4694,Starter,532.67
4695,195,Fresh Lime Soda 4695,Main Course,340.77
4696,196,Paneer Tikka 4696,Dessert,503.53
4697,197,Margherita Pizza 4697,Beverage,479.89
4698,198,Masala Dosa 4698,Beverage,183.59
4699,199,Butter Naan 4699,Main Course,557.53
4700,200,Ice Cream 4700,Beverage,354.07
4701,201,French Fries 4701,Dessert,85.16
4702,202,Chicken 65 4702,Combo,117.45
4703,203,Veg Fried Rice 4703,Beverage,290.2
4704,204,Veg Biryani 4704,Dessert,329.47
4705,205,Butter Naan 4705,Dessert,207.53
4706,206,Veg Biryani 4706,Combo,320.26
4707,207,Farmhouse Pizza 4707,Main Course,578.41
4708,208,French Fries 4708,Starter,645.32
4709,209,Chicken Noodles 4709,Main Course,515.49
4710,210,Veg Noodles 4710,Dessert,177.65
4711,211,Momos 4711,Starter,284.13
4712,212,Veg Noodles 4712,Main Course,128.37
4713,213,Cold Coffee 4713,Dessert,178.84
4714,214,Veg Noodles 4714,Beverage,271.39
4715,215,Paneer Biryani 4715,Starter,152.49
4716,216,Veg Noodles 4716,Main Course,188.25
4717,217,Cold Coffee 4717,Beverage,614.52
4718,218,Chicken Noodles 4718,Main Course,126.87
4719,219,Burger 4719,Starter,201.88
4720,220,Cold Coffee 4720,Starter,446.88
4721,221,Veg Biryani 4721,Main Course,174.66
4722,222,Fresh Lime Soda 4722,Starter,104.56
4723,223,Brownie 4723,Dessert,348.5
4724,224,Idli 4724,Main Course,525.08
4725,225,Chicken Fried Rice 4725,Combo,606.73
4726,226,Gulab Jamun 4726,Beverage,205.45
4727,227,Chicken Fried Rice 4727,Main Course,273.87
4728,228,Idli 4728,Combo,205.36
4729,229,Veg Noodles 4729,Starter,622.03
4730,230,Brownie 4730,Combo,582.62
4731,231,Vada 4731,Starter,471.27
4732,232,Ice Cream 4732,Combo,227.42
4733,233,Butter Naan 4733,Starter,295.86
4734,234,French Fries 4734,Starter,143.13
4735,235,Veg Fried Rice 4735,Combo,316.53
4736,236,Chicken 65 4736,Combo,346.09
4737,237,Paneer Biryani 4737,Dessert,298.88
4738,238,Cold Coffee 4738,Combo,199.27
4739,239,Veg Biryani 4739,Starter,647.01
4740,240,Paneer Butter Masala 4740,Main Course,327.4
4741,241,Burger 4741,Combo,106.42
4742,242,Chicken Biryani 4742,Main Course,371.78
4743,243,Paneer Biryani 4743,Beverage,271.64
4744,244,Masala Dosa 4744,Main Course,591.69
4745,245,Ice Cream 4745,Beverage,137.25
4746,246,Chicken Fried Rice 4746,Combo,391.3
4747,247,Gulab Jamun 4747,Starter,245.51
4748,248,Cold Coffee 4748,Main Course,347.42
4749,249,Gulab Jamun 4749,Main Course,417.95
4750,250,Idli 4750,Beverage,646.46
4751,251,Gulab Jamun 4751,Beverage,438.81
4752,252,Margherita Pizza 4752,Dessert,500.02
4753,253,French Fries 4753,Dessert,165.81
4754,254,Chicken Curry 4754,Dessert,337.25
4755,255,Chicken Fried Rice 4755,Main Course,356.74
4756,256,Brownie 4756,Starter,104.63
4757,257,Idli 4757,Beverage,473.28
4758,258,Margherita Pizza 4758,Beverage,149.62
4759,259,Chicken Noodles 4759,Beverage,296.96
4760,260,Momos 4760,Starter,198.67
4761,261,Chicken Biryani 4761,Main Course,612.94
4762,262,Paneer Butter Masala 4762,Beverage,637.48
4763,263,Veg Fried Rice 4763,Starter,631.71
4764,264,Chicken Noodles 4764,Main Course,309.38
4765,265,Paneer Tikka 4765,Beverage,209.96
4766,266,Chicken Curry 4766,Starter,499.5
4767,267,Gulab Jamun 4767,Beverage,602.18
4768,268,Momos 4768,Combo,433.52
4769,269,Cold Coffee 4769,Starter,603.17
4770,270,Paneer Biryani 4770,Main Course,260.54
4771,271,Momos 4771,Starter,331.9
4772,272,Chicken Biryani 4772,Combo,610.76
4773,273,French Fries 4773,Starter,493.5
4774,274,Veg Noodles 4774,Dessert,324.51
4775,275,Masala Dosa 4775,Starter,107.06
4776,276,Gulab Jamun 4776,Main Course,494.79
4777,277,Paneer Biryani 4777,Dessert,604.5
4778,278,Gulab Jamun 4778,Starter,122.84
4779,279,Paneer Biryani 4779,Main Course,429.15
4780,280,Chicken Fried Rice 4780,Main Course,624.78
4781,281,Ice Cream 4781,Beverage,303.65
4782,282,Veg Biryani 4782,Beverage,185.99
4783,283,Veg Biryani 4783,Beverage,413.68
4784,284,Paneer Tikka 4784,Dessert,384.86
4785,285,Paneer Tikka 4785,Beverage,130.7
4786,286,Chicken Curry 4786,Combo,559.86
4787,287,Chicken 65 4787,Starter,349.14
4788,288,Cold Coffee 4788,Starter,157.21
4789,289,Ice Cream 4789,Combo,211.15
4790,290,French Fries 4790,Starter,500.56
4791,291,Chicken Biryani 4791,Starter,274.1
4792,292,Chicken Curry 4792,Starter,255.28
4793,293,Farmhouse Pizza 4793,Combo,390.3
4794,294,Chicken Biryani 4794,Dessert,520.58
4795,295,Veg Noodles 4795,Combo,545.75
4796,296,Gulab Jamun 4796,Dessert,283.43
4797,297,Margherita Pizza 4797,Dessert,259.24
4798,298,Chicken Curry 4798,Combo,280.93
4799,299,Momos 4799,Starter,395.85
4800,300,Chicken Fried Rice 4800,Beverage,321.51
4801,1,Ice Cream 4801,Main Course,174.73
4802,2,Cold Coffee 4802,Beverage,275.22
4803,3,Butter Naan 4803,Beverage,338.54
4804,4,French Fries 4804,Main Course,621.01
4805,5,Paneer Tikka 4805,Main Course,494.43
4806,6,Masala Dosa 4806,Dessert,390.16
4807,7,Chicken Fried Rice 4807,Combo,170.14
4808,8,Paneer Butter Masala 4808,Starter,446.46
4809,9,Masala Dosa 4809,Beverage,441.58
4810,10,Idli 4810,Beverage,338.84
4811,11,Fresh Lime Soda 4811,Beverage,385.44
4812,12,Farmhouse Pizza 4812,Beverage,527.54
4813,13,Paneer Tikka 4813,Combo,530.91
4814,14,Brownie 4814,Beverage,251.69
4815,15,Vada 4815,Main Course,478.8
4816,16,Paneer Butter Masala 4816,Main Course,438.71
4817,17,Chicken Noodles 4817,Starter,433.76
4818,18,French Fries 4818,Main Course,226.33
4819,19,Paneer Tikka 4819,Main Course,353.4
4820,20,Butter Naan 4820,Starter,529.9
4821,21,Paneer Biryani 4821,Beverage,213.55
4822,22,Burger 4822,Starter,331.18
4823,23,Idli 4823,Dessert,145.7
4824,24,Ice Cream 4824,Starter,200.59
4825,25,Momos 4825,Beverage,263.87
4826,26,Chicken 65 4826,Starter,590.9
4827,27,Brownie 4827,Combo,523.62
4828,28,Chicken Curry 4828,Dessert,178.49
4829,29,Chicken Biryani 4829,Dessert,532.56
4830,30,Chicken Noodles 4830,Starter,114.36
4831,31,Momos 4831,Dessert,400.13
4832,32,Butter Naan 4832,Combo,428.77
4833,33,Chicken Curry 4833,Beverage,308.19
4834,34,Paneer Tikka 4834,Starter,108.99
4835,35,Margherita Pizza 4835,Beverage,632.08
4836,36,Chicken Curry 4836,Combo,145.98
4837,37,Momos 4837,Main Course,513.64
4838,38,Cold Coffee 4838,Combo,622.56
4839,39,Burger 4839,Starter,374.69
4840,40,Fresh Lime Soda 4840,Combo,549.19
4841,41,Farmhouse Pizza 4841,Starter,583.51
4842,42,Brownie 4842,Beverage,87.5
4843,43,Butter Naan 4843,Combo,365.21
4844,44,Burger 4844,Beverage,273.64
4845,45,Chicken 65 4845,Main Course,302.99
4846,46,Chicken Fried Rice 4846,Beverage,133.54
4847,47,Paneer Biryani 4847,Beverage,316.27
4848,48,Chicken Noodles 4848,Combo,270.19
4849,49,Ice Cream 4849,Dessert,171.79
4850,50,Margherita Pizza 4850,Dessert,607.8
4851,51,Fresh Lime Soda 4851,Dessert,579.06
4852,52,Paneer Butter Masala 4852,Beverage,211.12
4853,53,Farmhouse Pizza 4853,Main Course,626.27
4854,54,Idli 4854,Beverage,576.89
4855,55,Veg Noodles 4855,Beverage,127.47
4856,56,Masala Dosa 4856,Combo,423.45
4857,57,Vada 4857,Starter,450.61
4858,58,Paneer Biryani 4858,Beverage,227.97
4859,59,Brownie 4859,Starter,219.14
4860,60,Masala Dosa 4860,Beverage,264.87
4861,61,Vada 4861,Main Course,130.88
4862,62,Cold Coffee 4862,Starter,159.68
4863,63,Momos 4863,Combo,448.82
4864,64,Farmhouse Pizza 4864,Beverage,399.11
4865,65,Chicken Curry 4865,Main Course,153.04
4866,66,Veg Biryani 4866,Beverage,579.32
4867,67,Butter Naan 4867,Main Course,395.59
4868,68,Farmhouse Pizza 4868,Combo,486.12
4869,69,Chicken Biryani 4869,Combo,479.8
4870,70,Cold Coffee 4870,Starter,166.38
4871,71,Veg Biryani 4871,Starter,488.96
4872,72,Idli 4872,Main Course,541.37
4873,73,Veg Noodles 4873,Dessert,601.89
4874,74,French Fries 4874,Dessert,106.01
4875,75,Fresh Lime Soda 4875,Dessert,576.35
4876,76,Chicken Curry 4876,Combo,170.58
4877,77,Paneer Butter Masala 4877,Dessert,483.27
4878,78,Chicken Noodles 4878,Beverage,114.41
4879,79,Chicken Biryani 4879,Main Course,421.05
4880,80,Fresh Lime Soda 4880,Dessert,358.01
4881,81,Vada 4881,Beverage,410.79
4882,82,Veg Noodles 4882,Starter,288.25
4883,83,Momos 4883,Beverage,417.0
4884,84,Brownie 4884,Main Course,160.44
4885,85,Chicken Curry 4885,Beverage,269.48
4886,86,Chicken Curry 4886,Main Course,147.35
4887,87,Vada 4887,Starter,223.92
4888,88,Chicken Curry 4888,Dessert,495.45
4889,89,Paneer Tikka 4889,Dessert,411.45
4890,90,Chicken Noodles 4890,Main Course,322.93
4891,91,Cold Coffee 4891,Beverage,601.96
4892,92,Idli 4892,Beverage,93.04
4893,93,Cold Coffee 4893,Main Course,232.69
4894,94,Paneer Butter Masala 4894,Starter,148.13
4895,95,Momos 4895,Beverage,598.55
4896,96,Vada 4896,Dessert,182.91
4897,97,Chicken 65 4897,Beverage,262.55
4898,98,Butter Naan 4898,Starter,137.47
4899,99,Brownie 4899,Combo,558.7
4900,100,Chicken 65 4900,Beverage,80.45
4901,101,Paneer Tikka 4901,Combo,242.53
4902,102,Chicken 65 4902,Main Course,281.01
4903,103,Farmhouse Pizza 4903,Starter,494.54
4904,104,Veg Biryani 4904,Dessert,170.62
4905,105,Burger 4905,Combo,240.7
4906,106,French Fries 4906,Combo,193.6
4907,107,French Fries 4907,Starter,532.19
4908,108,Burger 4908,Combo,496.58
4909,109,Gulab Jamun 4909,Dessert,579.6
4910,110,Farmhouse Pizza 4910,Combo,381.2
4911,111,Chicken Fried Rice 4911,Main Course,307.95
4912,112,Fresh Lime Soda 4912,Beverage,616.14
4913,113,Brownie 4913,Starter,382.23
4914,114,Idli 4914,Beverage,498.53
4915,115,Veg Biryani 4915,Beverage,179.57
4916,116,Chicken Curry 4916,Dessert,138.83
4917,117,Masala Dosa 4917,Main Course,326.34
4918,118,Butter Naan 4918,Dessert,90.18
4919,119,Cold Coffee 4919,Starter,363.06
4920,120,Masala Dosa 4920,Starter,590.78
4921,121,Veg Biryani 4921,Beverage,110.18
4922,122,Cold Coffee 4922,Combo,247.47
4923,123,Chicken Biryani 4923,Dessert,404.97
4924,124,Butter Naan 4924,Combo,598.54
4925,125,Margherita Pizza 4925,Combo,372.18
4926,126,Paneer Biryani 4926,Main Course,610.7
4927,127,Farmhouse Pizza 4927,Beverage,413.85
4928,128,Chicken 65 4928,Combo,94.1
4929,129,Chicken 65 4929,Beverage,177.28
4930,130,Idli 4930,Combo,511.56
4931,131,Farmhouse Pizza 4931,Beverage,440.8
4932,132,Idli 4932,Main Course,517.6
4933,133,Margherita Pizza 4933,Main Course,228.36
4934,134,Fresh Lime Soda 4934,Combo,569.94
4935,135,Farmhouse Pizza 4935,Dessert,358.14
4936,136,French Fries 4936,Beverage,562.85
4937,137,Paneer Biryani 4937,Beverage,477.93
4938,138,Paneer Tikka 4938,Combo,415.61
4939,139,Paneer Butter Masala 4939,Starter,417.17
4940,140,Cold Coffee 4940,Starter,339.98
4941,141,Ice Cream 4941,Combo,99.31
4942,142,Paneer Biryani 4942,Dessert,396.16
4943,143,Idli 4943,Main Course,255.65
4944,144,Margherita Pizza 4944,Dessert,473.09
4945,145,Butter Naan 4945,Main Course,525.0
4946,146,Gulab Jamun 4946,Combo,256.62
4947,147,Ice Cream 4947,Combo,137.03
4948,148,Chicken Fried Rice 4948,Beverage,453.05
4949,149,French Fries 4949,Starter,517.28
4950,150,Farmhouse Pizza 4950,Beverage,158.99
4951,151,Paneer Tikka 4951,Dessert,548.21
4952,152,Chicken Noodles 4952,Beverage,138.4
4953,153,Vada 4953,Starter,523.81
4954,154,Masala Dosa 4954,Dessert,498.94
4955,155,Ice Cream 4955,Dessert,396.81
4956,156,Veg Noodles 4956,Starter,469.81
4957,157,Chicken Fried Rice 4957,Dessert,249.03
4958,158,Paneer Tikka 4958,Main Course,452.24
4959,159,Gulab Jamun 4959,Main Course,133.8
4960,160,Paneer Tikka 4960,Combo,290.36
4961,161,Chicken 65 4961,Starter,257.11
4962,162,Margherita Pizza 4962,Main Course,325.26
4963,163,Margherita Pizza 4963,Beverage,359.69
4964,164,Paneer Butter Masala 4964,Beverage,311.86
4965,165,Butter Naan 4965,Beverage,497.3
4966,166,Chicken Curry 4966,Starter,265.05
4967,167,Chicken Biryani 4967,Main Course,565.66
4968,168,Chicken Biryani 4968,Starter,455.07
4969,169,Burger 4969,Combo,195.77
4970,170,Chicken Fried Rice 4970,Beverage,405.82
4971,171,Ice Cream 4971,Main Course,233.82
4972,172,Veg Biryani 4972,Main Course,131.15
4973,173,Veg Fried Rice 4973,Main Course,539.77
4974,174,Cold Coffee 4974,Dessert,542.98
4975,175,Chicken Noodles 4975,Beverage,479.15
4976,176,Paneer Biryani 4976,Beverage,471.33
4977,177,French Fries 4977,Dessert,134.99
4978,178,French Fries 4978,Beverage,585.09
4979,179,Chicken Curry 4979,Combo,112.2
4980,180,Brownie 4980,Main Course,178.5
4981,181,Vada 4981,Combo,167.84
4982,182,Ice Cream 4982,Dessert,507.23
4983,183,Farmhouse Pizza 4983,Main Course,507.17
4984,184,Veg Biryani 4984,Combo,182.85
4985,185,Farmhouse Pizza 4985,Beverage,335.71
4986,186,Brownie 4986,Starter,313.54
4987,187,Idli 4987,Starter,268.14
4988,188,Paneer Butter Masala 4988,Beverage,467.0
4989,189,Veg Biryani 4989,Starter,300.12
4990,190,Chicken Fried Rice 4990,Beverage,549.62
4991,191,Fresh Lime Soda 4991,Beverage,307.14
4992,192,Veg Noodles 4992,Combo,436.74
4993,193,Chicken Biryani 4993,Dessert,521.81
4994,194,Paneer Butter Masala 4994,Combo,341.69
4995,195,Veg Fried Rice 4995,Starter,479.45
4996,196,Brownie 4996,Combo,449.33
4997,197,Chicken Biryani 4997,Combo,581.26
4998,198,Gulab Jamun 4998,Starter,198.61
4999,199,Idli 4999,Beverage,279.73
5000,200,French Fries 5000,Dessert,619.21
