user_id,signup_date,city,age_group,device_type,acquisition_channel
1,2026-06-13,Hyderabad,18-24,iOS,Google Ads
2,2026-02-27,Visakhapatnam,18-24,Android,YouTube
3,2026-01-23,Pune,45+,Android,Organic
4,2026-02-25,Visakhapatnam,18-24,Android,Push Notification
5,2026-06-16,Mumbai,45+,Android,YouTube
6,2026-03-13,Delhi,18-24,iOS,Google Ads
7,2026-06-28,Chennai,35-44,Android,Google Ads
8,2026-03-28,Hyderabad,18-24,Android,Instagram
9,2026-03-30,Pune,35-44,iOS,Push Notification
10,2026-04-28,Pune,18-24,iOS,Referral
11,2026-01-21,Pune,35-44,iOS,YouTube
12,2026-04-03,Pune,25-34,iOS,Organic
13,2026-06-19,Visakhapatnam,35-44,iOS,Google Ads
14,2026-01-26,Chennai,35-44,Android,Instagram
15,2026-02-11,Bengaluru,35-44,Android,Instagram
16,2026-06-29,Mumbai,18-24,Android,Google Ads
17,2026-05-17,Mumbai,25-34,Android,Referral
18,2026-03-11,Mumbai,25-34,Android,Organic
19,2026-02-28,Delhi,18-24,iOS,Referral
20,2026-03-10,Hyderabad,25-34,iOS,YouTube
21,2026-03-22,Visakhapatnam,45+,Android,Push Notification
22,2026-04-28,Visakhapatnam,35-44,Android,Push Notification
23,2026-05-24,Pune,35-44,iOS,Referral
24,2026-05-30,Chennai,35-44,Android,Google Ads
25,2026-05-11,Chennai,18-24,iOS,Organic
26,2026-02-09,Mumbai,25-34,iOS,Referral
27,2026-06-02,Hyderabad,45+,Android,Referral
28,2026-05-16,Bengaluru,18-24,Android,Organic
29,2026-06-24,Pune,35-44,iOS,Instagram
30,2026-01-29,Bengaluru,45+,Android,Organic
31,2026-03-09,Pune,25-34,Android,Organic
32,2026-06-10,Bengaluru,25-34,Android,Google Ads
33,2026-05-19,Delhi,18-24,Android,Referral
34,2026-01-05,Hyderabad,35-44,iOS,Instagram
35,2026-03-03,Hyderabad,25-34,iOS,Organic
36,2026-01-22,Mumbai,45+,iOS,YouTube
37,2026-02-02,Visakhapatnam,45+,iOS,Google Ads
38,2026-03-09,Pune,45+,iOS,YouTube
39,2026-06-26,Visakhapatnam,35-44,Android,Push Notification
40,2026-06-16,Bengaluru,45+,iOS,Referral
41,2026-01-31,Visakhapatnam,25-34,Android,Organic
42,2026-05-31,Pune,25-34,Android,Organic
43,2026-01-19,Mumbai,18-24,Android,Organic
44,2026-03-26,Hyderabad,25-34,Android,Referral
45,2026-02-24,Pune,25-34,iOS,YouTube
46,2026-05-28,Chennai,25-34,iOS,Referral
47,2026-02-18,Hyderabad,18-24,Android,Instagram
48,2026-04-19,Chennai,45+,iOS,Organic
49,2026-06-22,Mumbai,18-24,Android,Push Notification
50,2026-03-28,Delhi,18-24,Android,Google Ads
51,2026-05-18,Chennai,25-34,Android,Instagram
52,2026-04-29,Visakhapatnam,18-24,Android,YouTube
53,2026-01-26,Hyderabad,18-24,iOS,Google Ads
54,2026-02-12,Chennai,45+,Android,Referral
55,2026-01-16,Visakhapatnam,45+,Android,Referral
56,2026-03-09,Delhi,45+,Android,Push Notification
57,2026-05-23,Mumbai,45+,Android,Instagram
58,2026-02-25,Hyderabad,18-24,iOS,Organic
59,2026-01-13,Pune,45+,Android,YouTube
60,2026-02-10,Hyderabad,18-24,iOS,Organic
61,2026-06-02,Hyderabad,25-34,Android,YouTube
62,2026-03-05,Pune,18-24,Android,Referral
63,2026-06-18,Pune,35-44,iOS,Google Ads
64,2026-06-21,Mumbai,35-44,Android,Referral
65,2026-02-03,Mumbai,35-44,Android,Organic
66,2026-01-03,Chennai,18-24,Android,Google Ads
67,2026-05-10,Bengaluru,25-34,iOS,Organic
68,2026-03-04,Bengaluru,35-44,Android,YouTube
69,2026-06-30,Bengaluru,18-24,Android,YouTube
70,2026-03-18,Mumbai,18-24,iOS,Google Ads
71,2026-03-09,Hyderabad,18-24,iOS,Google Ads
72,2026-03-11,Bengaluru,25-34,iOS,Google Ads
73,2026-06-25,Mumbai,35-44,Android,Instagram
74,2026-01-14,Hyderabad,45+,iOS,Organic
75,2026-01-01,Bengaluru,25-34,Android,Instagram
76,2026-02-11,Mumbai,45+,Android,Referral
77,2026-05-24,Hyderabad,18-24,Android,Push Notification
78,2026-02-08,Pune,18-24,iOS,YouTube
79,2026-05-22,Visakhapatnam,45+,Android,Instagram
80,2026-04-04,Delhi,18-24,iOS,Google Ads
81,2026-06-24,Visakhapatnam,18-24,Android,YouTube
82,2026-04-15,Pune,25-34,iOS,Google Ads
83,2026-02-11,Delhi,25-34,iOS,Organic
84,2026-02-15,Mumbai,35-44,iOS,Referral
85,2026-06-21,Delhi,25-34,Android,Push Notification
86,2026-01-28,Chennai,18-24,iOS,Google Ads
87,2026-02-21,Delhi,45+,Android,Google Ads
88,2026-02-27,Hyderabad,25-34,Android,Instagram
89,2026-01-18,Delhi,35-44,Android,YouTube
90,2026-04-13,Mumbai,35-44,iOS,Organic
91,2026-03-08,Visakhapatnam,35-44,Android,YouTube
92,2026-04-22,Bengaluru,35-44,Android,YouTube
93,2026-01-30,Chennai,25-34,Android,Push Notification
94,2026-04-22,Hyderabad,25-34,Android,Organic
95,2026-06-20,Bengaluru,35-44,Android,Organic
96,2026-03-18,Pune,35-44,Android,Instagram
97,2026-04-14,Mumbai,35-44,Android,Google Ads
98,2026-04-18,Mumbai,45+,Android,Google Ads
99,2026-06-07,Pune,35-44,Android,Organic
100,2026-03-19,Bengaluru,25-34,Android,YouTube
101,2026-06-05,Mumbai,35-44,Android,Referral
102,2026-06-22,Visakhapatnam,45+,iOS,Push Notification
103,2026-02-13,Mumbai,18-24,Android,Push Notification
104,2026-06-12,Pune,35-44,Android,Google Ads
105,2026-06-22,Bengaluru,25-34,iOS,Google Ads
106,2026-01-07,Hyderabad,25-34,iOS,YouTube
107,2026-01-19,Chennai,45+,iOS,YouTube
108,2026-02-19,Mumbai,45+,Android,Google Ads
109,2026-02-07,Mumbai,18-24,iOS,Organic
110,2026-04-19,Visakhapatnam,25-34,iOS,Push Notification
111,2026-05-13,Chennai,18-24,Android,Organic
112,2026-04-27,Visakhapatnam,45+,Android,YouTube
113,2026-06-02,Bengaluru,45+,Android,Push Notification
114,2026-05-10,Chennai,45+,iOS,Push Notification
115,2026-05-02,Chennai,35-44,iOS,Push Notification
116,2026-03-12,Delhi,45+,Android,Instagram
117,2026-04-23,Hyderabad,35-44,Android,Instagram
118,2026-03-23,Pune,18-24,Android,Google Ads
119,2026-04-09,Mumbai,25-34,iOS,Organic
120,2026-04-17,Chennai,35-44,Android,Referral
121,2026-01-16,Visakhapatnam,45+,Android,YouTube
122,2026-06-28,Hyderabad,45+,Android,Instagram
123,2026-03-18,Delhi,45+,iOS,Referral
124,2026-05-18,Mumbai,25-34,Android,Instagram
125,2026-04-22,Chennai,18-24,Android,Push Notification
126,2026-06-23,Delhi,45+,iOS,Referral
127,2026-02-02,Pune,18-24,iOS,YouTube
128,2026-05-25,Mumbai,18-24,Android,Referral
129,2026-02-04,Delhi,45+,Android,Instagram
130,2026-04-08,Bengaluru,25-34,Android,Instagram
131,2026-04-08,Bengaluru,45+,Android,Organic
132,2026-05-01,Hyderabad,18-24,iOS,Instagram
133,2026-02-27,Mumbai,18-24,iOS,Push Notification
134,2026-01-11,Delhi,18-24,iOS,Google Ads
135,2026-01-06,Pune,25-34,Android,Referral
136,2026-06-21,Hyderabad,25-34,Android,Instagram
137,2026-04-05,Visakhapatnam,18-24,iOS,Google Ads
138,2026-03-21,Hyderabad,18-24,iOS,YouTube
139,2026-06-23,Chennai,45+,iOS,Google Ads
140,2026-01-20,Pune,25-34,Android,Instagram
141,2026-06-25,Pune,18-24,iOS,YouTube
142,2026-01-11,Bengaluru,45+,Android,Organic
143,2026-05-10,Mumbai,35-44,Android,Referral
144,2026-05-06,Hyderabad,45+,iOS,Push Notification
145,2026-04-28,Mumbai,25-34,Android,Push Notification
146,2026-05-14,Mumbai,35-44,Android,YouTube
147,2026-05-04,Chennai,45+,iOS,YouTube
148,2026-03-10,Bengaluru,25-34,iOS,Organic
149,2026-03-13,Chennai,25-34,iOS,YouTube
150,2026-06-06,Mumbai,45+,Android,Referral
151,2026-03-25,Visakhapatnam,45+,Android,Instagram
152,2026-03-29,Bengaluru,35-44,Android,YouTube
153,2026-02-18,Hyderabad,25-34,iOS,Referral
154,2026-05-23,Delhi,25-34,Android,Push Notification
155,2026-05-06,Chennai,18-24,Android,Google Ads
156,2026-04-14,Mumbai,25-34,Android,YouTube
157,2026-04-05,Chennai,35-44,Android,Push Notification
158,2026-05-21,Bengaluru,35-44,iOS,Instagram
159,2026-03-20,Bengaluru,25-34,Android,Google Ads
160,2026-03-22,Hyderabad,25-34,Android,Push Notification
161,2026-05-04,Bengaluru,35-44,iOS,Google Ads
162,2026-03-17,Visakhapatnam,35-44,Android,Organic
163,2026-05-17,Visakhapatnam,35-44,Android,Organic
164,2026-05-22,Bengaluru,25-34,Android,Referral
165,2026-01-27,Delhi,18-24,Android,Referral
166,2026-05-03,Chennai,35-44,Android,Organic
167,2026-03-06,Delhi,45+,Android,Organic
168,2026-04-13,Chennai,18-24,Android,Push Notification
169,2026-01-14,Visakhapatnam,25-34,iOS,Instagram
170,2026-01-22,Visakhapatnam,18-24,Android,Referral
171,2026-06-05,Pune,25-34,iOS,Referral
172,2026-04-26,Chennai,35-44,iOS,Referral
173,2026-03-20,Pune,18-24,Android,Push Notification
174,2026-01-26,Delhi,25-34,Android,Instagram
175,2026-06-19,Hyderabad,25-34,Android,YouTube
176,2026-01-20,Visakhapatnam,18-24,Android,Push Notification
177,2026-06-02,Chennai,35-44,Android,Instagram
178,2026-06-30,Bengaluru,45+,Android,Google Ads
179,2026-03-09,Delhi,25-34,Android,YouTube
180,2026-02-27,Mumbai,25-34,iOS,Google Ads
181,2026-01-19,Hyderabad,25-34,iOS,YouTube
182,2026-05-26,Bengaluru,45+,Android,Push Notification
183,2026-03-19,Mumbai,45+,iOS,YouTube
184,2026-05-19,Chennai,45+,Android,Organic
185,2026-04-21,Mumbai,35-44,Android,Organic
186,2026-01-24,Visakhapatnam,18-24,iOS,Push Notification
187,2026-03-10,Pune,18-24,iOS,Google Ads
188,2026-05-01,Pune,45+,iOS,Google Ads
189,2026-05-30,Chennai,45+,iOS,Referral
190,2026-03-31,Chennai,35-44,Android,Organic
191,2026-02-11,Bengaluru,45+,Android,Instagram
192,2026-06-19,Chennai,18-24,Android,Instagram
193,2026-03-06,Bengaluru,18-24,iOS,Referral
194,2026-05-12,Delhi,18-24,Android,YouTube
195,2026-04-29,Chennai,18-24,Android,Instagram
196,2026-06-09,Delhi,45+,Android,Organic
197,2026-02-22,Bengaluru,25-34,iOS,Referral
198,2026-06-28,Chennai,18-24,Android,Push Notification
199,2026-06-05,Delhi,25-34,iOS,Instagram
200,2026-05-22,Hyderabad,45+,Android,Organic
201,2026-04-29,Hyderabad,25-34,Android,Push Notification
202,2026-03-16,Pune,35-44,Android,Referral
203,2026-05-01,Visakhapatnam,45+,Android,Referral
204,2026-02-18,Pune,25-34,iOS,Instagram
205,2026-04-17,Bengaluru,35-44,iOS,Instagram
206,2026-03-18,Delhi,45+,iOS,Referral
207,2026-05-18,Chennai,35-44,Android,YouTube
208,2026-04-07,Chennai,35-44,iOS,Push Notification
209,2026-03-03,Pune,45+,Android,Referral
210,2026-01-12,Bengaluru,45+,iOS,Referral
211,2026-04-09,Mumbai,25-34,Android,Organic
212,2026-02-02,Pune,35-44,iOS,Referral
213,2026-01-26,Pune,45+,Android,Google Ads
214,2026-04-15,Delhi,25-34,Android,Instagram
215,2026-03-28,Pune,45+,Android,Instagram
216,2026-06-22,Delhi,45+,iOS,Push Notification
217,2026-05-05,Delhi,18-24,Android,Google Ads
218,2026-06-11,Mumbai,35-44,iOS,Push Notification
219,2026-01-24,Chennai,18-24,iOS,Push Notification
220,2026-01-26,Chennai,25-34,Android,Organic
221,2026-01-12,Bengaluru,18-24,Android,Instagram
222,2026-04-21,Visakhapatnam,25-34,Android,YouTube
223,2026-06-24,Delhi,25-34,Android,Organic
224,2026-06-06,Delhi,45+,Android,Google Ads
225,2026-05-08,Pune,25-34,Android,Push Notification
226,2026-03-07,Chennai,35-44,Android,Referral
227,2026-03-15,Mumbai,25-34,Android,Instagram
228,2026-05-31,Bengaluru,45+,Android,Referral
229,2026-03-19,Visakhapatnam,45+,iOS,Organic
230,2026-03-02,Chennai,35-44,Android,Push Notification
231,2026-03-17,Hyderabad,45+,Android,YouTube
232,2026-06-25,Delhi,18-24,iOS,Push Notification
233,2026-05-08,Delhi,35-44,iOS,Google Ads
234,2026-06-05,Delhi,35-44,Android,Google Ads
235,2026-06-08,Bengaluru,25-34,Android,Push Notification
236,2026-06-15,Hyderabad,35-44,iOS,Organic
237,2026-05-29,Bengaluru,25-34,Android,Instagram
238,2026-03-25,Mumbai,45+,Android,Google Ads
239,2026-05-19,Bengaluru,35-44,iOS,Instagram
240,2026-05-04,Delhi,35-44,iOS,Instagram
241,2026-01-30,Chennai,18-24,Android,Google Ads
242,2026-06-23,Mumbai,45+,iOS,YouTube
243,2026-04-04,Hyderabad,45+,Android,YouTube
244,2026-02-01,Chennai,35-44,Android,Push Notification
245,2026-03-09,Pune,45+,iOS,Instagram
246,2026-01-28,Mumbai,25-34,Android,YouTube
247,2026-05-24,Bengaluru,25-34,Android,Push Notification
248,2026-04-29,Mumbai,35-44,Android,Organic
249,2026-02-05,Hyderabad,18-24,Android,Referral
250,2026-01-30,Hyderabad,25-34,iOS,Google Ads
251,2026-04-10,Chennai,35-44,Android,Push Notification
252,2026-06-28,Pune,45+,Android,Push Notification
253,2026-02-09,Chennai,18-24,iOS,YouTube
254,2026-04-15,Bengaluru,18-24,Android,Google Ads
255,2026-04-24,Chennai,25-34,iOS,Organic
256,2026-06-25,Bengaluru,35-44,Android,Instagram
257,2026-02-18,Hyderabad,45+,Android,Google Ads
258,2026-06-14,Mumbai,18-24,Android,Instagram
259,2026-03-04,Visakhapatnam,25-34,Android,YouTube
260,2026-02-23,Pune,25-34,iOS,Google Ads
261,2026-03-26,Delhi,25-34,iOS,YouTube
262,2026-01-01,Bengaluru,25-34,iOS,YouTube
263,2026-03-06,Delhi,25-34,Android,Organic
264,2026-02-03,Hyderabad,35-44,iOS,Google Ads
265,2026-05-31,Bengaluru,18-24,Android,Organic
266,2026-02-02,Mumbai,45+,Android,Push Notification
267,2026-01-17,Chennai,45+,iOS,YouTube
268,2026-06-01,Hyderabad,45+,Android,YouTube
269,2026-01-12,Mumbai,35-44,Android,Organic
270,2026-01-16,Chennai,45+,Android,Organic
271,2026-05-06,Mumbai,45+,Android,Organic
272,2026-03-24,Pune,25-34,Android,Instagram
273,2026-06-09,Mumbai,35-44,Android,YouTube
274,2026-05-16,Bengaluru,45+,Android,Referral
275,2026-01-26,Delhi,18-24,iOS,Push Notification
276,2026-05-22,Mumbai,25-34,Android,Google Ads
277,2026-04-16,Bengaluru,45+,Android,Push Notification
278,2026-01-25,Bengaluru,45+,Android,Instagram
279,2026-04-06,Visakhapatnam,45+,Android,Organic
280,2026-01-24,Chennai,18-24,iOS,Instagram
281,2026-02-03,Pune,18-24,Android,YouTube
282,2026-05-24,Bengaluru,18-24,Android,Push Notification
283,2026-04-19,Delhi,18-24,iOS,YouTube
284,2026-03-21,Bengaluru,18-24,Android,Google Ads
285,2026-02-09,Mumbai,45+,Android,Organic
286,2026-03-31,Delhi,35-44,Android,Instagram
287,2026-05-27,Visakhapatnam,45+,iOS,YouTube
288,2026-06-07,Mumbai,18-24,Android,Push Notification
289,2026-06-27,Bengaluru,18-24,Android,Push Notification
290,2026-03-21,Bengaluru,35-44,Android,Google Ads
291,2026-05-25,Mumbai,45+,Android,Push Notification
292,2026-06-12,Hyderabad,18-24,iOS,Google Ads
293,2026-04-07,Chennai,45+,Android,Instagram
294,2026-03-21,Mumbai,35-44,iOS,YouTube
295,2026-06-02,Hyderabad,18-24,Android,YouTube
296,2026-01-13,Mumbai,18-24,Android,Push Notification
297,2026-04-19,Chennai,45+,Android,Google Ads
298,2026-05-12,Hyderabad,35-44,Android,Instagram
299,2026-06-23,Mumbai,45+,Android,Instagram
300,2026-01-12,Visakhapatnam,45+,iOS,Organic
301,2026-01-02,Visakhapatnam,35-44,iOS,Google Ads
302,2026-03-07,Bengaluru,35-44,Android,Referral
303,2026-04-21,Visakhapatnam,25-34,Android,Push Notification
304,2026-02-28,Pune,35-44,Android,Push Notification
305,2026-01-11,Chennai,18-24,Android,Organic
306,2026-03-22,Pune,45+,Android,Push Notification
307,2026-06-13,Chennai,35-44,Android,Organic
308,2026-03-25,Visakhapatnam,45+,iOS,Instagram
309,2026-01-23,Chennai,18-24,Android,YouTube
310,2026-04-13,Pune,18-24,Android,Instagram
311,2026-03-28,Visakhapatnam,35-44,iOS,Organic
312,2026-05-11,Mumbai,18-24,Android,Google Ads
313,2026-03-31,Bengaluru,25-34,Android,Google Ads
314,2026-03-07,Visakhapatnam,25-34,Android,Push Notification
315,2026-01-20,Visakhapatnam,45+,Android,YouTube
316,2026-05-29,Chennai,35-44,iOS,Push Notification
317,2026-03-22,Visakhapatnam,45+,Android,Referral
318,2026-06-11,Bengaluru,35-44,Android,Instagram
319,2026-05-10,Hyderabad,35-44,Android,Organic
320,2026-01-15,Bengaluru,35-44,Android,Organic
321,2026-06-07,Pune,45+,Android,YouTube
322,2026-01-11,Chennai,25-34,Android,Referral
323,2026-05-09,Visakhapatnam,18-24,Android,Instagram
324,2026-01-22,Pune,25-34,Android,Push Notification
325,2026-04-23,Chennai,25-34,Android,Instagram
326,2026-04-10,Chennai,35-44,Android,Organic
327,2026-06-11,Mumbai,35-44,Android,Organic
328,2026-05-23,Mumbai,45+,Android,Push Notification
329,2026-06-18,Pune,25-34,Android,YouTube
330,2026-06-19,Visakhapatnam,35-44,Android,Push Notification
331,2026-06-28,Mumbai,45+,Android,Push Notification
332,2026-01-22,Bengaluru,45+,Android,Instagram
333,2026-02-02,Mumbai,18-24,Android,Referral
334,2026-05-11,Bengaluru,18-24,Android,Google Ads
335,2026-02-24,Bengaluru,45+,Android,Google Ads
336,2026-02-09,Hyderabad,35-44,iOS,Organic
337,2026-05-10,Delhi,18-24,Android,YouTube
338,2026-02-03,Pune,45+,Android,Google Ads
339,2026-06-27,Delhi,25-34,iOS,Organic
340,2026-04-16,Bengaluru,25-34,iOS,YouTube
341,2026-03-14,Delhi,45+,Android,Google Ads
342,2026-03-21,Delhi,45+,iOS,Google Ads
343,2026-04-05,Mumbai,45+,Android,Instagram
344,2026-04-08,Pune,45+,iOS,Google Ads
345,2026-06-04,Visakhapatnam,35-44,Android,Referral
346,2026-04-06,Pune,18-24,iOS,YouTube
347,2026-02-01,Bengaluru,18-24,iOS,Instagram
348,2026-04-26,Pune,25-34,iOS,Organic
349,2026-02-26,Delhi,45+,iOS,Organic
350,2026-04-17,Hyderabad,45+,Android,Google Ads
351,2026-04-09,Hyderabad,35-44,Android,Instagram
352,2026-01-26,Delhi,35-44,iOS,Google Ads
353,2026-01-10,Bengaluru,45+,Android,Google Ads
354,2026-06-30,Chennai,45+,Android,Organic
355,2026-01-05,Bengaluru,25-34,iOS,YouTube
356,2026-06-05,Pune,45+,Android,Instagram
357,2026-03-02,Bengaluru,18-24,Android,Referral
358,2026-06-13,Delhi,45+,Android,Referral
359,2026-06-02,Pune,18-24,Android,YouTube
360,2026-03-03,Mumbai,25-34,Android,Organic
361,2026-06-07,Bengaluru,25-34,Android,Google Ads
362,2026-06-20,Mumbai,18-24,Android,Instagram
363,2026-01-18,Pune,18-24,Android,Referral
364,2026-01-12,Mumbai,45+,iOS,Instagram
365,2026-01-05,Bengaluru,18-24,Android,Push Notification
366,2026-06-18,Mumbai,18-24,iOS,Push Notification
367,2026-03-27,Visakhapatnam,18-24,Android,Instagram
368,2026-06-14,Visakhapatnam,45+,iOS,Referral
369,2026-06-11,Visakhapatnam,25-34,Android,Referral
370,2026-01-10,Bengaluru,25-34,Android,Google Ads
371,2026-01-11,Bengaluru,35-44,Android,YouTube
372,2026-05-02,Bengaluru,18-24,iOS,Google Ads
373,2026-03-15,Bengaluru,18-24,iOS,Instagram
374,2026-03-11,Hyderabad,35-44,Android,Referral
375,2026-04-23,Chennai,35-44,iOS,Referral
376,2026-06-27,Chennai,35-44,iOS,YouTube
377,2026-03-10,Delhi,18-24,iOS,Organic
378,2026-04-21,Pune,25-34,Android,Instagram
379,2026-01-27,Hyderabad,35-44,Android,Instagram
380,2026-04-25,Pune,45+,Android,Referral
381,2026-03-31,Chennai,18-24,iOS,Instagram
382,2026-06-07,Chennai,35-44,Android,Organic
383,2026-01-20,Mumbai,45+,Android,Push Notification
384,2026-06-23,Visakhapatnam,18-24,Android,YouTube
385,2026-06-23,Delhi,45+,Android,Organic
386,2026-03-02,Delhi,35-44,Android,YouTube
387,2026-01-09,Pune,25-34,Android,Instagram
388,2026-04-06,Chennai,18-24,Android,YouTube
389,2026-04-04,Chennai,35-44,Android,Google Ads
390,2026-01-30,Hyderabad,25-34,Android,Referral
391,2026-05-24,Hyderabad,35-44,iOS,Push Notification
392,2026-04-25,Visakhapatnam,35-44,Android,Referral
393,2026-02-21,Hyderabad,25-34,iOS,Referral
394,2026-02-14,Mumbai,45+,iOS,Push Notification
395,2026-03-23,Mumbai,35-44,iOS,YouTube
396,2026-05-19,Bengaluru,35-44,iOS,Push Notification
397,2026-06-29,Mumbai,25-34,iOS,YouTube
398,2026-02-27,Hyderabad,25-34,iOS,Google Ads
399,2026-05-07,Hyderabad,35-44,Android,Instagram
400,2026-04-30,Delhi,25-34,Android,Organic
401,2026-01-17,Bengaluru,45+,iOS,Push Notification
402,2026-05-03,Pune,45+,iOS,YouTube
403,2026-01-19,Visakhapatnam,35-44,Android,Referral
404,2026-04-30,Mumbai,35-44,Android,YouTube
405,2026-06-13,Pune,25-34,iOS,Google Ads
406,2026-04-21,Pune,18-24,iOS,YouTube
407,2026-02-09,Bengaluru,25-34,Android,Push Notification
408,2026-02-27,Bengaluru,35-44,iOS,Instagram
409,2026-02-20,Mumbai,35-44,Android,Instagram
410,2026-06-07,Pune,18-24,Android,Google Ads
411,2026-06-01,Pune,25-34,Android,YouTube
412,2026-06-04,Bengaluru,18-24,iOS,Organic
413,2026-01-21,Hyderabad,35-44,Android,YouTube
414,2026-04-17,Pune,18-24,Android,Push Notification
415,2026-05-20,Bengaluru,35-44,Android,Push Notification
416,2026-04-14,Bengaluru,45+,Android,Organic
417,2026-02-10,Chennai,45+,Android,Google Ads
418,2026-03-29,Pune,25-34,Android,Push Notification
419,2026-03-23,Mumbai,35-44,iOS,Google Ads
420,2026-04-05,Pune,18-24,Android,Referral
421,2026-02-01,Bengaluru,45+,Android,Organic
422,2026-01-13,Bengaluru,45+,iOS,Referral
423,2026-03-05,Delhi,25-34,iOS,YouTube
424,2026-03-22,Visakhapatnam,25-34,Android,YouTube
425,2026-04-30,Chennai,35-44,Android,Organic
426,2026-04-11,Pune,45+,iOS,Google Ads
427,2026-05-30,Bengaluru,18-24,Android,Referral
428,2026-06-02,Delhi,45+,Android,Organic
429,2026-01-28,Chennai,25-34,iOS,Push Notification
430,2026-04-04,Delhi,45+,Android,Referral
431,2026-01-14,Pune,25-34,Android,Instagram
432,2026-01-19,Chennai,45+,iOS,Instagram
433,2026-06-09,Mumbai,18-24,Android,Organic
434,2026-04-11,Bengaluru,35-44,Android,Instagram
435,2026-02-06,Visakhapatnam,45+,Android,Organic
436,2026-01-10,Visakhapatnam,35-44,iOS,YouTube
437,2026-04-27,Visakhapatnam,25-34,Android,YouTube
438,2026-03-23,Visakhapatnam,45+,iOS,Push Notification
439,2026-03-18,Pune,35-44,Android,YouTube
440,2026-05-17,Chennai,35-44,Android,Organic
441,2026-04-05,Bengaluru,18-24,iOS,YouTube
442,2026-03-20,Delhi,18-24,Android,Instagram
443,2026-06-17,Delhi,25-34,iOS,YouTube
444,2026-05-03,Visakhapatnam,45+,Android,Push Notification
445,2026-03-04,Hyderabad,18-24,Android,Referral
446,2026-03-22,Chennai,25-34,Android,Google Ads
447,2026-04-16,Pune,45+,iOS,Push Notification
448,2026-01-16,Mumbai,25-34,Android,YouTube
449,2026-03-25,Mumbai,45+,Android,Instagram
450,2026-02-14,Chennai,35-44,Android,Push Notification
451,2026-06-24,Mumbai,35-44,Android,Google Ads
452,2026-03-05,Bengaluru,35-44,Android,Instagram
453,2026-03-15,Mumbai,25-34,Android,Referral
454,2026-03-23,Chennai,35-44,Android,Push Notification
455,2026-03-12,Bengaluru,18-24,Android,YouTube
456,2026-04-08,Chennai,35-44,iOS,Google Ads
457,2026-03-16,Hyderabad,35-44,iOS,Organic
458,2026-03-30,Chennai,35-44,iOS,Google Ads
459,2026-02-21,Delhi,35-44,iOS,Push Notification
460,2026-03-11,Visakhapatnam,18-24,Android,YouTube
461,2026-03-03,Visakhapatnam,18-24,Android,YouTube
462,2026-02-27,Mumbai,25-34,Android,Referral
463,2026-03-26,Mumbai,45+,Android,Google Ads
464,2026-01-02,Pune,25-34,Android,Referral
465,2026-05-03,Mumbai,25-34,iOS,Instagram
466,2026-03-24,Bengaluru,18-24,iOS,Organic
467,2026-06-16,Pune,25-34,Android,Push Notification
468,2026-01-10,Visakhapatnam,45+,iOS,Google Ads
469,2026-01-10,Delhi,45+,iOS,Google Ads
470,2026-03-16,Hyderabad,18-24,Android,YouTube
471,2026-01-28,Bengaluru,35-44,Android,Push Notification
472,2026-05-20,Pune,45+,iOS,Google Ads
473,2026-05-10,Chennai,35-44,Android,Organic
474,2026-03-26,Visakhapatnam,45+,Android,Push Notification
475,2026-02-17,Hyderabad,35-44,iOS,YouTube
476,2026-06-22,Delhi,25-34,Android,Push Notification
477,2026-04-14,Delhi,45+,Android,Organic
478,2026-04-13,Mumbai,18-24,Android,Google Ads
479,2026-05-03,Bengaluru,25-34,Android,Referral
480,2026-03-02,Chennai,35-44,iOS,Instagram
481,2026-05-30,Mumbai,18-24,Android,Instagram
482,2026-06-27,Visakhapatnam,18-24,Android,Referral
483,2026-03-20,Visakhapatnam,45+,Android,Push Notification
484,2026-03-21,Mumbai,18-24,Android,Instagram
485,2026-04-05,Pune,25-34,Android,Google Ads
486,2026-05-03,Visakhapatnam,45+,iOS,YouTube
487,2026-04-06,Chennai,45+,iOS,Push Notification
488,2026-02-25,Delhi,25-34,Android,YouTube
489,2026-01-21,Pune,45+,Android,Instagram
490,2026-01-20,Pune,18-24,Android,YouTube
491,2026-05-10,Visakhapatnam,25-34,Android,YouTube
492,2026-04-24,Hyderabad,25-34,iOS,Referral
493,2026-01-24,Pune,45+,iOS,Referral
494,2026-02-03,Pune,45+,Android,Organic
495,2026-05-24,Chennai,35-44,iOS,Referral
496,2026-03-07,Delhi,18-24,iOS,YouTube
497,2026-01-19,Hyderabad,45+,Android,Organic
498,2026-05-19,Hyderabad,18-24,iOS,Referral
499,2026-01-09,Bengaluru,45+,Android,Google Ads
500,2026-06-14,Mumbai,45+,Android,Referral
501,2026-04-25,Delhi,45+,Android,Push Notification
502,2026-06-19,Delhi,25-34,Android,Instagram
503,2026-01-31,Visakhapatnam,45+,Android,Push Notification
504,2026-02-27,Delhi,18-24,iOS,Instagram
505,2026-04-29,Mumbai,45+,Android,Google Ads
506,2026-03-05,Chennai,35-44,Android,Google Ads
507,2026-01-29,Hyderabad,45+,Android,Organic
508,2026-03-03,Visakhapatnam,18-24,Android,Organic
509,2026-04-25,Pune,18-24,Android,Organic
510,2026-04-13,Chennai,25-34,Android,Organic
511,2026-02-05,Pune,35-44,Android,Push Notification
512,2026-05-28,Bengaluru,35-44,Android,Google Ads
513,2026-06-19,Pune,25-34,Android,Instagram
514,2026-01-16,Pune,25-34,Android,Referral
515,2026-05-23,Chennai,18-24,iOS,Push Notification
516,2026-06-21,Chennai,35-44,Android,Referral
517,2026-02-08,Bengaluru,45+,Android,YouTube
518,2026-05-02,Visakhapatnam,25-34,Android,Push Notification
519,2026-02-06,Delhi,45+,iOS,YouTube
520,2026-04-16,Chennai,25-34,Android,Instagram
521,2026-02-22,Bengaluru,18-24,iOS,Instagram
522,2026-01-24,Pune,25-34,Android,Referral
523,2026-06-22,Pune,18-24,iOS,Google Ads
524,2026-05-31,Mumbai,25-34,Android,Instagram
525,2026-03-19,Hyderabad,25-34,iOS,Push Notification
526,2026-01-31,Mumbai,45+,iOS,Push Notification
527,2026-06-04,Mumbai,25-34,Android,Google Ads
528,2026-05-22,Bengaluru,35-44,Android,YouTube
529,2026-06-16,Bengaluru,35-44,Android,YouTube
530,2026-05-08,Chennai,18-24,iOS,Push Notification
531,2026-05-01,Delhi,35-44,iOS,Instagram
532,2026-03-22,Chennai,18-24,Android,Google Ads
533,2026-02-07,Hyderabad,35-44,Android,YouTube
534,2026-05-29,Mumbai,45+,Android,Google Ads
535,2026-03-26,Visakhapatnam,45+,Android,Google Ads
536,2026-05-08,Pune,35-44,Android,Referral
537,2026-06-14,Mumbai,45+,Android,Push Notification
538,2026-04-01,Visakhapatnam,25-34,iOS,Referral
539,2026-02-17,Pune,18-24,Android,Organic
540,2026-06-21,Hyderabad,18-24,Android,Push Notification
541,2026-03-01,Hyderabad,25-34,Android,YouTube
542,2026-04-27,Bengaluru,18-24,Android,Push Notification
543,2026-06-07,Chennai,45+,Android,YouTube
544,2026-05-22,Chennai,18-24,Android,Push Notification
545,2026-03-12,Pune,35-44,Android,Push Notification
546,2026-06-22,Chennai,25-34,Android,Organic
547,2026-05-15,Visakhapatnam,25-34,Android,YouTube
548,2026-03-06,Delhi,35-44,Android,Referral
549,2026-01-21,Bengaluru,45+,Android,Google Ads
550,2026-06-28,Visakhapatnam,35-44,Android,Organic
551,2026-06-17,Delhi,18-24,Android,Referral
552,2026-04-07,Pune,45+,Android,Organic
553,2026-06-29,Visakhapatnam,18-24,Android,Referral
554,2026-06-15,Delhi,35-44,Android,Organic
555,2026-05-16,Hyderabad,25-34,Android,Push Notification
556,2026-05-26,Chennai,35-44,Android,Organic
557,2026-06-25,Bengaluru,18-24,Android,Instagram
558,2026-01-05,Visakhapatnam,25-34,iOS,Push Notification
559,2026-04-12,Hyderabad,35-44,Android,Google Ads
560,2026-05-26,Delhi,45+,Android,YouTube
561,2026-03-26,Chennai,25-34,iOS,Push Notification
562,2026-01-21,Pune,35-44,Android,Referral
563,2026-03-01,Delhi,18-24,Android,YouTube
564,2026-06-02,Chennai,35-44,Android,Instagram
565,2026-04-26,Chennai,25-34,Android,Referral
566,2026-04-21,Visakhapatnam,45+,Android,YouTube
567,2026-03-17,Delhi,25-34,iOS,Organic
568,2026-03-10,Visakhapatnam,45+,iOS,Push Notification
569,2026-02-09,Mumbai,45+,Android,Organic
570,2026-01-24,Hyderabad,35-44,Android,Instagram
571,2026-01-27,Visakhapatnam,18-24,Android,Referral
572,2026-05-23,Pune,45+,Android,Organic
573,2026-04-01,Pune,18-24,Android,Instagram
574,2026-04-09,Hyderabad,35-44,Android,Organic
575,2026-05-24,Visakhapatnam,25-34,Android,Google Ads
576,2026-02-05,Bengaluru,35-44,Android,Google Ads
577,2026-01-17,Visakhapatnam,45+,Android,Instagram
578,2026-05-04,Delhi,18-24,Android,Google Ads
579,2026-06-10,Chennai,25-34,Android,Google Ads
580,2026-03-19,Hyderabad,45+,Android,YouTube
581,2026-04-08,Delhi,35-44,Android,Referral
582,2026-06-16,Pune,25-34,Android,YouTube
583,2026-06-27,Visakhapatnam,45+,Android,Referral
584,2026-03-23,Bengaluru,45+,iOS,Google Ads
585,2026-03-25,Chennai,35-44,iOS,Referral
586,2026-04-04,Hyderabad,25-34,Android,YouTube
587,2026-02-16,Mumbai,18-24,iOS,Referral
588,2026-02-23,Chennai,35-44,iOS,Organic
589,2026-04-15,Mumbai,45+,Android,Instagram
590,2026-03-03,Bengaluru,25-34,iOS,Referral
591,2026-01-19,Chennai,45+,Android,YouTube
592,2026-05-10,Delhi,45+,Android,Instagram
593,2026-06-29,Delhi,18-24,Android,Google Ads
594,2026-06-18,Mumbai,35-44,Android,YouTube
595,2026-01-12,Pune,45+,iOS,Instagram
596,2026-04-21,Hyderabad,18-24,Android,Google Ads
597,2026-05-11,Mumbai,25-34,Android,Referral
598,2026-04-29,Delhi,25-34,Android,Organic
599,2026-05-04,Hyderabad,35-44,Android,Organic
600,2026-01-30,Delhi,25-34,Android,Instagram
601,2026-04-27,Delhi,25-34,Android,Instagram
602,2026-05-02,Hyderabad,45+,iOS,Referral
603,2026-03-23,Hyderabad,35-44,Android,Push Notification
604,2026-01-30,Hyderabad,35-44,Android,Push Notification
605,2026-02-12,Mumbai,25-34,Android,YouTube
606,2026-02-10,Bengaluru,45+,iOS,Google Ads
607,2026-04-14,Mumbai,25-34,Android,Push Notification
608,2026-04-21,Chennai,18-24,iOS,Google Ads
609,2026-04-26,Pune,45+,Android,Push Notification
610,2026-02-24,Visakhapatnam,35-44,iOS,Organic
611,2026-05-28,Hyderabad,25-34,Android,Google Ads
612,2026-04-28,Hyderabad,35-44,Android,Referral
613,2026-05-16,Mumbai,35-44,Android,YouTube
614,2026-04-11,Pune,18-24,Android,Referral
615,2026-06-08,Visakhapatnam,35-44,iOS,YouTube
616,2026-01-22,Mumbai,25-34,Android,Google Ads
617,2026-03-20,Hyderabad,25-34,Android,Google Ads
618,2026-05-11,Chennai,45+,Android,YouTube
619,2026-04-09,Chennai,25-34,Android,YouTube
620,2026-06-27,Mumbai,25-34,Android,Referral
621,2026-03-15,Visakhapatnam,25-34,Android,Referral
622,2026-06-08,Hyderabad,35-44,iOS,Referral
623,2026-02-04,Visakhapatnam,45+,iOS,YouTube
624,2026-06-17,Chennai,45+,Android,Referral
625,2026-04-24,Chennai,25-34,Android,Organic
626,2026-02-26,Bengaluru,18-24,Android,YouTube
627,2026-03-15,Visakhapatnam,45+,Android,Referral
628,2026-05-21,Pune,18-24,Android,Instagram
629,2026-05-20,Delhi,35-44,Android,Organic
630,2026-04-23,Pune,25-34,iOS,Organic
631,2026-06-17,Delhi,25-34,Android,Organic
632,2026-04-26,Bengaluru,35-44,iOS,Organic
633,2026-04-23,Delhi,18-24,iOS,Google Ads
634,2026-02-23,Delhi,35-44,iOS,YouTube
635,2026-06-11,Chennai,25-34,Android,Google Ads
636,2026-02-22,Delhi,18-24,Android,YouTube
637,2026-03-13,Pune,25-34,Android,Push Notification
638,2026-03-16,Bengaluru,35-44,iOS,YouTube
639,2026-06-23,Delhi,18-24,Android,Referral
640,2026-01-16,Bengaluru,25-34,iOS,Google Ads
641,2026-03-05,Visakhapatnam,35-44,iOS,Push Notification
642,2026-04-11,Chennai,25-34,Android,Instagram
643,2026-06-10,Chennai,45+,Android,Push Notification
644,2026-01-24,Chennai,35-44,Android,Instagram
645,2026-04-27,Chennai,35-44,Android,Push Notification
646,2026-01-24,Mumbai,45+,Android,Push Notification
647,2026-04-02,Delhi,18-24,iOS,Referral
648,2026-02-25,Chennai,25-34,Android,Instagram
649,2026-03-14,Bengaluru,25-34,Android,Referral
650,2026-03-29,Mumbai,18-24,Android,Push Notification
651,2026-04-28,Hyderabad,18-24,iOS,Google Ads
652,2026-04-23,Chennai,18-24,iOS,Referral
653,2026-02-21,Mumbai,25-34,iOS,Instagram
654,2026-02-10,Delhi,35-44,Android,Instagram
655,2026-03-06,Hyderabad,35-44,Android,Push Notification
656,2026-02-12,Hyderabad,45+,Android,Push Notification
657,2026-06-29,Delhi,25-34,Android,Organic
658,2026-06-30,Hyderabad,18-24,Android,Organic
659,2026-02-03,Pune,25-34,Android,Referral
660,2026-01-03,Hyderabad,35-44,iOS,Referral
661,2026-06-27,Visakhapatnam,45+,Android,Referral
662,2026-01-23,Mumbai,18-24,Android,Instagram
663,2026-03-18,Visakhapatnam,45+,iOS,Google Ads
664,2026-06-14,Mumbai,25-34,Android,YouTube
665,2026-01-03,Pune,25-34,Android,Push Notification
666,2026-02-24,Mumbai,25-34,iOS,YouTube
667,2026-06-25,Chennai,25-34,Android,Organic
668,2026-02-05,Delhi,18-24,Android,Referral
669,2026-03-31,Chennai,35-44,iOS,Google Ads
670,2026-03-12,Mumbai,18-24,Android,YouTube
671,2026-06-03,Mumbai,35-44,iOS,Push Notification
672,2026-01-07,Delhi,35-44,Android,YouTube
673,2026-05-11,Visakhapatnam,45+,Android,Organic
674,2026-03-03,Chennai,45+,Android,Referral
675,2026-06-13,Pune,18-24,Android,Organic
676,2026-04-03,Bengaluru,25-34,Android,YouTube
677,2026-04-18,Bengaluru,25-34,iOS,Organic
678,2026-01-05,Pune,18-24,Android,Google Ads
679,2026-01-11,Hyderabad,45+,Android,Push Notification
680,2026-05-09,Delhi,45+,Android,Referral
681,2026-01-22,Mumbai,25-34,Android,Instagram
682,2026-01-21,Pune,25-34,iOS,Google Ads
683,2026-05-18,Bengaluru,45+,Android,Push Notification
684,2026-06-24,Mumbai,18-24,Android,Referral
685,2026-03-03,Hyderabad,25-34,Android,Referral
686,2026-01-30,Chennai,18-24,Android,Push Notification
687,2026-06-18,Mumbai,25-34,Android,Push Notification
688,2026-02-05,Mumbai,18-24,Android,Instagram
689,2026-05-14,Pune,35-44,Android,Google Ads
690,2026-03-10,Mumbai,18-24,iOS,Organic
691,2026-03-27,Delhi,45+,Android,Organic
692,2026-03-09,Mumbai,18-24,Android,YouTube
693,2026-04-03,Hyderabad,45+,iOS,Google Ads
694,2026-04-05,Visakhapatnam,35-44,iOS,YouTube
695,2026-06-22,Mumbai,18-24,Android,YouTube
696,2026-01-01,Hyderabad,18-24,Android,Referral
697,2026-04-04,Chennai,25-34,Android,Organic
698,2026-05-22,Delhi,45+,Android,Google Ads
699,2026-04-17,Mumbai,35-44,Android,Organic
700,2026-05-27,Bengaluru,18-24,Android,Organic
701,2026-02-15,Visakhapatnam,18-24,iOS,Organic
702,2026-04-30,Delhi,35-44,iOS,Instagram
703,2026-03-25,Hyderabad,45+,Android,Google Ads
704,2026-03-16,Pune,35-44,iOS,Google Ads
705,2026-04-29,Bengaluru,45+,iOS,Google Ads
706,2026-05-20,Delhi,25-34,Android,Referral
707,2026-01-07,Visakhapatnam,35-44,Android,Push Notification
708,2026-01-03,Bengaluru,18-24,iOS,Referral
709,2026-03-20,Hyderabad,25-34,Android,Google Ads
710,2026-04-18,Chennai,18-24,iOS,Google Ads
711,2026-03-13,Hyderabad,18-24,iOS,YouTube
712,2026-04-16,Mumbai,35-44,Android,Push Notification
713,2026-01-22,Pune,18-24,Android,Push Notification
714,2026-04-11,Hyderabad,18-24,Android,Google Ads
715,2026-03-02,Bengaluru,35-44,iOS,Referral
716,2026-06-29,Delhi,35-44,Android,Instagram
717,2026-03-01,Hyderabad,25-34,Android,YouTube
718,2026-01-28,Visakhapatnam,18-24,Android,Referral
719,2026-03-22,Chennai,18-24,Android,Google Ads
720,2026-04-26,Bengaluru,45+,Android,Organic
721,2026-01-24,Visakhapatnam,35-44,iOS,Push Notification
722,2026-06-04,Hyderabad,25-34,iOS,Instagram
723,2026-02-07,Hyderabad,25-34,iOS,Referral
724,2026-05-12,Hyderabad,35-44,Android,Google Ads
725,2026-01-08,Chennai,45+,Android,YouTube
726,2026-03-05,Hyderabad,45+,Android,Google Ads
727,2026-02-01,Hyderabad,18-24,iOS,Google Ads
728,2026-02-03,Visakhapatnam,45+,Android,Push Notification
729,2026-06-15,Hyderabad,35-44,iOS,Organic
730,2026-01-06,Hyderabad,25-34,iOS,Referral
731,2026-02-02,Hyderabad,35-44,Android,Referral
732,2026-01-13,Visakhapatnam,45+,iOS,Referral
733,2026-05-08,Hyderabad,45+,Android,Google Ads
734,2026-04-01,Visakhapatnam,25-34,Android,Referral
735,2026-02-08,Hyderabad,25-34,Android,Referral
736,2026-04-16,Pune,45+,Android,Instagram
737,2026-04-09,Visakhapatnam,45+,Android,YouTube
738,2026-03-05,Mumbai,18-24,iOS,Push Notification
739,2026-04-02,Chennai,45+,Android,YouTube
740,2026-05-09,Bengaluru,45+,Android,Organic
741,2026-03-23,Pune,25-34,Android,Instagram
742,2026-01-15,Delhi,45+,Android,YouTube
743,2026-03-01,Visakhapatnam,18-24,Android,Google Ads
744,2026-03-10,Pune,18-24,iOS,Google Ads
745,2026-05-28,Delhi,45+,Android,Google Ads
746,2026-02-15,Visakhapatnam,35-44,iOS,Push Notification
747,2026-04-02,Pune,18-24,iOS,Instagram
748,2026-05-26,Pune,25-34,Android,Google Ads
749,2026-05-07,Pune,35-44,Android,Organic
750,2026-01-24,Hyderabad,25-34,Android,Organic
751,2026-05-15,Chennai,18-24,Android,YouTube
752,2026-02-21,Delhi,25-34,Android,Google Ads
753,2026-03-24,Hyderabad,18-24,Android,Push Notification
754,2026-02-06,Delhi,18-24,iOS,Instagram
755,2026-01-19,Bengaluru,45+,Android,Instagram
756,2026-03-19,Bengaluru,25-34,iOS,Push Notification
757,2026-04-22,Delhi,45+,Android,Google Ads
758,2026-05-24,Mumbai,35-44,Android,YouTube
759,2026-02-14,Chennai,35-44,iOS,Instagram
760,2026-02-02,Visakhapatnam,18-24,iOS,YouTube
761,2026-04-11,Delhi,18-24,Android,Instagram
762,2026-06-06,Visakhapatnam,18-24,iOS,Google Ads
763,2026-03-26,Mumbai,18-24,Android,Instagram
764,2026-02-12,Mumbai,18-24,iOS,Push Notification
765,2026-06-13,Mumbai,35-44,Android,Instagram
766,2026-02-23,Visakhapatnam,18-24,Android,Organic
767,2026-01-01,Hyderabad,45+,Android,Referral
768,2026-02-12,Chennai,45+,iOS,Instagram
769,2026-05-20,Chennai,18-24,iOS,YouTube
770,2026-06-16,Delhi,25-34,Android,Organic
771,2026-01-09,Bengaluru,18-24,Android,Organic
772,2026-01-19,Bengaluru,25-34,iOS,Google Ads
773,2026-01-20,Pune,18-24,Android,YouTube
774,2026-05-04,Mumbai,18-24,Android,Push Notification
775,2026-02-12,Pune,45+,Android,Organic
776,2026-03-26,Visakhapatnam,25-34,Android,YouTube
777,2026-05-19,Bengaluru,35-44,Android,Organic
778,2026-01-13,Chennai,45+,Android,Instagram
779,2026-01-01,Chennai,18-24,Android,Push Notification
780,2026-06-10,Pune,45+,Android,Organic
781,2026-02-22,Visakhapatnam,35-44,iOS,Referral
782,2026-01-30,Bengaluru,45+,Android,Push Notification
783,2026-03-09,Hyderabad,45+,Android,Referral
784,2026-04-05,Visakhapatnam,45+,Android,Referral
785,2026-04-30,Bengaluru,25-34,iOS,YouTube
786,2026-01-16,Visakhapatnam,18-24,Android,Instagram
787,2026-05-19,Chennai,25-34,Android,Referral
788,2026-05-14,Chennai,45+,Android,Google Ads
789,2026-05-02,Bengaluru,18-24,Android,Push Notification
790,2026-01-09,Pune,25-34,Android,Referral
791,2026-02-14,Visakhapatnam,25-34,iOS,Google Ads
792,2026-01-11,Chennai,18-24,iOS,Referral
793,2026-02-21,Delhi,25-34,iOS,Instagram
794,2026-03-23,Mumbai,18-24,Android,YouTube
795,2026-04-12,Pune,35-44,iOS,YouTube
796,2026-04-28,Delhi,18-24,iOS,YouTube
797,2026-05-31,Pune,45+,Android,Google Ads
798,2026-02-07,Pune,18-24,iOS,YouTube
799,2026-01-26,Delhi,35-44,iOS,Instagram
800,2026-04-16,Bengaluru,45+,Android,YouTube
801,2026-06-05,Chennai,18-24,Android,Referral
802,2026-02-06,Pune,45+,Android,Instagram
803,2026-06-26,Visakhapatnam,18-24,iOS,Instagram
804,2026-04-06,Hyderabad,35-44,iOS,Instagram
805,2026-03-21,Bengaluru,45+,iOS,Push Notification
806,2026-01-26,Delhi,25-34,Android,Push Notification
807,2026-04-24,Delhi,35-44,Android,Referral
808,2026-06-04,Mumbai,18-24,Android,Google Ads
809,2026-04-15,Mumbai,45+,iOS,Instagram
810,2026-01-15,Pune,25-34,Android,Push Notification
811,2026-05-10,Chennai,25-34,iOS,YouTube
812,2026-05-26,Hyderabad,25-34,Android,Google Ads
813,2026-01-15,Visakhapatnam,18-24,Android,Instagram
814,2026-06-30,Visakhapatnam,35-44,Android,Referral
815,2026-05-10,Chennai,18-24,Android,Google Ads
816,2026-04-06,Chennai,45+,Android,Referral
817,2026-05-31,Pune,35-44,Android,Instagram
818,2026-06-26,Hyderabad,35-44,Android,Organic
819,2026-02-11,Delhi,25-34,iOS,Push Notification
820,2026-02-27,Mumbai,25-34,Android,Referral
821,2026-05-12,Hyderabad,18-24,Android,Google Ads
822,2026-06-15,Visakhapatnam,18-24,Android,YouTube
823,2026-03-20,Mumbai,35-44,Android,Referral
824,2026-03-31,Chennai,35-44,Android,Instagram
825,2026-06-23,Pune,45+,Android,Organic
826,2026-05-11,Mumbai,35-44,Android,YouTube
827,2026-06-05,Bengaluru,35-44,Android,Referral
828,2026-01-17,Bengaluru,35-44,Android,Instagram
829,2026-03-08,Mumbai,35-44,Android,YouTube
830,2026-03-03,Hyderabad,45+,Android,Push Notification
831,2026-02-05,Mumbai,18-24,Android,Instagram
832,2026-03-08,Chennai,45+,Android,Organic
833,2026-05-30,Mumbai,25-34,Android,Push Notification
834,2026-02-26,Mumbai,45+,iOS,Push Notification
835,2026-04-02,Pune,35-44,iOS,Push Notification
836,2026-05-23,Visakhapatnam,35-44,Android,Google Ads
837,2026-03-08,Mumbai,25-34,iOS,Instagram
838,2026-06-17,Hyderabad,25-34,Android,Push Notification
839,2026-03-20,Chennai,35-44,Android,YouTube
840,2026-03-17,Chennai,18-24,Android,Push Notification
841,2026-05-30,Pune,18-24,Android,Google Ads
842,2026-05-09,Hyderabad,45+,Android,Referral
843,2026-01-14,Delhi,25-34,Android,Google Ads
844,2026-03-29,Chennai,45+,Android,Push Notification
845,2026-02-16,Delhi,18-24,Android,Push Notification
846,2026-02-15,Bengaluru,18-24,Android,Instagram
847,2026-02-23,Delhi,25-34,Android,Google Ads
848,2026-05-06,Delhi,18-24,Android,Referral
849,2026-06-12,Chennai,45+,Android,Referral
850,2026-04-09,Hyderabad,18-24,Android,Push Notification
851,2026-04-06,Hyderabad,35-44,iOS,YouTube
852,2026-02-18,Hyderabad,18-24,Android,Google Ads
853,2026-02-27,Mumbai,35-44,Android,Organic
854,2026-04-09,Pune,35-44,Android,Organic
855,2026-03-18,Bengaluru,45+,iOS,YouTube
856,2026-05-15,Bengaluru,45+,iOS,Google Ads
857,2026-03-29,Chennai,35-44,iOS,Google Ads
858,2026-04-14,Hyderabad,25-34,Android,Google Ads
859,2026-02-24,Mumbai,18-24,Android,Google Ads
860,2026-02-01,Bengaluru,18-24,Android,Push Notification
861,2026-03-07,Delhi,18-24,Android,Organic
862,2026-06-19,Hyderabad,18-24,Android,Organic
863,2026-04-17,Chennai,45+,Android,Instagram
864,2026-05-02,Mumbai,25-34,Android,Push Notification
865,2026-06-11,Hyderabad,35-44,Android,Organic
866,2026-06-19,Pune,35-44,Android,Push Notification
867,2026-02-05,Chennai,18-24,Android,YouTube
868,2026-01-31,Bengaluru,18-24,iOS,Referral
869,2026-02-20,Pune,25-34,iOS,YouTube
870,2026-02-21,Bengaluru,45+,Android,Organic
871,2026-05-21,Chennai,25-34,Android,Referral
872,2026-03-26,Visakhapatnam,18-24,Android,Organic
873,2026-01-29,Delhi,45+,Android,Organic
874,2026-05-11,Hyderabad,18-24,iOS,Push Notification
875,2026-03-01,Chennai,35-44,Android,Organic
876,2026-01-26,Delhi,25-34,iOS,Instagram
877,2026-04-03,Delhi,35-44,Android,Organic
878,2026-01-25,Delhi,18-24,Android,Google Ads
879,2026-06-19,Mumbai,25-34,Android,Referral
880,2026-06-09,Bengaluru,18-24,Android,Instagram
881,2026-02-16,Hyderabad,45+,Android,Referral
882,2026-03-11,Delhi,45+,Android,Referral
883,2026-04-18,Mumbai,25-34,Android,Push Notification
884,2026-01-16,Delhi,25-34,Android,YouTube
885,2026-05-04,Delhi,45+,Android,Referral
886,2026-04-02,Pune,18-24,iOS,Push Notification
887,2026-02-03,Chennai,45+,Android,Referral
888,2026-04-23,Hyderabad,18-24,Android,Instagram
889,2026-01-04,Mumbai,25-34,iOS,Push Notification
890,2026-03-28,Pune,18-24,Android,Push Notification
891,2026-03-05,Chennai,35-44,Android,Push Notification
892,2026-04-09,Visakhapatnam,18-24,Android,Google Ads
893,2026-05-10,Delhi,45+,iOS,Google Ads
894,2026-01-20,Delhi,45+,Android,Instagram
895,2026-03-13,Hyderabad,25-34,Android,Referral
896,2026-04-14,Delhi,25-34,Android,Referral
897,2026-05-27,Chennai,18-24,iOS,Referral
898,2026-03-22,Hyderabad,45+,iOS,Organic
899,2026-01-27,Chennai,45+,Android,YouTube
900,2026-01-01,Delhi,18-24,iOS,YouTube
901,2026-06-13,Bengaluru,25-34,Android,Referral
902,2026-03-29,Bengaluru,18-24,iOS,Referral
903,2026-03-26,Pune,45+,iOS,Instagram
904,2026-04-26,Hyderabad,18-24,iOS,Google Ads
905,2026-01-01,Bengaluru,35-44,iOS,Instagram
906,2026-05-21,Pune,35-44,iOS,Organic
907,2026-02-12,Chennai,25-34,iOS,Push Notification
908,2026-04-15,Hyderabad,35-44,Android,Google Ads
909,2026-01-31,Delhi,45+,Android,Google Ads
910,2026-03-28,Hyderabad,45+,Android,Push Notification
911,2026-06-22,Pune,18-24,iOS,Referral
912,2026-04-28,Mumbai,25-34,iOS,Organic
913,2026-05-16,Mumbai,18-24,Android,Referral
914,2026-05-30,Chennai,25-34,Android,Google Ads
915,2026-02-02,Hyderabad,45+,Android,YouTube
916,2026-03-24,Pune,45+,Android,YouTube
917,2026-06-27,Delhi,25-34,Android,Instagram
918,2026-03-17,Chennai,25-34,Android,YouTube
919,2026-06-29,Mumbai,35-44,iOS,YouTube
920,2026-03-22,Mumbai,25-34,Android,YouTube
921,2026-03-16,Mumbai,35-44,iOS,Google Ads
922,2026-06-16,Visakhapatnam,35-44,iOS,Instagram
923,2026-05-24,Chennai,45+,Android,YouTube
924,2026-03-15,Delhi,45+,iOS,YouTube
925,2026-01-28,Hyderabad,45+,Android,Push Notification
926,2026-01-15,Visakhapatnam,35-44,iOS,Google Ads
927,2026-03-15,Mumbai,35-44,Android,Organic
928,2026-06-26,Delhi,35-44,Android,YouTube
929,2026-01-09,Bengaluru,45+,Android,Push Notification
930,2026-05-24,Delhi,25-34,iOS,YouTube
931,2026-04-10,Visakhapatnam,35-44,Android,Organic
932,2026-04-08,Chennai,45+,iOS,Push Notification
933,2026-03-22,Pune,18-24,Android,Instagram
934,2026-02-21,Pune,45+,iOS,Push Notification
935,2026-06-30,Mumbai,35-44,iOS,YouTube
936,2026-06-04,Visakhapatnam,25-34,Android,Google Ads
937,2026-06-24,Hyderabad,25-34,iOS,Push Notification
938,2026-05-12,Hyderabad,45+,Android,Instagram
939,2026-05-23,Bengaluru,25-34,Android,Instagram
940,2026-01-02,Bengaluru,45+,iOS,Google Ads
941,2026-01-11,Visakhapatnam,35-44,Android,Push Notification
942,2026-06-07,Delhi,35-44,Android,YouTube
943,2026-05-21,Bengaluru,18-24,iOS,Instagram
944,2026-05-15,Visakhapatnam,25-34,Android,YouTube
945,2026-02-10,Chennai,45+,Android,Google Ads
946,2026-02-24,Mumbai,35-44,Android,Instagram
947,2026-02-25,Delhi,45+,iOS,Push Notification
948,2026-01-03,Hyderabad,35-44,Android,Push Notification
949,2026-06-07,Pune,25-34,iOS,Push Notification
950,2026-03-24,Chennai,18-24,Android,YouTube
951,2026-03-14,Hyderabad,35-44,Android,YouTube
952,2026-04-25,Chennai,18-24,Android,Push Notification
953,2026-02-19,Bengaluru,18-24,iOS,Google Ads
954,2026-05-18,Pune,18-24,Android,Google Ads
955,2026-06-21,Mumbai,25-34,iOS,Referral
956,2026-01-27,Visakhapatnam,45+,Android,Organic
957,2026-06-25,Visakhapatnam,18-24,Android,Instagram
958,2026-01-10,Hyderabad,18-24,Android,Instagram
959,2026-05-23,Hyderabad,25-34,iOS,Referral
960,2026-04-10,Chennai,45+,Android,Organic
961,2026-04-10,Mumbai,18-24,Android,Push Notification
962,2026-06-08,Hyderabad,18-24,iOS,Organic
963,2026-04-02,Pune,18-24,Android,Push Notification
964,2026-03-19,Pune,18-24,Android,Referral
965,2026-04-08,Chennai,18-24,Android,YouTube
966,2026-02-26,Visakhapatnam,45+,iOS,YouTube
967,2026-03-17,Mumbai,25-34,Android,Push Notification
968,2026-06-15,Bengaluru,18-24,Android,YouTube
969,2026-02-06,Hyderabad,18-24,Android,YouTube
970,2026-04-11,Pune,18-24,Android,Push Notification
971,2026-03-30,Visakhapatnam,45+,iOS,YouTube
972,2026-02-06,Visakhapatnam,25-34,Android,Instagram
973,2026-02-19,Hyderabad,25-34,Android,YouTube
974,2026-01-14,Delhi,45+,Android,Organic
975,2026-03-16,Mumbai,18-24,Android,Google Ads
976,2026-05-29,Chennai,35-44,Android,Push Notification
977,2026-06-17,Visakhapatnam,18-24,Android,Organic
978,2026-02-19,Bengaluru,45+,Android,YouTube
979,2026-06-18,Bengaluru,25-34,Android,Instagram
980,2026-03-22,Chennai,25-34,Android,Google Ads
981,2026-02-26,Mumbai,45+,Android,Instagram
982,2026-02-04,Mumbai,35-44,iOS,Referral
983,2026-04-25,Bengaluru,35-44,Android,Organic
984,2026-02-14,Mumbai,18-24,iOS,Google Ads
985,2026-05-18,Visakhapatnam,35-44,iOS,Push Notification
986,2026-01-20,Mumbai,18-24,iOS,YouTube
987,2026-06-11,Hyderabad,45+,iOS,Google Ads
988,2026-01-10,Pune,35-44,Android,YouTube
989,2026-05-01,Mumbai,25-34,Android,Google Ads
990,2026-05-31,Mumbai,35-44,Android,YouTube
991,2026-05-11,Hyderabad,45+,Android,Organic
992,2026-06-19,Visakhapatnam,25-34,iOS,Google Ads
993,2026-04-25,Visakhapatnam,25-34,Android,YouTube
994,2026-06-18,Delhi,25-34,iOS,Referral
995,2026-04-02,Hyderabad,25-34,iOS,Google Ads
996,2026-01-17,Bengaluru,35-44,Android,Push Notification
997,2026-02-22,Pune,35-44,Android,Referral
998,2026-01-12,Hyderabad,35-44,Android,YouTube
999,2026-06-12,Delhi,35-44,iOS,Instagram
1000,2026-05-29,Pune,25-34,Android,Referral
1001,2026-04-04,Pune,18-24,Android,Referral
1002,2026-02-27,Pune,45+,Android,Instagram
1003,2026-05-05,Delhi,45+,iOS,Organic
1004,2026-05-09,Visakhapatnam,45+,Android,Organic
1005,2026-05-12,Mumbai,35-44,Android,Google Ads
1006,2026-02-10,Bengaluru,18-24,Android,Referral
1007,2026-03-26,Mumbai,18-24,Android,Referral
1008,2026-05-03,Visakhapatnam,25-34,Android,Referral
1009,2026-01-06,Visakhapatnam,18-24,Android,YouTube
1010,2026-02-11,Visakhapatnam,18-24,iOS,Google Ads
1011,2026-01-15,Visakhapatnam,35-44,iOS,YouTube
1012,2026-04-14,Pune,18-24,iOS,Push Notification
1013,2026-06-19,Delhi,35-44,iOS,Google Ads
1014,2026-04-25,Pune,45+,iOS,Google Ads
1015,2026-02-26,Delhi,45+,Android,YouTube
1016,2026-02-16,Pune,35-44,Android,Push Notification
1017,2026-03-29,Chennai,18-24,Android,Referral
1018,2026-02-03,Hyderabad,18-24,Android,YouTube
1019,2026-06-25,Chennai,25-34,Android,Google Ads
1020,2026-05-02,Pune,18-24,iOS,YouTube
1021,2026-05-09,Delhi,18-24,Android,Push Notification
1022,2026-02-03,Pune,18-24,iOS,Push Notification
1023,2026-06-16,Chennai,45+,Android,Organic
1024,2026-06-28,Pune,45+,Android,Referral
1025,2026-04-08,Bengaluru,18-24,Android,Instagram
1026,2026-05-03,Delhi,25-34,iOS,Organic
1027,2026-03-14,Pune,45+,Android,Organic
1028,2026-01-02,Pune,18-24,Android,Referral
1029,2026-06-17,Visakhapatnam,35-44,Android,Organic
1030,2026-02-09,Chennai,35-44,Android,YouTube
1031,2026-04-19,Pune,35-44,Android,Push Notification
1032,2026-04-12,Delhi,25-34,Android,YouTube
1033,2026-05-04,Visakhapatnam,35-44,Android,Referral
1034,2026-03-06,Bengaluru,35-44,iOS,Referral
1035,2026-02-05,Delhi,18-24,iOS,Referral
1036,2026-06-29,Visakhapatnam,18-24,Android,Referral
1037,2026-03-28,Delhi,18-24,Android,Push Notification
1038,2026-01-02,Delhi,18-24,iOS,Referral
1039,2026-06-03,Chennai,18-24,Android,Google Ads
1040,2026-04-05,Hyderabad,18-24,iOS,Referral
1041,2026-06-07,Mumbai,35-44,iOS,YouTube
1042,2026-01-15,Delhi,25-34,Android,Referral
1043,2026-01-03,Visakhapatnam,35-44,Android,YouTube
1044,2026-05-11,Pune,25-34,Android,Push Notification
1045,2026-01-10,Bengaluru,25-34,Android,Google Ads
1046,2026-01-23,Bengaluru,45+,Android,Referral
1047,2026-04-14,Pune,25-34,Android,Push Notification
1048,2026-06-30,Hyderabad,18-24,Android,Push Notification
1049,2026-05-24,Pune,35-44,Android,Instagram
1050,2026-02-27,Pune,25-34,Android,Referral
1051,2026-05-28,Hyderabad,35-44,Android,YouTube
1052,2026-01-28,Pune,18-24,Android,Instagram
1053,2026-01-30,Delhi,35-44,iOS,YouTube
1054,2026-03-06,Mumbai,45+,iOS,YouTube
1055,2026-05-04,Delhi,25-34,iOS,Referral
1056,2026-06-24,Chennai,18-24,Android,Instagram
1057,2026-01-18,Chennai,25-34,Android,Google Ads
1058,2026-03-22,Chennai,35-44,Android,Organic
1059,2026-06-29,Delhi,35-44,Android,Organic
1060,2026-04-13,Mumbai,35-44,Android,Google Ads
1061,2026-05-02,Bengaluru,35-44,Android,YouTube
1062,2026-03-10,Visakhapatnam,25-34,Android,Google Ads
1063,2026-03-02,Mumbai,25-34,iOS,Google Ads
1064,2026-02-28,Visakhapatnam,25-34,iOS,Instagram
1065,2026-02-09,Delhi,18-24,Android,Organic
1066,2026-06-23,Mumbai,45+,Android,YouTube
1067,2026-01-11,Delhi,45+,Android,Instagram
1068,2026-05-07,Pune,35-44,Android,YouTube
1069,2026-03-13,Chennai,25-34,iOS,Google Ads
1070,2026-01-14,Pune,45+,Android,YouTube
1071,2026-01-09,Pune,35-44,Android,Push Notification
1072,2026-02-14,Chennai,18-24,Android,Referral
1073,2026-03-22,Mumbai,18-24,Android,Google Ads
1074,2026-04-08,Pune,18-24,Android,YouTube
1075,2026-03-08,Visakhapatnam,35-44,Android,Referral
1076,2026-06-06,Bengaluru,35-44,Android,Referral
1077,2026-02-23,Chennai,35-44,Android,Referral
1078,2026-03-13,Chennai,25-34,Android,YouTube
1079,2026-06-25,Visakhapatnam,18-24,iOS,Google Ads
1080,2026-05-23,Chennai,45+,Android,Push Notification
1081,2026-02-08,Chennai,18-24,Android,Referral
1082,2026-02-04,Delhi,35-44,iOS,Instagram
1083,2026-03-06,Pune,18-24,Android,Push Notification
1084,2026-02-11,Hyderabad,25-34,iOS,Referral
1085,2026-06-11,Hyderabad,45+,iOS,Instagram
1086,2026-04-03,Bengaluru,35-44,Android,Referral
1087,2026-02-01,Bengaluru,25-34,Android,Push Notification
1088,2026-06-16,Pune,25-34,iOS,Instagram
1089,2026-04-01,Bengaluru,45+,iOS,Referral
1090,2026-01-21,Chennai,35-44,Android,Google Ads
1091,2026-02-12,Mumbai,35-44,Android,YouTube
1092,2026-05-27,Chennai,18-24,Android,Instagram
1093,2026-02-28,Bengaluru,35-44,Android,Push Notification
1094,2026-03-10,Pune,45+,Android,Referral
1095,2026-04-03,Mumbai,45+,Android,Google Ads
1096,2026-01-06,Visakhapatnam,25-34,Android,Push Notification
1097,2026-06-29,Mumbai,18-24,Android,Referral
1098,2026-01-27,Hyderabad,18-24,iOS,Referral
1099,2026-05-21,Hyderabad,18-24,iOS,YouTube
1100,2026-01-22,Hyderabad,35-44,Android,Organic
1101,2026-06-17,Chennai,35-44,Android,Push Notification
1102,2026-03-14,Chennai,25-34,Android,Google Ads
1103,2026-01-08,Hyderabad,35-44,iOS,Instagram
1104,2026-05-02,Chennai,35-44,Android,Google Ads
1105,2026-06-28,Pune,25-34,Android,Referral
1106,2026-06-11,Mumbai,45+,Android,Push Notification
1107,2026-05-17,Bengaluru,35-44,Android,Google Ads
1108,2026-01-23,Chennai,35-44,Android,Instagram
1109,2026-02-09,Bengaluru,18-24,Android,Google Ads
1110,2026-03-30,Bengaluru,45+,Android,Push Notification
1111,2026-05-06,Delhi,45+,Android,Referral
1112,2026-03-16,Pune,25-34,iOS,YouTube
1113,2026-04-06,Visakhapatnam,45+,iOS,Referral
1114,2026-04-12,Visakhapatnam,25-34,iOS,Push Notification
1115,2026-04-10,Delhi,45+,Android,Organic
1116,2026-04-19,Mumbai,25-34,Android,YouTube
1117,2026-06-27,Mumbai,35-44,Android,Push Notification
1118,2026-05-17,Delhi,35-44,Android,Organic
1119,2026-02-16,Visakhapatnam,35-44,Android,Referral
1120,2026-06-08,Chennai,35-44,iOS,Referral
1121,2026-02-18,Bengaluru,18-24,Android,YouTube
1122,2026-01-06,Visakhapatnam,18-24,Android,Google Ads
1123,2026-04-23,Mumbai,18-24,Android,Google Ads
1124,2026-01-04,Chennai,25-34,Android,Instagram
1125,2026-05-08,Bengaluru,45+,Android,Organic
1126,2026-03-26,Hyderabad,25-34,Android,Referral
1127,2026-01-19,Pune,45+,Android,Instagram
1128,2026-04-08,Delhi,18-24,Android,Push Notification
1129,2026-03-05,Chennai,45+,Android,Organic
1130,2026-02-20,Chennai,18-24,Android,Google Ads
1131,2026-05-02,Chennai,35-44,iOS,Google Ads
1132,2026-06-11,Mumbai,18-24,iOS,YouTube
1133,2026-05-14,Hyderabad,35-44,Android,Instagram
1134,2026-02-20,Bengaluru,18-24,iOS,Google Ads
1135,2026-01-29,Visakhapatnam,45+,Android,Google Ads
1136,2026-03-12,Pune,18-24,Android,Google Ads
1137,2026-01-03,Hyderabad,45+,Android,Google Ads
1138,2026-04-06,Delhi,18-24,Android,Referral
1139,2026-01-24,Mumbai,35-44,iOS,Push Notification
1140,2026-01-16,Hyderabad,35-44,Android,Push Notification
1141,2026-05-18,Delhi,18-24,Android,Google Ads
1142,2026-03-23,Pune,35-44,iOS,Referral
1143,2026-02-19,Hyderabad,45+,Android,Google Ads
1144,2026-03-06,Hyderabad,45+,iOS,YouTube
1145,2026-03-17,Pune,45+,Android,Google Ads
1146,2026-05-20,Bengaluru,35-44,iOS,Instagram
1147,2026-06-03,Delhi,25-34,Android,Google Ads
1148,2026-04-26,Bengaluru,35-44,Android,Referral
1149,2026-01-01,Delhi,45+,iOS,Organic
1150,2026-06-08,Delhi,35-44,iOS,Google Ads
1151,2026-03-24,Mumbai,18-24,Android,YouTube
1152,2026-04-10,Visakhapatnam,45+,iOS,Google Ads
1153,2026-06-06,Bengaluru,35-44,Android,Instagram
1154,2026-01-29,Hyderabad,18-24,Android,Google Ads
1155,2026-02-15,Delhi,18-24,Android,Referral
1156,2026-02-19,Hyderabad,18-24,Android,Referral
1157,2026-06-18,Chennai,35-44,Android,Google Ads
1158,2026-06-05,Mumbai,18-24,Android,Google Ads
1159,2026-06-17,Chennai,18-24,Android,Push Notification
1160,2026-01-16,Bengaluru,45+,iOS,Push Notification
1161,2026-01-15,Delhi,35-44,Android,Push Notification
1162,2026-01-19,Delhi,35-44,Android,Google Ads
1163,2026-05-13,Hyderabad,18-24,iOS,YouTube
1164,2026-04-09,Visakhapatnam,25-34,Android,Google Ads
1165,2026-05-26,Mumbai,25-34,Android,YouTube
1166,2026-04-17,Mumbai,18-24,iOS,YouTube
1167,2026-04-02,Mumbai,45+,iOS,Referral
1168,2026-01-27,Visakhapatnam,25-34,Android,YouTube
1169,2026-03-28,Mumbai,25-34,Android,YouTube
1170,2026-04-24,Bengaluru,35-44,Android,Instagram
1171,2026-04-06,Chennai,45+,iOS,Instagram
1172,2026-06-05,Visakhapatnam,25-34,Android,YouTube
1173,2026-03-07,Bengaluru,45+,Android,Referral
1174,2026-01-01,Mumbai,18-24,iOS,YouTube
1175,2026-01-05,Pune,25-34,iOS,Instagram
1176,2026-01-02,Bengaluru,25-34,Android,Instagram
1177,2026-01-06,Delhi,35-44,iOS,YouTube
1178,2026-05-23,Pune,25-34,Android,Referral
1179,2026-04-02,Visakhapatnam,25-34,Android,YouTube
1180,2026-03-05,Visakhapatnam,35-44,iOS,Organic
1181,2026-05-27,Chennai,25-34,iOS,Push Notification
1182,2026-03-25,Delhi,45+,Android,Push Notification
1183,2026-06-29,Pune,18-24,Android,Instagram
1184,2026-01-10,Mumbai,45+,Android,Organic
1185,2026-03-27,Bengaluru,45+,Android,Organic
1186,2026-02-28,Mumbai,18-24,Android,Push Notification
1187,2026-04-08,Hyderabad,35-44,Android,Instagram
1188,2026-05-19,Pune,25-34,Android,Push Notification
1189,2026-02-26,Visakhapatnam,18-24,Android,Referral
1190,2026-04-25,Delhi,18-24,Android,Instagram
1191,2026-04-11,Visakhapatnam,25-34,Android,Referral
1192,2026-05-27,Mumbai,18-24,Android,Instagram
1193,2026-01-22,Chennai,45+,iOS,Google Ads
1194,2026-02-04,Chennai,25-34,Android,Push Notification
1195,2026-05-27,Visakhapatnam,25-34,Android,Instagram
1196,2026-04-21,Bengaluru,18-24,Android,Referral
1197,2026-04-19,Bengaluru,35-44,Android,Instagram
1198,2026-06-02,Mumbai,18-24,iOS,Google Ads
1199,2026-03-31,Pune,45+,Android,Referral
1200,2026-01-12,Delhi,25-34,Android,Instagram
1201,2026-02-09,Delhi,18-24,Android,Organic
1202,2026-03-04,Pune,25-34,iOS,Instagram
1203,2026-01-04,Bengaluru,18-24,Android,Referral
1204,2026-01-06,Bengaluru,25-34,iOS,Google Ads
1205,2026-02-22,Pune,35-44,Android,YouTube
1206,2026-02-06,Mumbai,18-24,Android,Push Notification
1207,2026-05-15,Hyderabad,35-44,Android,Instagram
1208,2026-02-21,Delhi,35-44,Android,Push Notification
1209,2026-01-03,Hyderabad,45+,Android,Push Notification
1210,2026-06-18,Bengaluru,18-24,Android,Push Notification
1211,2026-04-09,Visakhapatnam,45+,Android,Push Notification
1212,2026-01-26,Bengaluru,45+,iOS,YouTube
1213,2026-01-23,Visakhapatnam,25-34,Android,Referral
1214,2026-05-24,Mumbai,18-24,Android,YouTube
1215,2026-03-20,Bengaluru,45+,Android,Google Ads
1216,2026-01-05,Bengaluru,35-44,Android,Instagram
1217,2026-03-02,Pune,35-44,iOS,Push Notification
1218,2026-03-07,Chennai,18-24,iOS,Instagram
1219,2026-02-27,Visakhapatnam,35-44,iOS,Push Notification
1220,2026-02-05,Hyderabad,45+,Android,Push Notification
1221,2026-06-06,Delhi,25-34,Android,YouTube
1222,2026-02-09,Chennai,35-44,iOS,Instagram
1223,2026-04-25,Pune,25-34,Android,Google Ads
1224,2026-05-29,Pune,25-34,iOS,Instagram
1225,2026-06-26,Mumbai,25-34,Android,Google Ads
1226,2026-06-17,Pune,25-34,Android,YouTube
1227,2026-05-17,Mumbai,18-24,Android,Google Ads
1228,2026-01-08,Delhi,35-44,iOS,Referral
1229,2026-04-16,Bengaluru,45+,iOS,Push Notification
1230,2026-03-12,Visakhapatnam,25-34,Android,Google Ads
1231,2026-01-07,Delhi,35-44,Android,YouTube
1232,2026-03-01,Pune,25-34,Android,Organic
1233,2026-04-02,Hyderabad,45+,Android,YouTube
1234,2026-05-01,Mumbai,35-44,Android,Referral
1235,2026-05-06,Chennai,25-34,Android,Google Ads
1236,2026-01-09,Chennai,18-24,iOS,Referral
1237,2026-02-26,Mumbai,25-34,iOS,Organic
1238,2026-02-15,Chennai,45+,Android,Referral
1239,2026-03-05,Chennai,45+,iOS,YouTube
1240,2026-04-08,Mumbai,35-44,Android,Push Notification
1241,2026-05-27,Pune,18-24,Android,Referral
1242,2026-04-27,Delhi,18-24,iOS,Google Ads
1243,2026-05-13,Pune,45+,iOS,Organic
1244,2026-05-23,Chennai,18-24,Android,Referral
1245,2026-04-12,Bengaluru,35-44,Android,Referral
1246,2026-03-17,Pune,18-24,Android,Google Ads
1247,2026-04-29,Delhi,45+,Android,YouTube
1248,2026-01-29,Visakhapatnam,25-34,Android,Instagram
1249,2026-04-26,Hyderabad,25-34,Android,Push Notification
1250,2026-02-21,Chennai,18-24,Android,Push Notification
1251,2026-06-16,Mumbai,25-34,iOS,Organic
1252,2026-01-24,Hyderabad,45+,Android,Organic
1253,2026-05-15,Mumbai,45+,iOS,YouTube
1254,2026-06-06,Visakhapatnam,45+,Android,Organic
1255,2026-02-13,Bengaluru,25-34,Android,Google Ads
1256,2026-02-15,Delhi,18-24,Android,Instagram
1257,2026-04-25,Bengaluru,25-34,Android,Google Ads
1258,2026-02-21,Hyderabad,35-44,Android,Referral
1259,2026-05-08,Pune,18-24,Android,Referral
1260,2026-03-02,Visakhapatnam,45+,Android,Referral
1261,2026-01-21,Pune,18-24,Android,YouTube
1262,2026-03-13,Pune,25-34,Android,Google Ads
1263,2026-01-15,Mumbai,35-44,Android,Organic
1264,2026-06-20,Pune,35-44,Android,Organic
1265,2026-01-13,Hyderabad,45+,iOS,Google Ads
1266,2026-06-22,Bengaluru,25-34,iOS,Push Notification
1267,2026-05-29,Bengaluru,18-24,Android,Instagram
1268,2026-03-24,Bengaluru,45+,iOS,Referral
1269,2026-05-21,Hyderabad,35-44,Android,Organic
1270,2026-06-27,Delhi,35-44,Android,Referral
1271,2026-05-15,Visakhapatnam,25-34,Android,Organic
1272,2026-05-27,Mumbai,18-24,Android,Push Notification
1273,2026-06-04,Delhi,35-44,Android,Instagram
1274,2026-03-08,Pune,35-44,iOS,YouTube
1275,2026-05-25,Chennai,45+,Android,Google Ads
1276,2026-06-06,Visakhapatnam,35-44,iOS,Organic
1277,2026-01-31,Hyderabad,45+,Android,Organic
1278,2026-02-23,Delhi,45+,Android,Instagram
1279,2026-03-31,Pune,25-34,Android,Google Ads
1280,2026-06-26,Bengaluru,35-44,iOS,Instagram
1281,2026-03-18,Pune,35-44,iOS,Organic
1282,2026-06-25,Bengaluru,35-44,Android,YouTube
1283,2026-06-07,Hyderabad,25-34,Android,Instagram
1284,2026-06-22,Chennai,45+,iOS,Push Notification
1285,2026-02-04,Chennai,25-34,Android,YouTube
1286,2026-03-27,Chennai,45+,iOS,Organic
1287,2026-05-14,Bengaluru,35-44,Android,Organic
1288,2026-02-23,Pune,35-44,iOS,Instagram
1289,2026-01-17,Visakhapatnam,35-44,iOS,Instagram
1290,2026-04-07,Mumbai,25-34,Android,Referral
1291,2026-02-17,Pune,18-24,iOS,Instagram
1292,2026-06-30,Delhi,35-44,iOS,Instagram
1293,2026-04-16,Hyderabad,45+,iOS,Instagram
1294,2026-04-26,Delhi,35-44,Android,Instagram
1295,2026-02-14,Hyderabad,35-44,iOS,Google Ads
1296,2026-01-24,Chennai,18-24,iOS,YouTube
1297,2026-02-09,Visakhapatnam,35-44,iOS,Push Notification
1298,2026-05-15,Bengaluru,35-44,Android,Organic
1299,2026-05-13,Mumbai,25-34,Android,Organic
1300,2026-04-28,Chennai,18-24,Android,Organic
1301,2026-06-25,Delhi,18-24,Android,Organic
1302,2026-01-27,Pune,35-44,Android,Instagram
1303,2026-06-13,Visakhapatnam,35-44,Android,Instagram
1304,2026-03-12,Pune,35-44,iOS,Push Notification
1305,2026-01-31,Bengaluru,25-34,Android,Organic
1306,2026-01-04,Pune,18-24,Android,Instagram
1307,2026-05-21,Bengaluru,35-44,Android,Push Notification
1308,2026-03-14,Pune,25-34,Android,Instagram
1309,2026-06-06,Bengaluru,45+,Android,Organic
1310,2026-05-01,Mumbai,18-24,Android,Organic
1311,2026-01-23,Chennai,45+,Android,YouTube
1312,2026-06-01,Mumbai,45+,Android,Instagram
1313,2026-03-27,Delhi,25-34,iOS,Push Notification
1314,2026-05-17,Hyderabad,45+,Android,Organic
1315,2026-06-28,Chennai,18-24,Android,Push Notification
1316,2026-06-14,Mumbai,45+,Android,Google Ads
1317,2026-02-06,Delhi,35-44,iOS,Referral
1318,2026-02-16,Mumbai,35-44,iOS,Instagram
1319,2026-04-27,Chennai,18-24,Android,Organic
1320,2026-03-31,Chennai,45+,iOS,Instagram
1321,2026-03-31,Pune,25-34,Android,Referral
1322,2026-01-28,Bengaluru,18-24,iOS,YouTube
1323,2026-04-29,Chennai,45+,Android,Google Ads
1324,2026-05-21,Visakhapatnam,45+,Android,Instagram
1325,2026-02-23,Delhi,45+,iOS,Referral
1326,2026-05-26,Delhi,35-44,Android,Google Ads
1327,2026-02-14,Mumbai,18-24,iOS,Push Notification
1328,2026-05-27,Delhi,45+,Android,YouTube
1329,2026-04-29,Bengaluru,18-24,iOS,Google Ads
1330,2026-03-20,Chennai,18-24,Android,Push Notification
1331,2026-06-02,Delhi,45+,Android,Push Notification
1332,2026-06-19,Hyderabad,18-24,Android,Google Ads
1333,2026-05-29,Delhi,18-24,iOS,Push Notification
1334,2026-02-08,Chennai,35-44,Android,YouTube
1335,2026-04-25,Visakhapatnam,25-34,Android,Instagram
1336,2026-03-18,Pune,35-44,iOS,Referral
1337,2026-03-30,Hyderabad,18-24,Android,YouTube
1338,2026-04-14,Delhi,25-34,iOS,Organic
1339,2026-04-05,Pune,18-24,Android,YouTube
1340,2026-04-02,Hyderabad,35-44,iOS,Google Ads
1341,2026-04-21,Mumbai,45+,Android,Push Notification
1342,2026-04-08,Chennai,45+,Android,Google Ads
1343,2026-06-19,Visakhapatnam,45+,Android,YouTube
1344,2026-04-09,Delhi,35-44,iOS,Google Ads
1345,2026-03-15,Delhi,25-34,Android,Organic
1346,2026-06-15,Hyderabad,25-34,iOS,Referral
1347,2026-06-18,Chennai,25-34,Android,Push Notification
1348,2026-04-17,Delhi,45+,iOS,Push Notification
1349,2026-06-04,Chennai,25-34,Android,Referral
1350,2026-05-22,Delhi,45+,Android,Google Ads
1351,2026-02-17,Chennai,18-24,Android,Push Notification
1352,2026-03-02,Mumbai,35-44,Android,YouTube
1353,2026-05-28,Bengaluru,18-24,iOS,YouTube
1354,2026-05-04,Mumbai,35-44,Android,Referral
1355,2026-06-26,Hyderabad,25-34,iOS,YouTube
1356,2026-03-13,Chennai,18-24,Android,YouTube
1357,2026-01-23,Visakhapatnam,45+,Android,Push Notification
1358,2026-06-21,Hyderabad,35-44,Android,Instagram
1359,2026-05-17,Delhi,18-24,Android,YouTube
1360,2026-05-01,Pune,35-44,Android,Instagram
1361,2026-03-16,Visakhapatnam,18-24,Android,YouTube
1362,2026-03-19,Mumbai,35-44,Android,Referral
1363,2026-05-29,Visakhapatnam,18-24,Android,Instagram
1364,2026-06-09,Hyderabad,35-44,Android,Google Ads
1365,2026-05-10,Hyderabad,35-44,Android,YouTube
1366,2026-03-13,Bengaluru,35-44,Android,Organic
1367,2026-06-04,Visakhapatnam,25-34,Android,Instagram
1368,2026-02-14,Bengaluru,25-34,Android,YouTube
1369,2026-01-09,Bengaluru,18-24,iOS,YouTube
1370,2026-02-09,Delhi,45+,iOS,Referral
1371,2026-04-09,Visakhapatnam,45+,iOS,Google Ads
1372,2026-02-23,Pune,35-44,Android,Instagram
1373,2026-01-30,Hyderabad,25-34,Android,Referral
1374,2026-03-19,Chennai,25-34,Android,Push Notification
1375,2026-04-10,Chennai,35-44,Android,Referral
1376,2026-01-04,Bengaluru,45+,Android,Instagram
1377,2026-05-16,Mumbai,18-24,Android,YouTube
1378,2026-06-13,Bengaluru,45+,Android,Push Notification
1379,2026-03-11,Bengaluru,35-44,Android,Organic
1380,2026-03-07,Mumbai,45+,Android,Push Notification
1381,2026-03-03,Mumbai,25-34,Android,Push Notification
1382,2026-06-26,Visakhapatnam,35-44,Android,Push Notification
1383,2026-01-03,Delhi,18-24,Android,Organic
1384,2026-05-15,Hyderabad,45+,Android,Push Notification
1385,2026-03-14,Bengaluru,25-34,Android,YouTube
1386,2026-01-24,Hyderabad,25-34,iOS,Push Notification
1387,2026-02-01,Mumbai,18-24,Android,YouTube
1388,2026-02-03,Chennai,25-34,iOS,Push Notification
1389,2026-02-17,Bengaluru,35-44,Android,Organic
1390,2026-06-13,Chennai,35-44,iOS,Push Notification
1391,2026-06-20,Delhi,35-44,Android,Organic
1392,2026-03-12,Delhi,18-24,Android,Instagram
1393,2026-01-16,Bengaluru,35-44,Android,Organic
1394,2026-05-06,Visakhapatnam,45+,Android,Referral
1395,2026-01-28,Visakhapatnam,45+,Android,Push Notification
1396,2026-01-28,Chennai,35-44,Android,Organic
1397,2026-01-19,Pune,35-44,iOS,Organic
1398,2026-05-08,Visakhapatnam,18-24,iOS,Push Notification
1399,2026-04-10,Bengaluru,25-34,iOS,Referral
1400,2026-05-28,Hyderabad,45+,Android,Referral
1401,2026-01-18,Pune,25-34,Android,Push Notification
1402,2026-05-04,Hyderabad,35-44,Android,Instagram
1403,2026-04-13,Hyderabad,18-24,Android,Instagram
1404,2026-01-21,Delhi,45+,iOS,Instagram
1405,2026-06-15,Visakhapatnam,25-34,Android,Referral
1406,2026-06-19,Visakhapatnam,35-44,Android,Organic
1407,2026-06-11,Mumbai,35-44,Android,Push Notification
1408,2026-04-23,Mumbai,25-34,Android,Google Ads
1409,2026-01-07,Mumbai,25-34,Android,Organic
1410,2026-05-19,Mumbai,35-44,Android,Referral
1411,2026-01-05,Hyderabad,35-44,Android,Push Notification
1412,2026-01-11,Chennai,18-24,Android,Push Notification
1413,2026-06-20,Pune,45+,iOS,YouTube
1414,2026-02-08,Mumbai,25-34,iOS,Organic
1415,2026-02-06,Chennai,18-24,Android,YouTube
1416,2026-01-12,Visakhapatnam,25-34,Android,Push Notification
1417,2026-01-13,Bengaluru,18-24,Android,Google Ads
1418,2026-06-01,Hyderabad,18-24,Android,YouTube
1419,2026-06-07,Visakhapatnam,18-24,iOS,Referral
1420,2026-03-28,Delhi,45+,Android,Push Notification
1421,2026-05-28,Pune,25-34,Android,Google Ads
1422,2026-01-12,Pune,25-34,Android,Organic
1423,2026-03-12,Visakhapatnam,45+,Android,Instagram
1424,2026-05-22,Visakhapatnam,45+,Android,YouTube
1425,2026-01-11,Visakhapatnam,18-24,iOS,Push Notification
1426,2026-06-06,Chennai,25-34,Android,Referral
1427,2026-01-21,Hyderabad,18-24,Android,Organic
1428,2026-06-30,Mumbai,35-44,Android,Referral
1429,2026-06-27,Visakhapatnam,25-34,Android,Instagram
1430,2026-05-14,Chennai,45+,Android,Google Ads
1431,2026-06-06,Mumbai,18-24,Android,Push Notification
1432,2026-05-08,Pune,18-24,Android,Instagram
1433,2026-03-31,Chennai,18-24,Android,Google Ads
1434,2026-01-31,Pune,18-24,Android,YouTube
1435,2026-05-10,Visakhapatnam,45+,iOS,Push Notification
1436,2026-02-23,Bengaluru,18-24,Android,Google Ads
1437,2026-06-25,Delhi,45+,Android,Google Ads
1438,2026-06-21,Hyderabad,18-24,Android,Instagram
1439,2026-02-23,Chennai,35-44,Android,Referral
1440,2026-01-12,Hyderabad,18-24,iOS,Google Ads
1441,2026-02-10,Delhi,18-24,Android,Organic
1442,2026-01-19,Visakhapatnam,45+,Android,Instagram
1443,2026-04-18,Visakhapatnam,35-44,Android,Organic
1444,2026-03-25,Visakhapatnam,18-24,Android,Referral
1445,2026-02-21,Chennai,25-34,Android,YouTube
1446,2026-05-05,Hyderabad,45+,Android,YouTube
1447,2026-04-27,Visakhapatnam,45+,Android,Referral
1448,2026-02-19,Mumbai,35-44,iOS,Google Ads
1449,2026-03-27,Visakhapatnam,18-24,Android,Organic
1450,2026-03-13,Visakhapatnam,18-24,iOS,Referral
1451,2026-04-18,Visakhapatnam,35-44,Android,Instagram
1452,2026-06-04,Visakhapatnam,25-34,Android,YouTube
1453,2026-02-28,Hyderabad,45+,iOS,Referral
1454,2026-02-25,Pune,45+,iOS,Instagram
1455,2026-01-04,Mumbai,45+,iOS,Google Ads
1456,2026-03-05,Bengaluru,45+,Android,YouTube
1457,2026-02-08,Pune,18-24,Android,Organic
1458,2026-01-11,Chennai,18-24,Android,Referral
1459,2026-05-03,Delhi,18-24,Android,Google Ads
1460,2026-01-22,Pune,18-24,Android,Referral
1461,2026-02-25,Visakhapatnam,35-44,Android,Push Notification
1462,2026-01-24,Hyderabad,45+,Android,Google Ads
1463,2026-06-30,Chennai,18-24,iOS,Referral
1464,2026-02-05,Delhi,45+,Android,Instagram
1465,2026-06-10,Chennai,18-24,iOS,Organic
1466,2026-04-09,Mumbai,35-44,Android,Instagram
1467,2026-04-20,Delhi,35-44,Android,YouTube
1468,2026-05-19,Pune,25-34,iOS,Organic
1469,2026-06-08,Bengaluru,18-24,Android,Push Notification
1470,2026-04-04,Hyderabad,18-24,Android,Referral
1471,2026-06-08,Hyderabad,35-44,Android,Push Notification
1472,2026-05-24,Mumbai,18-24,Android,Google Ads
1473,2026-02-05,Bengaluru,25-34,Android,Push Notification
1474,2026-05-03,Mumbai,25-34,iOS,Google Ads
1475,2026-03-24,Bengaluru,35-44,Android,Referral
1476,2026-03-12,Hyderabad,18-24,Android,Referral
1477,2026-05-05,Pune,18-24,Android,YouTube
1478,2026-06-23,Delhi,35-44,Android,Instagram
1479,2026-06-22,Mumbai,18-24,Android,Referral
1480,2026-01-23,Hyderabad,45+,iOS,Instagram
1481,2026-01-20,Hyderabad,25-34,Android,Push Notification
1482,2026-02-07,Chennai,25-34,iOS,YouTube
1483,2026-06-10,Hyderabad,35-44,Android,Push Notification
1484,2026-05-19,Visakhapatnam,45+,Android,Referral
1485,2026-06-15,Hyderabad,35-44,Android,Organic
1486,2026-03-01,Delhi,35-44,Android,Instagram
1487,2026-06-17,Mumbai,35-44,Android,Push Notification
1488,2026-06-28,Pune,45+,Android,YouTube
1489,2026-02-03,Delhi,35-44,Android,Instagram
1490,2026-02-28,Chennai,35-44,iOS,Organic
1491,2026-02-07,Bengaluru,35-44,Android,Google Ads
1492,2026-06-08,Visakhapatnam,35-44,Android,Google Ads
1493,2026-06-27,Mumbai,25-34,Android,Organic
1494,2026-01-11,Bengaluru,25-34,Android,Instagram
1495,2026-02-17,Visakhapatnam,18-24,Android,Instagram
1496,2026-02-07,Bengaluru,45+,Android,Google Ads
1497,2026-05-17,Bengaluru,18-24,iOS,Referral
1498,2026-05-08,Delhi,25-34,iOS,Instagram
1499,2026-02-09,Hyderabad,35-44,Android,Instagram
1500,2026-05-02,Bengaluru,25-34,iOS,Push Notification
1501,2026-04-24,Bengaluru,18-24,iOS,Organic
1502,2026-02-05,Mumbai,18-24,Android,Referral
1503,2026-06-08,Delhi,25-34,Android,Organic
1504,2026-03-25,Hyderabad,25-34,Android,Google Ads
1505,2026-03-13,Visakhapatnam,18-24,Android,Referral
1506,2026-06-23,Mumbai,18-24,iOS,Referral
1507,2026-02-19,Chennai,35-44,Android,YouTube
1508,2026-01-15,Mumbai,35-44,Android,Push Notification
1509,2026-04-20,Bengaluru,45+,Android,Instagram
1510,2026-03-30,Bengaluru,35-44,iOS,YouTube
1511,2026-01-23,Visakhapatnam,45+,iOS,Referral
1512,2026-04-24,Bengaluru,25-34,iOS,Referral
1513,2026-04-17,Visakhapatnam,18-24,Android,Instagram
1514,2026-05-02,Delhi,35-44,Android,YouTube
1515,2026-04-07,Hyderabad,18-24,Android,Instagram
1516,2026-04-17,Visakhapatnam,45+,iOS,Google Ads
1517,2026-02-21,Visakhapatnam,45+,Android,Referral
1518,2026-01-11,Delhi,35-44,iOS,Instagram
1519,2026-05-07,Pune,45+,Android,Organic
1520,2026-02-09,Bengaluru,35-44,iOS,Push Notification
1521,2026-05-01,Hyderabad,35-44,Android,Referral
1522,2026-06-26,Mumbai,25-34,Android,Instagram
1523,2026-05-07,Hyderabad,35-44,Android,YouTube
1524,2026-04-22,Delhi,35-44,Android,Referral
1525,2026-06-27,Delhi,18-24,Android,Push Notification
1526,2026-05-28,Hyderabad,35-44,Android,Organic
1527,2026-02-07,Bengaluru,45+,iOS,Google Ads
1528,2026-04-02,Visakhapatnam,18-24,Android,Referral
1529,2026-06-12,Bengaluru,18-24,Android,YouTube
1530,2026-06-13,Hyderabad,25-34,iOS,Google Ads
1531,2026-01-25,Pune,25-34,Android,Instagram
1532,2026-06-25,Delhi,35-44,Android,Push Notification
1533,2026-06-26,Bengaluru,18-24,Android,Instagram
1534,2026-02-06,Hyderabad,25-34,Android,Instagram
1535,2026-05-05,Chennai,35-44,iOS,Google Ads
1536,2026-01-27,Visakhapatnam,25-34,Android,Google Ads
1537,2026-05-24,Pune,18-24,Android,Organic
1538,2026-01-30,Delhi,25-34,iOS,Referral
1539,2026-03-31,Bengaluru,35-44,Android,Referral
1540,2026-06-02,Pune,35-44,Android,Instagram
1541,2026-01-08,Mumbai,18-24,Android,Push Notification
1542,2026-02-06,Mumbai,25-34,Android,Google Ads
1543,2026-02-03,Hyderabad,45+,Android,Organic
1544,2026-01-20,Hyderabad,45+,iOS,Organic
1545,2026-02-20,Hyderabad,18-24,iOS,YouTube
1546,2026-06-01,Hyderabad,45+,Android,Instagram
1547,2026-01-12,Hyderabad,35-44,Android,Organic
1548,2026-02-01,Pune,25-34,Android,Google Ads
1549,2026-02-17,Mumbai,35-44,Android,Google Ads
1550,2026-03-13,Pune,35-44,Android,YouTube
1551,2026-06-06,Visakhapatnam,18-24,Android,YouTube
1552,2026-01-04,Pune,25-34,iOS,Instagram
1553,2026-02-13,Delhi,18-24,iOS,Organic
1554,2026-02-24,Pune,45+,Android,YouTube
1555,2026-02-17,Chennai,18-24,Android,Instagram
1556,2026-04-08,Chennai,25-34,Android,Referral
1557,2026-01-29,Delhi,35-44,Android,Organic
1558,2026-05-14,Visakhapatnam,45+,iOS,Push Notification
1559,2026-03-15,Pune,18-24,Android,Referral
1560,2026-01-30,Chennai,35-44,Android,Push Notification
1561,2026-03-21,Mumbai,45+,Android,Referral
1562,2026-03-16,Delhi,45+,Android,Organic
1563,2026-05-02,Mumbai,35-44,Android,Push Notification
1564,2026-05-06,Mumbai,18-24,Android,YouTube
1565,2026-06-18,Mumbai,18-24,Android,Referral
1566,2026-04-13,Mumbai,18-24,iOS,Google Ads
1567,2026-01-17,Bengaluru,25-34,Android,YouTube
1568,2026-04-14,Hyderabad,25-34,iOS,Push Notification
1569,2026-05-08,Bengaluru,35-44,iOS,Push Notification
1570,2026-04-13,Bengaluru,45+,Android,Referral
1571,2026-05-05,Pune,35-44,Android,Referral
1572,2026-01-28,Hyderabad,35-44,Android,Google Ads
1573,2026-06-10,Visakhapatnam,18-24,Android,Organic
1574,2026-01-18,Chennai,18-24,iOS,Referral
1575,2026-06-04,Mumbai,35-44,Android,YouTube
1576,2026-06-09,Hyderabad,18-24,Android,YouTube
1577,2026-05-07,Delhi,45+,Android,Push Notification
1578,2026-05-08,Chennai,35-44,Android,YouTube
1579,2026-05-20,Hyderabad,18-24,iOS,Organic
1580,2026-04-09,Chennai,35-44,iOS,Referral
1581,2026-04-28,Hyderabad,18-24,Android,Push Notification
1582,2026-03-19,Mumbai,25-34,Android,Google Ads
1583,2026-03-21,Mumbai,45+,Android,Organic
1584,2026-05-26,Mumbai,45+,Android,Push Notification
1585,2026-05-19,Pune,45+,Android,Google Ads
1586,2026-05-10,Hyderabad,45+,Android,YouTube
1587,2026-04-07,Pune,35-44,iOS,Instagram
1588,2026-03-24,Hyderabad,18-24,Android,Google Ads
1589,2026-04-04,Bengaluru,18-24,iOS,Push Notification
1590,2026-03-29,Chennai,18-24,Android,Instagram
1591,2026-04-16,Bengaluru,18-24,Android,Google Ads
1592,2026-03-02,Mumbai,35-44,Android,Push Notification
1593,2026-01-17,Delhi,35-44,Android,Google Ads
1594,2026-01-06,Pune,35-44,Android,Push Notification
1595,2026-04-19,Pune,45+,Android,Push Notification
1596,2026-05-01,Pune,18-24,iOS,Referral
1597,2026-05-27,Chennai,35-44,Android,Referral
1598,2026-01-26,Mumbai,25-34,Android,YouTube
1599,2026-06-20,Bengaluru,25-34,Android,Instagram
1600,2026-04-22,Visakhapatnam,45+,Android,Organic
1601,2026-05-18,Visakhapatnam,35-44,Android,Instagram
1602,2026-05-27,Chennai,25-34,Android,Organic
1603,2026-05-29,Hyderabad,35-44,Android,YouTube
1604,2026-05-16,Chennai,45+,Android,Organic
1605,2026-06-16,Delhi,35-44,Android,Instagram
1606,2026-04-21,Mumbai,35-44,Android,Referral
1607,2026-03-06,Pune,45+,Android,YouTube
1608,2026-02-16,Hyderabad,25-34,Android,Google Ads
1609,2026-06-19,Delhi,45+,Android,Push Notification
1610,2026-05-17,Delhi,45+,iOS,Push Notification
1611,2026-06-10,Hyderabad,25-34,Android,Google Ads
1612,2026-03-03,Visakhapatnam,35-44,iOS,Referral
1613,2026-03-23,Delhi,18-24,Android,Referral
1614,2026-03-10,Delhi,35-44,Android,Instagram
1615,2026-06-25,Pune,25-34,Android,Organic
1616,2026-02-08,Visakhapatnam,18-24,Android,Instagram
1617,2026-04-29,Chennai,45+,Android,Organic
1618,2026-02-21,Visakhapatnam,35-44,Android,Instagram
1619,2026-03-13,Mumbai,25-34,Android,Organic
1620,2026-05-05,Delhi,18-24,Android,Organic
1621,2026-03-22,Pune,35-44,iOS,Referral
1622,2026-04-04,Mumbai,18-24,Android,Push Notification
1623,2026-02-05,Visakhapatnam,18-24,Android,YouTube
1624,2026-01-31,Pune,35-44,Android,Organic
1625,2026-03-02,Pune,18-24,iOS,Instagram
1626,2026-03-26,Delhi,45+,iOS,Push Notification
1627,2026-03-02,Chennai,25-34,Android,Google Ads
1628,2026-02-24,Bengaluru,45+,Android,YouTube
1629,2026-01-15,Chennai,35-44,Android,Organic
1630,2026-03-23,Pune,45+,Android,Google Ads
1631,2026-03-13,Delhi,25-34,Android,Push Notification
1632,2026-04-05,Delhi,35-44,Android,YouTube
1633,2026-01-09,Delhi,18-24,Android,Push Notification
1634,2026-03-03,Bengaluru,45+,Android,Push Notification
1635,2026-04-03,Delhi,18-24,Android,Google Ads
1636,2026-04-24,Chennai,18-24,iOS,Referral
1637,2026-03-07,Bengaluru,18-24,iOS,Google Ads
1638,2026-03-18,Visakhapatnam,25-34,iOS,Push Notification
1639,2026-03-23,Delhi,45+,iOS,Instagram
1640,2026-01-21,Delhi,45+,Android,Referral
1641,2026-03-27,Mumbai,45+,iOS,Organic
1642,2026-02-11,Mumbai,35-44,Android,Instagram
1643,2026-04-18,Pune,35-44,Android,Organic
1644,2026-01-14,Mumbai,25-34,Android,Push Notification
1645,2026-02-04,Hyderabad,45+,Android,Instagram
1646,2026-03-22,Pune,18-24,Android,Google Ads
1647,2026-05-13,Mumbai,25-34,iOS,Push Notification
1648,2026-04-16,Delhi,35-44,Android,Push Notification
1649,2026-02-04,Bengaluru,25-34,Android,Instagram
1650,2026-03-14,Visakhapatnam,18-24,Android,Google Ads
1651,2026-04-11,Chennai,25-34,Android,Organic
1652,2026-05-23,Mumbai,25-34,iOS,Referral
1653,2026-02-20,Bengaluru,25-34,Android,YouTube
1654,2026-04-20,Pune,35-44,Android,Instagram
1655,2026-02-13,Pune,18-24,Android,YouTube
1656,2026-04-22,Delhi,45+,iOS,Referral
1657,2026-01-31,Visakhapatnam,25-34,Android,Instagram
1658,2026-03-15,Mumbai,45+,Android,Referral
1659,2026-02-22,Pune,25-34,iOS,Instagram
1660,2026-06-23,Visakhapatnam,45+,Android,Google Ads
1661,2026-01-08,Bengaluru,35-44,Android,Referral
1662,2026-03-05,Bengaluru,45+,Android,Referral
1663,2026-02-04,Delhi,35-44,iOS,Referral
1664,2026-06-25,Visakhapatnam,45+,iOS,Push Notification
1665,2026-06-02,Bengaluru,18-24,Android,Organic
1666,2026-01-14,Bengaluru,25-34,Android,Instagram
1667,2026-06-05,Mumbai,18-24,Android,YouTube
1668,2026-06-08,Chennai,35-44,iOS,Push Notification
1669,2026-04-05,Visakhapatnam,18-24,Android,Instagram
1670,2026-02-13,Pune,45+,iOS,Referral
1671,2026-02-03,Hyderabad,35-44,iOS,Referral
1672,2026-02-06,Bengaluru,18-24,Android,Google Ads
1673,2026-05-08,Delhi,35-44,iOS,Referral
1674,2026-03-14,Bengaluru,35-44,Android,Referral
1675,2026-02-12,Bengaluru,45+,iOS,Google Ads
1676,2026-05-23,Delhi,45+,Android,Google Ads
1677,2026-01-14,Visakhapatnam,25-34,Android,Instagram
1678,2026-02-11,Mumbai,45+,Android,Referral
1679,2026-01-11,Chennai,35-44,iOS,YouTube
1680,2026-05-05,Chennai,45+,Android,Push Notification
1681,2026-02-07,Hyderabad,35-44,Android,Instagram
1682,2026-02-16,Delhi,25-34,iOS,Instagram
1683,2026-05-25,Mumbai,25-34,Android,Organic
1684,2026-05-15,Delhi,25-34,Android,Organic
1685,2026-03-05,Delhi,45+,Android,Instagram
1686,2026-01-07,Bengaluru,18-24,Android,YouTube
1687,2026-01-28,Delhi,35-44,Android,Organic
1688,2026-04-28,Delhi,45+,Android,Instagram
1689,2026-06-02,Mumbai,18-24,Android,Organic
1690,2026-06-17,Pune,45+,Android,Push Notification
1691,2026-05-26,Visakhapatnam,25-34,iOS,Push Notification
1692,2026-03-14,Bengaluru,18-24,iOS,YouTube
1693,2026-06-04,Chennai,18-24,Android,Google Ads
1694,2026-03-03,Delhi,45+,Android,Google Ads
1695,2026-02-11,Chennai,45+,Android,Push Notification
1696,2026-02-09,Hyderabad,35-44,Android,Referral
1697,2026-03-21,Mumbai,25-34,Android,Organic
1698,2026-04-05,Pune,25-34,Android,Referral
1699,2026-05-02,Bengaluru,45+,Android,Referral
1700,2026-04-05,Pune,25-34,Android,Referral
1701,2026-01-24,Hyderabad,35-44,iOS,Push Notification
1702,2026-02-27,Mumbai,25-34,iOS,YouTube
1703,2026-06-11,Mumbai,18-24,Android,Referral
1704,2026-01-21,Delhi,45+,Android,Google Ads
1705,2026-06-25,Bengaluru,25-34,Android,Instagram
1706,2026-05-26,Hyderabad,18-24,iOS,YouTube
1707,2026-01-28,Pune,45+,Android,Referral
1708,2026-06-19,Mumbai,35-44,Android,YouTube
1709,2026-01-21,Delhi,18-24,Android,Push Notification
1710,2026-04-29,Visakhapatnam,25-34,iOS,Organic
1711,2026-01-22,Chennai,35-44,Android,Push Notification
1712,2026-04-27,Delhi,45+,Android,Instagram
1713,2026-03-29,Delhi,25-34,Android,Organic
1714,2026-06-04,Bengaluru,18-24,Android,Organic
1715,2026-01-02,Chennai,18-24,Android,Push Notification
1716,2026-05-03,Chennai,45+,iOS,Push Notification
1717,2026-06-04,Mumbai,45+,Android,YouTube
1718,2026-04-03,Mumbai,45+,iOS,Organic
1719,2026-02-02,Visakhapatnam,18-24,Android,Organic
1720,2026-06-28,Visakhapatnam,18-24,Android,Push Notification
1721,2026-02-07,Mumbai,25-34,Android,Push Notification
1722,2026-05-18,Visakhapatnam,18-24,Android,Referral
1723,2026-02-07,Chennai,45+,Android,Google Ads
1724,2026-02-09,Mumbai,45+,iOS,Referral
1725,2026-01-06,Delhi,45+,Android,Google Ads
1726,2026-03-17,Pune,45+,Android,Organic
1727,2026-01-27,Mumbai,45+,iOS,Referral
1728,2026-05-29,Pune,35-44,Android,Referral
1729,2026-05-05,Pune,45+,Android,Organic
1730,2026-05-16,Hyderabad,45+,Android,YouTube
1731,2026-01-17,Bengaluru,45+,iOS,Organic
1732,2026-05-07,Pune,35-44,Android,Referral
1733,2026-01-06,Visakhapatnam,35-44,iOS,Referral
1734,2026-03-30,Chennai,25-34,Android,YouTube
1735,2026-06-25,Bengaluru,45+,Android,Instagram
1736,2026-04-10,Chennai,35-44,iOS,Google Ads
1737,2026-06-09,Visakhapatnam,35-44,Android,Organic
1738,2026-06-20,Chennai,25-34,Android,Google Ads
1739,2026-06-05,Chennai,18-24,iOS,Referral
1740,2026-03-19,Visakhapatnam,25-34,Android,Organic
1741,2026-04-02,Bengaluru,35-44,Android,Google Ads
1742,2026-05-09,Hyderabad,18-24,Android,Organic
1743,2026-06-08,Visakhapatnam,18-24,Android,Referral
1744,2026-03-08,Bengaluru,35-44,iOS,YouTube
1745,2026-03-10,Visakhapatnam,18-24,iOS,Referral
1746,2026-04-28,Delhi,18-24,iOS,YouTube
1747,2026-06-06,Delhi,18-24,iOS,Organic
1748,2026-05-10,Hyderabad,25-34,Android,Google Ads
1749,2026-04-03,Visakhapatnam,35-44,iOS,YouTube
1750,2026-05-08,Mumbai,18-24,Android,Instagram
1751,2026-03-27,Delhi,25-34,Android,Google Ads
1752,2026-04-23,Chennai,18-24,Android,Referral
1753,2026-03-29,Bengaluru,25-34,Android,Instagram
1754,2026-04-17,Bengaluru,25-34,Android,YouTube
1755,2026-04-18,Delhi,25-34,Android,Referral
1756,2026-04-16,Chennai,45+,iOS,YouTube
1757,2026-06-24,Bengaluru,18-24,Android,Organic
1758,2026-05-13,Hyderabad,18-24,Android,Referral
1759,2026-02-12,Chennai,18-24,Android,Organic
1760,2026-06-19,Mumbai,25-34,iOS,Organic
1761,2026-06-11,Mumbai,35-44,Android,Push Notification
1762,2026-06-29,Pune,35-44,iOS,Instagram
1763,2026-03-30,Hyderabad,35-44,iOS,YouTube
1764,2026-02-07,Mumbai,45+,Android,Google Ads
1765,2026-05-20,Pune,45+,Android,Push Notification
1766,2026-04-14,Delhi,25-34,iOS,Organic
1767,2026-01-10,Pune,35-44,Android,Push Notification
1768,2026-02-02,Pune,35-44,Android,YouTube
1769,2026-05-22,Bengaluru,35-44,iOS,Google Ads
1770,2026-01-06,Hyderabad,35-44,Android,Instagram
1771,2026-04-19,Pune,18-24,iOS,Instagram
1772,2026-03-08,Mumbai,35-44,Android,Push Notification
1773,2026-02-01,Chennai,35-44,Android,Organic
1774,2026-04-27,Bengaluru,25-34,iOS,YouTube
1775,2026-05-25,Mumbai,25-34,Android,Instagram
1776,2026-06-20,Delhi,25-34,iOS,YouTube
1777,2026-03-05,Hyderabad,35-44,Android,Google Ads
1778,2026-04-03,Chennai,18-24,Android,Referral
1779,2026-04-16,Hyderabad,18-24,Android,Google Ads
1780,2026-05-02,Visakhapatnam,45+,Android,Push Notification
1781,2026-05-15,Chennai,45+,iOS,YouTube
1782,2026-05-08,Mumbai,45+,iOS,Push Notification
1783,2026-05-06,Mumbai,45+,iOS,Google Ads
1784,2026-05-10,Visakhapatnam,45+,iOS,Google Ads
1785,2026-06-30,Pune,18-24,Android,Referral
1786,2026-05-02,Hyderabad,25-34,iOS,Instagram
1787,2026-01-31,Pune,45+,Android,Instagram
1788,2026-05-27,Bengaluru,18-24,Android,Organic
1789,2026-04-06,Bengaluru,35-44,Android,Referral
1790,2026-01-08,Delhi,25-34,Android,YouTube
1791,2026-04-18,Hyderabad,35-44,iOS,Google Ads
1792,2026-02-16,Delhi,45+,Android,YouTube
1793,2026-03-31,Hyderabad,18-24,Android,YouTube
1794,2026-03-21,Pune,45+,iOS,Referral
1795,2026-05-02,Delhi,25-34,iOS,YouTube
1796,2026-06-12,Chennai,45+,Android,Google Ads
1797,2026-03-25,Hyderabad,45+,Android,Referral
1798,2026-03-28,Pune,18-24,iOS,Referral
1799,2026-03-13,Mumbai,18-24,iOS,Push Notification
1800,2026-01-07,Pune,35-44,Android,Organic
1801,2026-06-14,Pune,18-24,Android,YouTube
1802,2026-05-19,Pune,18-24,iOS,YouTube
1803,2026-02-18,Delhi,45+,Android,Organic
1804,2026-01-31,Mumbai,25-34,iOS,Instagram
1805,2026-02-22,Visakhapatnam,45+,Android,YouTube
1806,2026-06-05,Bengaluru,45+,Android,Referral
1807,2026-01-06,Bengaluru,45+,Android,Organic
1808,2026-05-16,Bengaluru,45+,Android,Organic
1809,2026-01-26,Pune,25-34,Android,Google Ads
1810,2026-03-07,Delhi,18-24,Android,Referral
1811,2026-06-23,Visakhapatnam,18-24,Android,Instagram
1812,2026-02-16,Hyderabad,18-24,Android,Organic
1813,2026-03-23,Visakhapatnam,45+,iOS,Instagram
1814,2026-04-07,Delhi,18-24,Android,Google Ads
1815,2026-06-02,Pune,25-34,Android,YouTube
1816,2026-04-09,Hyderabad,35-44,Android,Referral
1817,2026-05-22,Chennai,18-24,Android,Referral
1818,2026-06-12,Visakhapatnam,18-24,Android,YouTube
1819,2026-06-22,Hyderabad,25-34,iOS,Push Notification
1820,2026-02-02,Bengaluru,45+,Android,Push Notification
1821,2026-05-09,Visakhapatnam,25-34,Android,Google Ads
1822,2026-03-04,Pune,45+,iOS,YouTube
1823,2026-04-26,Hyderabad,18-24,iOS,YouTube
1824,2026-03-16,Mumbai,25-34,Android,Referral
1825,2026-03-11,Pune,35-44,iOS,Referral
1826,2026-03-31,Delhi,25-34,Android,YouTube
1827,2026-03-14,Hyderabad,25-34,iOS,YouTube
1828,2026-01-18,Bengaluru,18-24,Android,Organic
1829,2026-02-05,Mumbai,35-44,iOS,Google Ads
1830,2026-06-06,Pune,35-44,iOS,Instagram
1831,2026-06-12,Bengaluru,45+,Android,Push Notification
1832,2026-03-24,Bengaluru,25-34,Android,YouTube
1833,2026-03-26,Hyderabad,25-34,Android,Organic
1834,2026-06-05,Chennai,18-24,iOS,Push Notification
1835,2026-02-14,Chennai,45+,iOS,YouTube
1836,2026-01-21,Delhi,18-24,Android,Push Notification
1837,2026-04-24,Mumbai,18-24,Android,Referral
1838,2026-06-03,Bengaluru,45+,Android,Push Notification
1839,2026-01-03,Hyderabad,45+,Android,Google Ads
1840,2026-04-24,Hyderabad,25-34,iOS,Instagram
1841,2026-06-24,Mumbai,35-44,Android,YouTube
1842,2026-06-10,Bengaluru,25-34,Android,Referral
1843,2026-04-03,Hyderabad,35-44,Android,Push Notification
1844,2026-06-30,Pune,25-34,Android,Push Notification
1845,2026-04-12,Hyderabad,35-44,Android,Referral
1846,2026-02-13,Pune,25-34,Android,YouTube
1847,2026-06-22,Mumbai,25-34,Android,Google Ads
1848,2026-01-17,Visakhapatnam,35-44,iOS,Google Ads
1849,2026-05-14,Mumbai,35-44,Android,Push Notification
1850,2026-01-06,Mumbai,35-44,Android,Referral
1851,2026-01-01,Chennai,18-24,iOS,Instagram
1852,2026-04-21,Delhi,45+,Android,Push Notification
1853,2026-05-13,Chennai,45+,Android,Organic
1854,2026-02-27,Hyderabad,35-44,iOS,YouTube
1855,2026-04-25,Bengaluru,18-24,Android,Instagram
1856,2026-01-21,Pune,18-24,iOS,Google Ads
1857,2026-06-26,Chennai,18-24,iOS,Google Ads
1858,2026-02-12,Bengaluru,35-44,Android,Push Notification
1859,2026-01-25,Hyderabad,45+,Android,Organic
1860,2026-06-01,Delhi,35-44,iOS,Google Ads
1861,2026-01-28,Chennai,25-34,iOS,Organic
1862,2026-03-27,Pune,25-34,iOS,YouTube
1863,2026-06-08,Chennai,18-24,Android,YouTube
1864,2026-02-01,Hyderabad,18-24,iOS,Referral
1865,2026-03-22,Delhi,18-24,iOS,Organic
1866,2026-04-24,Hyderabad,35-44,Android,Referral
1867,2026-01-17,Hyderabad,18-24,Android,Instagram
1868,2026-04-08,Chennai,18-24,Android,Referral
1869,2026-03-01,Delhi,18-24,Android,Referral
1870,2026-04-20,Pune,18-24,Android,Push Notification
1871,2026-01-07,Chennai,35-44,Android,Organic
1872,2026-01-27,Hyderabad,18-24,Android,Google Ads
1873,2026-05-27,Visakhapatnam,35-44,Android,Referral
1874,2026-06-08,Chennai,25-34,Android,Organic
1875,2026-01-16,Visakhapatnam,35-44,Android,YouTube
1876,2026-06-16,Delhi,35-44,Android,YouTube
1877,2026-02-07,Visakhapatnam,45+,Android,Instagram
1878,2026-03-16,Bengaluru,18-24,Android,Push Notification
1879,2026-06-23,Visakhapatnam,18-24,Android,YouTube
1880,2026-01-14,Chennai,35-44,Android,Google Ads
1881,2026-06-13,Visakhapatnam,18-24,Android,Push Notification
1882,2026-05-02,Mumbai,45+,Android,Instagram
1883,2026-05-29,Pune,35-44,Android,Referral
1884,2026-03-26,Visakhapatnam,18-24,Android,Organic
1885,2026-05-07,Visakhapatnam,18-24,Android,Push Notification
1886,2026-02-28,Chennai,25-34,Android,Push Notification
1887,2026-03-26,Delhi,45+,Android,Google Ads
1888,2026-01-02,Bengaluru,18-24,Android,Organic
1889,2026-05-23,Hyderabad,25-34,Android,Google Ads
1890,2026-06-11,Pune,35-44,Android,Organic
1891,2026-02-20,Visakhapatnam,35-44,Android,Instagram
1892,2026-02-14,Bengaluru,25-34,Android,Organic
1893,2026-02-15,Delhi,35-44,iOS,Organic
1894,2026-06-23,Visakhapatnam,45+,Android,Organic
1895,2026-03-28,Visakhapatnam,35-44,Android,Instagram
1896,2026-04-06,Mumbai,25-34,iOS,YouTube
1897,2026-04-22,Mumbai,18-24,Android,Google Ads
1898,2026-02-18,Visakhapatnam,45+,Android,Instagram
1899,2026-06-03,Chennai,25-34,iOS,YouTube
1900,2026-05-31,Visakhapatnam,35-44,iOS,Instagram
1901,2026-03-05,Hyderabad,35-44,iOS,YouTube
1902,2026-05-30,Chennai,25-34,iOS,Referral
1903,2026-06-19,Pune,18-24,Android,Referral
1904,2026-06-15,Delhi,35-44,Android,Referral
1905,2026-02-15,Bengaluru,35-44,Android,Referral
1906,2026-05-07,Chennai,35-44,Android,Push Notification
1907,2026-05-30,Mumbai,18-24,Android,Google Ads
1908,2026-04-26,Delhi,25-34,Android,Instagram
1909,2026-04-19,Chennai,25-34,iOS,Instagram
1910,2026-03-07,Pune,18-24,Android,Organic
1911,2026-03-17,Chennai,35-44,Android,Organic
1912,2026-04-30,Pune,35-44,Android,Referral
1913,2026-04-21,Chennai,35-44,iOS,Instagram
1914,2026-03-11,Chennai,18-24,Android,Google Ads
1915,2026-03-09,Mumbai,18-24,Android,Organic
1916,2026-03-17,Delhi,18-24,iOS,Google Ads
1917,2026-01-26,Hyderabad,18-24,Android,YouTube
1918,2026-02-21,Bengaluru,25-34,Android,Instagram
1919,2026-03-19,Mumbai,35-44,Android,YouTube
1920,2026-02-05,Delhi,35-44,Android,Instagram
1921,2026-03-14,Delhi,35-44,iOS,Referral
1922,2026-04-14,Delhi,18-24,Android,YouTube
1923,2026-02-08,Delhi,45+,Android,Push Notification
1924,2026-02-23,Chennai,25-34,Android,YouTube
1925,2026-04-30,Mumbai,45+,Android,Organic
1926,2026-03-22,Delhi,25-34,Android,Push Notification
1927,2026-04-17,Visakhapatnam,45+,Android,YouTube
1928,2026-01-08,Bengaluru,25-34,Android,Google Ads
1929,2026-03-20,Mumbai,18-24,Android,Push Notification
1930,2026-04-01,Bengaluru,25-34,Android,Push Notification
1931,2026-04-14,Delhi,35-44,Android,Organic
1932,2026-05-26,Delhi,18-24,iOS,Google Ads
1933,2026-03-26,Pune,45+,iOS,Google Ads
1934,2026-04-11,Hyderabad,45+,Android,Organic
1935,2026-03-26,Pune,45+,Android,Instagram
1936,2026-01-24,Visakhapatnam,18-24,Android,Google Ads
1937,2026-01-09,Delhi,45+,Android,Google Ads
1938,2026-01-18,Chennai,35-44,Android,Instagram
1939,2026-06-18,Pune,18-24,Android,Instagram
1940,2026-05-13,Hyderabad,25-34,Android,Referral
1941,2026-04-11,Visakhapatnam,18-24,Android,Referral
1942,2026-05-03,Mumbai,18-24,Android,Google Ads
1943,2026-02-03,Delhi,25-34,Android,Push Notification
1944,2026-06-20,Chennai,25-34,Android,Instagram
1945,2026-05-31,Visakhapatnam,45+,Android,Organic
1946,2026-02-06,Chennai,18-24,iOS,YouTube
1947,2026-03-05,Pune,35-44,iOS,Referral
1948,2026-04-28,Chennai,18-24,iOS,Instagram
1949,2026-06-15,Chennai,35-44,iOS,Push Notification
1950,2026-03-18,Chennai,25-34,Android,Google Ads
1951,2026-06-08,Mumbai,45+,Android,Push Notification
1952,2026-02-16,Mumbai,18-24,Android,Organic
1953,2026-03-03,Delhi,25-34,Android,Push Notification
1954,2026-05-18,Bengaluru,18-24,Android,Push Notification
1955,2026-02-25,Chennai,45+,iOS,YouTube
1956,2026-02-01,Bengaluru,18-24,iOS,YouTube
1957,2026-03-25,Chennai,45+,Android,Google Ads
1958,2026-05-10,Hyderabad,45+,Android,Push Notification
1959,2026-06-27,Mumbai,45+,Android,Push Notification
1960,2026-04-13,Delhi,25-34,Android,Organic
1961,2026-03-06,Hyderabad,25-34,Android,Push Notification
1962,2026-04-29,Chennai,45+,Android,YouTube
1963,2026-06-18,Visakhapatnam,45+,Android,Instagram
1964,2026-02-11,Visakhapatnam,18-24,Android,Google Ads
1965,2026-03-17,Hyderabad,45+,Android,Push Notification
1966,2026-01-03,Mumbai,35-44,Android,Instagram
1967,2026-02-15,Visakhapatnam,18-24,iOS,YouTube
1968,2026-02-25,Chennai,18-24,iOS,YouTube
1969,2026-06-14,Mumbai,18-24,Android,Instagram
1970,2026-04-24,Hyderabad,18-24,Android,Referral
1971,2026-02-21,Visakhapatnam,35-44,iOS,Google Ads
1972,2026-01-24,Hyderabad,45+,Android,Organic
1973,2026-03-28,Delhi,25-34,Android,Organic
1974,2026-02-26,Hyderabad,25-34,iOS,Organic
1975,2026-04-17,Pune,18-24,iOS,Instagram
1976,2026-05-24,Mumbai,25-34,Android,YouTube
1977,2026-04-12,Chennai,18-24,Android,Organic
1978,2026-04-02,Bengaluru,25-34,Android,Push Notification
1979,2026-03-22,Hyderabad,45+,Android,Google Ads
1980,2026-01-17,Mumbai,35-44,Android,Instagram
1981,2026-01-12,Hyderabad,25-34,Android,YouTube
1982,2026-05-08,Hyderabad,25-34,Android,Organic
1983,2026-06-03,Bengaluru,45+,Android,Push Notification
1984,2026-02-04,Bengaluru,25-34,Android,Push Notification
1985,2026-03-23,Delhi,45+,Android,Organic
1986,2026-06-05,Pune,45+,Android,Push Notification
1987,2026-03-01,Pune,18-24,Android,YouTube
1988,2026-02-01,Bengaluru,25-34,iOS,Google Ads
1989,2026-06-08,Hyderabad,18-24,Android,Referral
1990,2026-03-17,Visakhapatnam,25-34,Android,Push Notification
1991,2026-01-10,Visakhapatnam,45+,iOS,Instagram
1992,2026-02-04,Bengaluru,35-44,Android,Organic
1993,2026-05-14,Delhi,45+,Android,Instagram
1994,2026-01-07,Visakhapatnam,35-44,Android,Google Ads
1995,2026-05-19,Hyderabad,25-34,iOS,Push Notification
1996,2026-02-26,Pune,45+,Android,Google Ads
1997,2026-04-24,Mumbai,18-24,Android,Referral
1998,2026-01-18,Visakhapatnam,18-24,Android,Google Ads
1999,2026-02-22,Visakhapatnam,18-24,Android,YouTube
2000,2026-02-22,Visakhapatnam,18-24,Android,Referral
2001,2026-03-21,Visakhapatnam,25-34,Android,Google Ads
2002,2026-06-05,Visakhapatnam,35-44,Android,Referral
2003,2026-06-12,Visakhapatnam,35-44,iOS,Referral
2004,2026-01-21,Bengaluru,45+,Android,Referral
2005,2026-04-23,Chennai,45+,iOS,Referral
2006,2026-01-06,Delhi,45+,Android,Organic
2007,2026-03-18,Pune,25-34,Android,Google Ads
2008,2026-03-07,Chennai,45+,Android,Instagram
2009,2026-04-07,Pune,45+,Android,Google Ads
2010,2026-05-01,Visakhapatnam,25-34,iOS,Organic
2011,2026-01-04,Delhi,35-44,Android,Referral
2012,2026-04-12,Mumbai,35-44,Android,Instagram
2013,2026-06-14,Pune,18-24,Android,Organic
2014,2026-02-01,Chennai,25-34,Android,Referral
2015,2026-03-07,Delhi,35-44,Android,Referral
2016,2026-06-12,Mumbai,35-44,Android,Push Notification
2017,2026-04-09,Chennai,25-34,Android,Organic
2018,2026-04-03,Mumbai,18-24,Android,Push Notification
2019,2026-02-07,Bengaluru,45+,iOS,Google Ads
2020,2026-03-07,Visakhapatnam,25-34,Android,Organic
2021,2026-06-14,Mumbai,45+,Android,YouTube
2022,2026-01-21,Pune,25-34,iOS,Google Ads
2023,2026-04-20,Bengaluru,35-44,Android,YouTube
2024,2026-06-18,Chennai,35-44,iOS,Push Notification
2025,2026-01-23,Hyderabad,35-44,iOS,Instagram
2026,2026-02-23,Mumbai,45+,Android,Organic
2027,2026-02-13,Delhi,45+,Android,Organic
2028,2026-06-28,Chennai,45+,Android,Push Notification
2029,2026-04-21,Visakhapatnam,25-34,Android,Push Notification
2030,2026-02-04,Visakhapatnam,45+,Android,Organic
2031,2026-04-26,Pune,25-34,Android,Organic
2032,2026-02-16,Delhi,25-34,Android,Referral
2033,2026-04-23,Mumbai,18-24,iOS,Google Ads
2034,2026-01-21,Bengaluru,18-24,Android,Instagram
2035,2026-01-17,Bengaluru,18-24,Android,Referral
2036,2026-05-05,Mumbai,18-24,Android,Instagram
2037,2026-01-02,Mumbai,18-24,Android,YouTube
2038,2026-01-02,Chennai,35-44,iOS,Referral
2039,2026-03-28,Pune,45+,Android,Push Notification
2040,2026-03-29,Bengaluru,25-34,iOS,Push Notification
2041,2026-04-13,Chennai,18-24,iOS,Instagram
2042,2026-01-26,Hyderabad,45+,iOS,Referral
2043,2026-02-05,Hyderabad,18-24,iOS,Instagram
2044,2026-06-29,Delhi,25-34,Android,YouTube
2045,2026-06-25,Mumbai,45+,Android,Push Notification
2046,2026-02-18,Hyderabad,35-44,Android,Instagram
2047,2026-01-12,Delhi,35-44,Android,Google Ads
2048,2026-06-05,Chennai,45+,iOS,Organic
2049,2026-03-31,Chennai,45+,iOS,Push Notification
2050,2026-01-26,Mumbai,45+,Android,Google Ads
2051,2026-02-06,Delhi,18-24,Android,Organic
2052,2026-03-19,Delhi,45+,Android,Referral
2053,2026-01-30,Chennai,25-34,Android,Google Ads
2054,2026-06-18,Mumbai,18-24,Android,Push Notification
2055,2026-01-08,Visakhapatnam,35-44,iOS,Instagram
2056,2026-02-26,Mumbai,35-44,Android,Push Notification
2057,2026-02-01,Mumbai,25-34,iOS,Push Notification
2058,2026-05-06,Hyderabad,35-44,iOS,YouTube
2059,2026-06-03,Hyderabad,35-44,Android,Push Notification
2060,2026-04-08,Mumbai,45+,iOS,Google Ads
2061,2026-03-08,Hyderabad,35-44,Android,Organic
2062,2026-03-29,Mumbai,25-34,iOS,Organic
2063,2026-05-27,Bengaluru,25-34,iOS,Referral
2064,2026-05-28,Mumbai,18-24,Android,YouTube
2065,2026-05-18,Visakhapatnam,45+,iOS,Instagram
2066,2026-04-04,Delhi,25-34,Android,YouTube
2067,2026-06-01,Visakhapatnam,18-24,Android,YouTube
2068,2026-04-28,Bengaluru,25-34,iOS,Instagram
2069,2026-02-26,Chennai,45+,Android,Instagram
2070,2026-02-07,Mumbai,18-24,Android,Instagram
2071,2026-05-09,Mumbai,18-24,Android,Push Notification
2072,2026-05-27,Chennai,25-34,Android,Push Notification
2073,2026-04-07,Hyderabad,35-44,Android,Push Notification
2074,2026-02-23,Delhi,25-34,iOS,Organic
2075,2026-02-15,Delhi,45+,iOS,Instagram
2076,2026-06-18,Delhi,25-34,iOS,YouTube
2077,2026-04-11,Bengaluru,45+,Android,Instagram
2078,2026-04-11,Chennai,18-24,Android,Instagram
2079,2026-03-14,Mumbai,25-34,iOS,YouTube
2080,2026-04-11,Hyderabad,25-34,Android,YouTube
2081,2026-01-14,Delhi,35-44,Android,Google Ads
2082,2026-05-28,Visakhapatnam,45+,Android,Instagram
2083,2026-02-07,Visakhapatnam,25-34,iOS,Google Ads
2084,2026-06-16,Hyderabad,35-44,iOS,YouTube
2085,2026-01-27,Mumbai,25-34,Android,Referral
2086,2026-06-23,Delhi,25-34,iOS,Organic
2087,2026-04-02,Chennai,25-34,iOS,Organic
2088,2026-05-12,Mumbai,35-44,Android,Google Ads
2089,2026-06-10,Mumbai,45+,Android,Organic
2090,2026-03-03,Chennai,45+,Android,YouTube
2091,2026-02-14,Mumbai,45+,iOS,Push Notification
2092,2026-06-18,Hyderabad,45+,iOS,Push Notification
2093,2026-04-08,Bengaluru,45+,Android,Organic
2094,2026-01-30,Hyderabad,18-24,Android,Push Notification
2095,2026-05-11,Visakhapatnam,18-24,Android,YouTube
2096,2026-05-03,Bengaluru,18-24,iOS,Google Ads
2097,2026-04-09,Chennai,45+,Android,Google Ads
2098,2026-01-26,Bengaluru,18-24,iOS,YouTube
2099,2026-02-17,Chennai,18-24,Android,YouTube
2100,2026-05-16,Chennai,18-24,Android,YouTube
2101,2026-05-18,Mumbai,18-24,iOS,Google Ads
2102,2026-06-18,Hyderabad,25-34,iOS,Push Notification
2103,2026-02-16,Hyderabad,45+,iOS,Organic
2104,2026-01-11,Visakhapatnam,25-34,Android,Organic
2105,2026-05-24,Bengaluru,18-24,Android,Organic
2106,2026-05-10,Bengaluru,35-44,iOS,Google Ads
2107,2026-04-19,Mumbai,18-24,Android,Organic
2108,2026-05-13,Delhi,35-44,Android,Referral
2109,2026-02-05,Pune,45+,Android,YouTube
2110,2026-04-01,Pune,25-34,Android,Push Notification
2111,2026-01-12,Visakhapatnam,18-24,Android,Instagram
2112,2026-02-25,Visakhapatnam,25-34,Android,Instagram
2113,2026-02-02,Mumbai,45+,Android,Instagram
2114,2026-03-08,Chennai,25-34,Android,Organic
2115,2026-03-07,Mumbai,45+,iOS,Google Ads
2116,2026-05-18,Visakhapatnam,18-24,Android,Instagram
2117,2026-06-12,Mumbai,25-34,iOS,YouTube
2118,2026-06-18,Mumbai,25-34,Android,Google Ads
2119,2026-03-22,Delhi,45+,Android,YouTube
2120,2026-03-05,Hyderabad,35-44,Android,Organic
2121,2026-06-25,Pune,45+,Android,Push Notification
2122,2026-01-23,Bengaluru,35-44,iOS,Google Ads
2123,2026-02-27,Bengaluru,18-24,Android,Google Ads
2124,2026-04-07,Hyderabad,18-24,Android,Push Notification
2125,2026-03-20,Pune,45+,Android,Instagram
2126,2026-06-29,Pune,35-44,Android,YouTube
2127,2026-01-26,Hyderabad,25-34,Android,Referral
2128,2026-02-16,Bengaluru,45+,Android,Google Ads
2129,2026-03-08,Hyderabad,25-34,Android,Google Ads
2130,2026-04-07,Pune,35-44,Android,Push Notification
2131,2026-06-13,Bengaluru,25-34,Android,Referral
2132,2026-06-30,Chennai,25-34,Android,Instagram
2133,2026-04-30,Pune,35-44,Android,Referral
2134,2026-05-14,Mumbai,25-34,Android,Organic
2135,2026-03-20,Chennai,35-44,iOS,Push Notification
2136,2026-01-21,Hyderabad,25-34,iOS,Google Ads
2137,2026-05-28,Hyderabad,18-24,iOS,YouTube
2138,2026-05-07,Delhi,18-24,iOS,Referral
2139,2026-06-23,Pune,25-34,Android,YouTube
2140,2026-06-25,Mumbai,18-24,Android,YouTube
2141,2026-02-18,Delhi,18-24,iOS,Push Notification
2142,2026-05-17,Mumbai,35-44,Android,Push Notification
2143,2026-06-19,Delhi,18-24,Android,Google Ads
2144,2026-06-22,Delhi,25-34,Android,Instagram
2145,2026-02-04,Pune,35-44,iOS,Referral
2146,2026-05-07,Chennai,25-34,Android,Organic
2147,2026-03-28,Mumbai,25-34,iOS,Organic
2148,2026-03-16,Bengaluru,45+,Android,Google Ads
2149,2026-01-01,Mumbai,45+,Android,Instagram
2150,2026-06-14,Pune,18-24,iOS,YouTube
2151,2026-05-05,Hyderabad,35-44,Android,Referral
2152,2026-03-26,Bengaluru,35-44,Android,Instagram
2153,2026-02-17,Chennai,35-44,Android,Referral
2154,2026-05-06,Visakhapatnam,18-24,Android,Google Ads
2155,2026-04-16,Hyderabad,45+,Android,Push Notification
2156,2026-03-06,Visakhapatnam,45+,Android,Instagram
2157,2026-04-04,Chennai,25-34,Android,Instagram
2158,2026-01-28,Chennai,45+,Android,Instagram
2159,2026-04-22,Hyderabad,35-44,iOS,Push Notification
2160,2026-02-20,Hyderabad,25-34,Android,Google Ads
2161,2026-04-12,Chennai,35-44,iOS,Google Ads
2162,2026-06-20,Visakhapatnam,45+,iOS,Instagram
2163,2026-01-31,Chennai,45+,Android,Push Notification
2164,2026-02-02,Bengaluru,45+,Android,Push Notification
2165,2026-04-10,Visakhapatnam,18-24,iOS,Organic
2166,2026-02-02,Visakhapatnam,35-44,Android,Push Notification
2167,2026-03-02,Hyderabad,35-44,Android,YouTube
2168,2026-01-03,Chennai,45+,Android,Referral
2169,2026-01-22,Delhi,45+,Android,Google Ads
2170,2026-05-11,Visakhapatnam,25-34,Android,Organic
2171,2026-03-09,Mumbai,25-34,Android,Referral
2172,2026-02-20,Chennai,18-24,iOS,YouTube
2173,2026-06-06,Visakhapatnam,25-34,iOS,YouTube
2174,2026-06-11,Mumbai,25-34,Android,Google Ads
2175,2026-04-13,Hyderabad,35-44,iOS,Google Ads
2176,2026-04-20,Hyderabad,25-34,Android,Organic
2177,2026-04-08,Chennai,35-44,iOS,Google Ads
2178,2026-02-26,Bengaluru,45+,Android,YouTube
2179,2026-04-20,Mumbai,18-24,Android,Instagram
2180,2026-04-04,Bengaluru,35-44,iOS,Google Ads
2181,2026-03-23,Hyderabad,25-34,Android,Organic
2182,2026-06-19,Mumbai,35-44,Android,Referral
2183,2026-03-13,Pune,18-24,Android,Instagram
2184,2026-05-06,Bengaluru,35-44,Android,Organic
2185,2026-06-21,Hyderabad,25-34,Android,Push Notification
2186,2026-04-03,Mumbai,35-44,Android,Instagram
2187,2026-02-23,Pune,45+,Android,Organic
2188,2026-02-03,Mumbai,18-24,Android,Push Notification
2189,2026-02-18,Visakhapatnam,45+,iOS,Organic
2190,2026-05-20,Pune,35-44,Android,Referral
2191,2026-02-21,Pune,25-34,Android,Google Ads
2192,2026-04-18,Pune,35-44,iOS,YouTube
2193,2026-03-30,Bengaluru,45+,Android,Organic
2194,2026-04-22,Hyderabad,45+,Android,YouTube
2195,2026-01-06,Visakhapatnam,35-44,Android,Google Ads
2196,2026-03-16,Hyderabad,18-24,iOS,Push Notification
2197,2026-02-18,Mumbai,45+,Android,YouTube
2198,2026-05-12,Hyderabad,25-34,Android,YouTube
2199,2026-04-09,Pune,45+,Android,Instagram
2200,2026-02-22,Visakhapatnam,18-24,Android,Google Ads
2201,2026-06-01,Mumbai,18-24,iOS,YouTube
2202,2026-04-27,Pune,35-44,Android,Google Ads
2203,2026-03-17,Mumbai,35-44,Android,Google Ads
2204,2026-02-27,Hyderabad,25-34,Android,Push Notification
2205,2026-02-07,Bengaluru,25-34,Android,Organic
2206,2026-06-14,Visakhapatnam,25-34,Android,Organic
2207,2026-06-16,Bengaluru,35-44,Android,Push Notification
2208,2026-05-21,Bengaluru,25-34,Android,YouTube
2209,2026-03-17,Bengaluru,18-24,Android,Organic
2210,2026-04-02,Visakhapatnam,35-44,Android,Organic
2211,2026-05-18,Mumbai,18-24,iOS,Push Notification
2212,2026-04-08,Mumbai,35-44,iOS,Push Notification
2213,2026-06-04,Pune,25-34,iOS,Google Ads
2214,2026-03-25,Bengaluru,25-34,Android,Referral
2215,2026-02-09,Chennai,25-34,iOS,Referral
2216,2026-04-05,Visakhapatnam,45+,Android,Google Ads
2217,2026-04-28,Visakhapatnam,25-34,Android,Referral
2218,2026-02-16,Mumbai,35-44,Android,Google Ads
2219,2026-02-15,Delhi,45+,Android,Google Ads
2220,2026-01-18,Visakhapatnam,18-24,Android,Referral
2221,2026-06-15,Chennai,18-24,iOS,Google Ads
2222,2026-01-04,Pune,18-24,Android,Organic
2223,2026-01-29,Delhi,18-24,iOS,Push Notification
2224,2026-01-12,Visakhapatnam,25-34,iOS,Instagram
2225,2026-02-06,Mumbai,18-24,iOS,Organic
2226,2026-01-28,Pune,35-44,iOS,Organic
2227,2026-02-21,Visakhapatnam,45+,iOS,Referral
2228,2026-02-11,Bengaluru,35-44,Android,Google Ads
2229,2026-01-15,Pune,35-44,Android,Organic
2230,2026-01-06,Delhi,18-24,Android,Instagram
2231,2026-01-27,Pune,45+,Android,Google Ads
2232,2026-01-07,Visakhapatnam,45+,Android,Instagram
2233,2026-06-17,Bengaluru,25-34,iOS,Push Notification
2234,2026-04-09,Mumbai,18-24,Android,Organic
2235,2026-02-27,Hyderabad,35-44,Android,YouTube
2236,2026-03-27,Hyderabad,35-44,iOS,Organic
2237,2026-01-12,Pune,25-34,Android,YouTube
2238,2026-03-27,Pune,25-34,Android,Google Ads
2239,2026-06-20,Mumbai,35-44,Android,Instagram
2240,2026-03-31,Hyderabad,35-44,iOS,Push Notification
2241,2026-04-05,Bengaluru,18-24,iOS,Google Ads
2242,2026-06-17,Visakhapatnam,35-44,Android,Referral
2243,2026-05-03,Delhi,18-24,Android,Referral
2244,2026-03-13,Visakhapatnam,18-24,Android,Google Ads
2245,2026-02-16,Delhi,45+,Android,Referral
2246,2026-04-19,Chennai,45+,Android,Push Notification
2247,2026-03-27,Visakhapatnam,25-34,Android,YouTube
2248,2026-05-08,Pune,45+,Android,Google Ads
2249,2026-04-09,Hyderabad,45+,Android,Push Notification
2250,2026-02-26,Mumbai,18-24,Android,Organic
2251,2026-02-22,Delhi,18-24,Android,Referral
2252,2026-02-04,Hyderabad,18-24,iOS,Instagram
2253,2026-02-05,Bengaluru,45+,Android,YouTube
2254,2026-04-18,Visakhapatnam,25-34,iOS,Organic
2255,2026-02-05,Hyderabad,25-34,Android,Organic
2256,2026-06-28,Chennai,35-44,Android,Organic
2257,2026-06-19,Pune,18-24,Android,YouTube
2258,2026-02-10,Hyderabad,25-34,Android,Organic
2259,2026-03-04,Hyderabad,18-24,Android,Referral
2260,2026-02-08,Delhi,25-34,Android,Google Ads
2261,2026-05-16,Mumbai,35-44,Android,Push Notification
2262,2026-03-28,Chennai,18-24,Android,Google Ads
2263,2026-01-16,Mumbai,18-24,Android,Google Ads
2264,2026-05-09,Visakhapatnam,18-24,Android,Referral
2265,2026-06-24,Chennai,35-44,iOS,YouTube
2266,2026-03-20,Mumbai,25-34,Android,Google Ads
2267,2026-03-11,Hyderabad,45+,iOS,Google Ads
2268,2026-02-24,Chennai,18-24,Android,Google Ads
2269,2026-05-24,Pune,18-24,iOS,Referral
2270,2026-05-03,Bengaluru,45+,iOS,Google Ads
2271,2026-01-14,Delhi,35-44,Android,Google Ads
2272,2026-03-11,Hyderabad,18-24,Android,YouTube
2273,2026-03-27,Hyderabad,25-34,Android,YouTube
2274,2026-01-28,Hyderabad,25-34,Android,Instagram
2275,2026-02-18,Pune,25-34,Android,Organic
2276,2026-03-03,Bengaluru,18-24,iOS,YouTube
2277,2026-01-12,Pune,45+,Android,Instagram
2278,2026-01-24,Bengaluru,18-24,iOS,Instagram
2279,2026-04-12,Pune,25-34,Android,Referral
2280,2026-04-02,Visakhapatnam,18-24,Android,Push Notification
2281,2026-05-09,Hyderabad,25-34,Android,Referral
2282,2026-05-03,Pune,18-24,Android,Google Ads
2283,2026-06-24,Chennai,18-24,iOS,Organic
2284,2026-03-01,Visakhapatnam,25-34,iOS,Google Ads
2285,2026-05-09,Pune,35-44,Android,Google Ads
2286,2026-03-28,Bengaluru,35-44,Android,Referral
2287,2026-01-11,Mumbai,45+,Android,YouTube
2288,2026-06-05,Hyderabad,25-34,Android,Referral
2289,2026-01-25,Delhi,18-24,Android,Instagram
2290,2026-05-21,Delhi,18-24,Android,Referral
2291,2026-03-22,Visakhapatnam,35-44,Android,Instagram
2292,2026-05-28,Bengaluru,35-44,Android,Google Ads
2293,2026-04-28,Bengaluru,45+,iOS,Referral
2294,2026-06-16,Visakhapatnam,18-24,iOS,Referral
2295,2026-01-11,Bengaluru,35-44,Android,YouTube
2296,2026-06-24,Visakhapatnam,45+,Android,YouTube
2297,2026-03-22,Bengaluru,18-24,Android,YouTube
2298,2026-04-26,Bengaluru,18-24,Android,Push Notification
2299,2026-01-15,Mumbai,25-34,Android,YouTube
2300,2026-01-03,Visakhapatnam,18-24,Android,Google Ads
2301,2026-05-26,Chennai,18-24,Android,Referral
2302,2026-06-21,Hyderabad,35-44,Android,Push Notification
2303,2026-05-17,Delhi,45+,Android,Google Ads
2304,2026-01-28,Chennai,45+,Android,Instagram
2305,2026-01-17,Bengaluru,35-44,iOS,Referral
2306,2026-02-24,Mumbai,45+,Android,Referral
2307,2026-01-10,Pune,25-34,iOS,Google Ads
2308,2026-06-13,Visakhapatnam,35-44,Android,YouTube
2309,2026-04-08,Hyderabad,35-44,iOS,Referral
2310,2026-02-24,Hyderabad,25-34,iOS,Push Notification
2311,2026-04-19,Bengaluru,35-44,Android,Organic
2312,2026-02-06,Hyderabad,35-44,Android,Instagram
2313,2026-04-26,Delhi,45+,Android,Push Notification
2314,2026-03-08,Visakhapatnam,18-24,Android,Referral
2315,2026-03-29,Delhi,35-44,Android,Instagram
2316,2026-04-18,Chennai,45+,Android,Google Ads
2317,2026-06-28,Chennai,35-44,iOS,YouTube
2318,2026-04-10,Delhi,18-24,Android,YouTube
2319,2026-02-20,Hyderabad,25-34,Android,Push Notification
2320,2026-03-23,Hyderabad,25-34,iOS,Google Ads
2321,2026-05-08,Delhi,35-44,Android,Push Notification
2322,2026-04-15,Bengaluru,18-24,iOS,Google Ads
2323,2026-06-12,Chennai,18-24,Android,Push Notification
2324,2026-02-18,Chennai,25-34,Android,Google Ads
2325,2026-03-31,Visakhapatnam,25-34,iOS,YouTube
2326,2026-01-04,Bengaluru,35-44,Android,Instagram
2327,2026-05-09,Delhi,18-24,Android,Push Notification
2328,2026-04-27,Chennai,45+,Android,YouTube
2329,2026-04-20,Pune,35-44,Android,Google Ads
2330,2026-04-28,Chennai,35-44,Android,YouTube
2331,2026-02-11,Pune,45+,Android,Push Notification
2332,2026-06-26,Mumbai,45+,Android,Push Notification
2333,2026-06-08,Delhi,18-24,iOS,Organic
2334,2026-01-23,Mumbai,18-24,Android,Referral
2335,2026-01-27,Chennai,18-24,Android,YouTube
2336,2026-05-29,Delhi,18-24,Android,Referral
2337,2026-02-24,Visakhapatnam,45+,Android,Organic
2338,2026-02-20,Delhi,45+,iOS,Instagram
2339,2026-04-29,Chennai,45+,Android,Instagram
2340,2026-02-27,Pune,35-44,Android,Push Notification
2341,2026-03-09,Bengaluru,45+,Android,Organic
2342,2026-04-17,Hyderabad,18-24,Android,Instagram
2343,2026-05-13,Delhi,35-44,Android,YouTube
2344,2026-04-21,Visakhapatnam,45+,Android,Push Notification
2345,2026-04-11,Delhi,18-24,iOS,YouTube
2346,2026-04-20,Visakhapatnam,45+,iOS,Google Ads
2347,2026-04-14,Bengaluru,25-34,Android,Organic
2348,2026-02-02,Pune,18-24,Android,Referral
2349,2026-06-10,Bengaluru,25-34,iOS,Google Ads
2350,2026-01-24,Hyderabad,18-24,Android,Push Notification
2351,2026-06-01,Visakhapatnam,18-24,Android,YouTube
2352,2026-01-21,Pune,45+,Android,Push Notification
2353,2026-02-03,Chennai,35-44,Android,Push Notification
2354,2026-02-26,Bengaluru,25-34,Android,Google Ads
2355,2026-04-07,Delhi,35-44,Android,Instagram
2356,2026-01-22,Visakhapatnam,18-24,Android,YouTube
2357,2026-01-27,Hyderabad,45+,iOS,Organic
2358,2026-01-28,Visakhapatnam,35-44,Android,Google Ads
2359,2026-01-24,Hyderabad,45+,iOS,Google Ads
2360,2026-04-11,Hyderabad,45+,iOS,Referral
2361,2026-01-19,Chennai,18-24,Android,Referral
2362,2026-04-07,Bengaluru,45+,iOS,Google Ads
2363,2026-03-18,Hyderabad,25-34,Android,Push Notification
2364,2026-06-05,Delhi,18-24,Android,Instagram
2365,2026-03-30,Chennai,18-24,Android,Push Notification
2366,2026-03-07,Hyderabad,25-34,Android,YouTube
2367,2026-01-06,Pune,25-34,Android,Instagram
2368,2026-01-30,Visakhapatnam,18-24,Android,Google Ads
2369,2026-01-22,Mumbai,25-34,Android,Referral
2370,2026-02-21,Hyderabad,35-44,iOS,Push Notification
2371,2026-03-17,Chennai,45+,Android,Referral
2372,2026-02-19,Bengaluru,25-34,Android,Push Notification
2373,2026-03-13,Chennai,18-24,Android,YouTube
2374,2026-03-21,Visakhapatnam,25-34,iOS,Referral
2375,2026-04-21,Chennai,45+,Android,Instagram
2376,2026-03-23,Pune,18-24,Android,Referral
2377,2026-02-21,Pune,35-44,Android,Push Notification
2378,2026-01-17,Chennai,25-34,iOS,YouTube
2379,2026-03-06,Pune,45+,Android,Push Notification
2380,2026-05-16,Bengaluru,45+,Android,Google Ads
2381,2026-03-24,Chennai,25-34,Android,Organic
2382,2026-02-25,Mumbai,35-44,Android,Instagram
2383,2026-02-01,Hyderabad,35-44,Android,Push Notification
2384,2026-03-26,Visakhapatnam,45+,Android,Instagram
2385,2026-03-01,Pune,18-24,Android,YouTube
2386,2026-02-24,Pune,25-34,Android,Instagram
2387,2026-06-05,Delhi,18-24,Android,Push Notification
2388,2026-04-18,Mumbai,45+,Android,Instagram
2389,2026-02-20,Visakhapatnam,18-24,iOS,Referral
2390,2026-01-12,Bengaluru,45+,Android,Referral
2391,2026-02-13,Pune,35-44,Android,Google Ads
2392,2026-05-28,Hyderabad,35-44,Android,YouTube
2393,2026-01-02,Chennai,35-44,Android,Referral
2394,2026-01-10,Pune,18-24,Android,Organic
2395,2026-01-18,Chennai,18-24,iOS,Referral
2396,2026-03-19,Bengaluru,35-44,iOS,Referral
2397,2026-01-21,Pune,35-44,Android,Organic
2398,2026-04-11,Bengaluru,45+,Android,Push Notification
2399,2026-02-01,Delhi,35-44,iOS,Organic
2400,2026-01-08,Visakhapatnam,18-24,iOS,Google Ads
2401,2026-01-27,Bengaluru,45+,Android,Organic
2402,2026-02-18,Mumbai,35-44,iOS,YouTube
2403,2026-01-02,Mumbai,18-24,Android,Organic
2404,2026-01-29,Hyderabad,35-44,Android,Instagram
2405,2026-06-26,Pune,45+,Android,Google Ads
2406,2026-02-05,Pune,45+,Android,Instagram
2407,2026-02-07,Delhi,45+,Android,Push Notification
2408,2026-02-01,Pune,25-34,Android,Push Notification
2409,2026-05-06,Bengaluru,35-44,iOS,Referral
2410,2026-02-27,Hyderabad,35-44,iOS,Push Notification
2411,2026-01-22,Bengaluru,25-34,Android,Push Notification
2412,2026-02-22,Mumbai,18-24,Android,Referral
2413,2026-01-16,Visakhapatnam,18-24,Android,Referral
2414,2026-04-09,Visakhapatnam,45+,Android,Google Ads
2415,2026-06-01,Delhi,35-44,iOS,Instagram
2416,2026-04-27,Mumbai,25-34,iOS,Organic
2417,2026-02-03,Visakhapatnam,35-44,Android,Referral
2418,2026-06-08,Pune,25-34,iOS,Google Ads
2419,2026-01-18,Bengaluru,45+,Android,Instagram
2420,2026-05-28,Mumbai,18-24,Android,Organic
2421,2026-01-29,Visakhapatnam,18-24,iOS,Google Ads
2422,2026-03-10,Hyderabad,45+,Android,Referral
2423,2026-04-01,Bengaluru,18-24,iOS,Organic
2424,2026-04-01,Chennai,25-34,Android,YouTube
2425,2026-04-21,Pune,35-44,Android,Instagram
2426,2026-04-05,Hyderabad,18-24,Android,Push Notification
2427,2026-04-19,Visakhapatnam,35-44,Android,Google Ads
2428,2026-06-02,Bengaluru,45+,Android,Organic
2429,2026-06-24,Hyderabad,25-34,iOS,Google Ads
2430,2026-01-30,Hyderabad,18-24,Android,Google Ads
2431,2026-01-17,Pune,18-24,Android,YouTube
2432,2026-06-29,Mumbai,45+,Android,Organic
2433,2026-02-26,Mumbai,35-44,Android,Google Ads
2434,2026-02-22,Bengaluru,35-44,iOS,Instagram
2435,2026-01-01,Hyderabad,25-34,Android,Push Notification
2436,2026-06-09,Chennai,35-44,iOS,Push Notification
2437,2026-03-03,Visakhapatnam,35-44,Android,Google Ads
2438,2026-02-17,Bengaluru,45+,Android,Organic
2439,2026-06-20,Chennai,45+,Android,Google Ads
2440,2026-03-09,Hyderabad,25-34,Android,Organic
2441,2026-06-02,Bengaluru,45+,Android,Referral
2442,2026-03-05,Chennai,18-24,Android,Organic
2443,2026-05-26,Mumbai,35-44,iOS,YouTube
2444,2026-05-09,Visakhapatnam,25-34,iOS,Organic
2445,2026-03-19,Delhi,35-44,Android,Push Notification
2446,2026-03-31,Pune,35-44,Android,Instagram
2447,2026-04-04,Chennai,18-24,iOS,Instagram
2448,2026-03-27,Pune,45+,Android,Push Notification
2449,2026-05-13,Mumbai,18-24,Android,Referral
2450,2026-02-26,Mumbai,25-34,Android,Organic
2451,2026-03-04,Pune,45+,Android,Push Notification
2452,2026-01-23,Visakhapatnam,45+,Android,Instagram
2453,2026-06-10,Mumbai,45+,iOS,YouTube
2454,2026-02-14,Bengaluru,35-44,iOS,Referral
2455,2026-05-31,Chennai,35-44,Android,Organic
2456,2026-05-29,Pune,35-44,iOS,Organic
2457,2026-04-21,Delhi,45+,Android,Instagram
2458,2026-03-15,Hyderabad,18-24,Android,Push Notification
2459,2026-02-07,Chennai,25-34,Android,Instagram
2460,2026-06-09,Pune,25-34,Android,Instagram
2461,2026-01-17,Delhi,35-44,Android,Organic
2462,2026-02-25,Bengaluru,18-24,Android,Instagram
2463,2026-01-02,Chennai,35-44,Android,Organic
2464,2026-01-13,Bengaluru,25-34,Android,Instagram
2465,2026-05-09,Mumbai,25-34,iOS,Push Notification
2466,2026-03-11,Visakhapatnam,25-34,Android,Organic
2467,2026-03-16,Visakhapatnam,18-24,Android,Instagram
2468,2026-03-05,Delhi,45+,Android,Organic
2469,2026-03-08,Bengaluru,35-44,Android,Referral
2470,2026-06-23,Bengaluru,25-34,Android,Google Ads
2471,2026-03-06,Visakhapatnam,45+,Android,Instagram
2472,2026-03-20,Hyderabad,35-44,Android,Push Notification
2473,2026-04-29,Pune,25-34,Android,Referral
2474,2026-01-25,Visakhapatnam,45+,Android,YouTube
2475,2026-06-25,Mumbai,35-44,Android,Referral
2476,2026-04-30,Chennai,45+,Android,YouTube
2477,2026-01-07,Delhi,45+,Android,Google Ads
2478,2026-06-07,Bengaluru,25-34,Android,Instagram
2479,2026-02-02,Pune,35-44,Android,Referral
2480,2026-02-02,Chennai,18-24,Android,YouTube
2481,2026-04-28,Delhi,18-24,Android,Instagram
2482,2026-06-16,Hyderabad,35-44,Android,Instagram
2483,2026-05-25,Chennai,35-44,iOS,Organic
2484,2026-05-30,Mumbai,18-24,iOS,YouTube
2485,2026-02-06,Pune,45+,Android,Push Notification
2486,2026-06-13,Delhi,25-34,Android,Instagram
2487,2026-01-02,Delhi,45+,Android,Google Ads
2488,2026-01-30,Hyderabad,18-24,Android,Organic
2489,2026-05-14,Hyderabad,25-34,Android,Referral
2490,2026-01-07,Delhi,45+,Android,Organic
2491,2026-03-18,Chennai,45+,iOS,Google Ads
2492,2026-05-20,Bengaluru,45+,iOS,YouTube
2493,2026-02-01,Chennai,25-34,Android,Google Ads
2494,2026-02-06,Delhi,25-34,Android,Push Notification
2495,2026-06-29,Pune,25-34,Android,Instagram
2496,2026-03-16,Mumbai,18-24,iOS,Referral
2497,2026-04-05,Mumbai,35-44,Android,Push Notification
2498,2026-01-28,Chennai,45+,iOS,Google Ads
2499,2026-01-08,Bengaluru,45+,Android,Referral
2500,2026-01-03,Pune,35-44,Android,Push Notification
2501,2026-06-18,Pune,45+,Android,Instagram
2502,2026-02-05,Chennai,45+,Android,Google Ads
2503,2026-04-02,Pune,25-34,Android,Push Notification
2504,2026-05-15,Chennai,18-24,Android,Google Ads
2505,2026-04-01,Mumbai,35-44,Android,Google Ads
2506,2026-03-13,Delhi,35-44,iOS,Organic
2507,2026-06-15,Chennai,45+,iOS,YouTube
2508,2026-06-18,Visakhapatnam,35-44,Android,Instagram
2509,2026-05-31,Pune,35-44,Android,Referral
2510,2026-01-18,Hyderabad,18-24,iOS,Google Ads
2511,2026-03-01,Hyderabad,18-24,Android,Push Notification
2512,2026-05-02,Bengaluru,25-34,iOS,Push Notification
2513,2026-03-02,Hyderabad,25-34,iOS,Referral
2514,2026-04-18,Hyderabad,18-24,Android,Organic
2515,2026-01-10,Delhi,18-24,Android,Instagram
2516,2026-06-05,Mumbai,18-24,iOS,Instagram
2517,2026-01-28,Mumbai,45+,Android,Push Notification
2518,2026-05-27,Pune,25-34,Android,Referral
2519,2026-04-23,Mumbai,35-44,Android,Push Notification
2520,2026-02-11,Chennai,25-34,Android,Organic
2521,2026-06-11,Mumbai,18-24,Android,Google Ads
2522,2026-01-02,Bengaluru,45+,Android,Organic
2523,2026-03-29,Visakhapatnam,45+,Android,Google Ads
2524,2026-05-27,Delhi,45+,Android,Instagram
2525,2026-06-08,Pune,25-34,iOS,Referral
2526,2026-04-20,Mumbai,45+,iOS,YouTube
2527,2026-01-21,Visakhapatnam,35-44,Android,Referral
2528,2026-03-01,Hyderabad,35-44,Android,Instagram
2529,2026-03-06,Chennai,35-44,Android,Google Ads
2530,2026-03-15,Hyderabad,25-34,iOS,YouTube
2531,2026-05-09,Bengaluru,45+,Android,YouTube
2532,2026-06-28,Hyderabad,45+,iOS,Instagram
2533,2026-06-17,Hyderabad,18-24,Android,Instagram
2534,2026-02-21,Bengaluru,18-24,Android,YouTube
2535,2026-03-26,Delhi,18-24,Android,Organic
2536,2026-05-25,Pune,18-24,Android,Organic
2537,2026-04-17,Pune,18-24,iOS,Referral
2538,2026-02-03,Bengaluru,18-24,Android,Referral
2539,2026-05-10,Visakhapatnam,35-44,Android,Instagram
2540,2026-02-28,Hyderabad,18-24,Android,Google Ads
2541,2026-05-17,Pune,45+,Android,Push Notification
2542,2026-01-05,Pune,45+,Android,Referral
2543,2026-06-28,Visakhapatnam,45+,iOS,YouTube
2544,2026-02-05,Hyderabad,45+,Android,YouTube
2545,2026-04-05,Bengaluru,25-34,Android,Organic
2546,2026-03-02,Visakhapatnam,18-24,Android,Google Ads
2547,2026-04-16,Mumbai,18-24,iOS,Organic
2548,2026-03-05,Delhi,18-24,Android,Google Ads
2549,2026-04-23,Visakhapatnam,35-44,Android,Instagram
2550,2026-06-04,Mumbai,25-34,iOS,Google Ads
2551,2026-06-05,Chennai,45+,Android,Push Notification
2552,2026-01-20,Hyderabad,35-44,iOS,Google Ads
2553,2026-05-07,Mumbai,35-44,iOS,Google Ads
2554,2026-04-24,Mumbai,35-44,iOS,YouTube
2555,2026-03-16,Delhi,25-34,Android,Instagram
2556,2026-03-23,Mumbai,18-24,Android,Referral
2557,2026-06-30,Pune,45+,Android,Google Ads
2558,2026-02-05,Delhi,25-34,Android,YouTube
2559,2026-02-23,Hyderabad,35-44,iOS,Google Ads
2560,2026-01-10,Visakhapatnam,45+,Android,Referral
2561,2026-01-30,Hyderabad,45+,iOS,Instagram
2562,2026-03-13,Pune,45+,Android,Organic
2563,2026-01-16,Bengaluru,45+,Android,Referral
2564,2026-04-09,Chennai,18-24,Android,Referral
2565,2026-02-17,Mumbai,45+,Android,Push Notification
2566,2026-03-20,Hyderabad,35-44,iOS,YouTube
2567,2026-03-28,Delhi,35-44,iOS,YouTube
2568,2026-02-25,Delhi,18-24,Android,YouTube
2569,2026-04-22,Delhi,45+,iOS,Push Notification
2570,2026-01-15,Delhi,18-24,Android,Push Notification
2571,2026-06-23,Bengaluru,45+,Android,Push Notification
2572,2026-05-26,Delhi,35-44,Android,Referral
2573,2026-04-30,Mumbai,25-34,Android,Organic
2574,2026-03-13,Delhi,35-44,Android,Google Ads
2575,2026-05-19,Bengaluru,35-44,Android,Organic
2576,2026-06-07,Bengaluru,35-44,Android,Instagram
2577,2026-06-17,Delhi,18-24,Android,YouTube
2578,2026-06-19,Bengaluru,35-44,iOS,Referral
2579,2026-04-29,Hyderabad,45+,Android,Organic
2580,2026-04-02,Chennai,25-34,Android,YouTube
2581,2026-01-21,Bengaluru,35-44,iOS,Referral
2582,2026-02-16,Bengaluru,35-44,Android,Referral
2583,2026-02-02,Visakhapatnam,25-34,Android,YouTube
2584,2026-06-17,Hyderabad,25-34,Android,Organic
2585,2026-02-17,Mumbai,45+,Android,Organic
2586,2026-05-22,Mumbai,25-34,Android,Push Notification
2587,2026-03-08,Bengaluru,18-24,Android,Instagram
2588,2026-05-19,Mumbai,18-24,Android,Instagram
2589,2026-01-28,Hyderabad,45+,Android,Organic
2590,2026-03-02,Visakhapatnam,35-44,Android,Push Notification
2591,2026-04-17,Hyderabad,45+,iOS,Google Ads
2592,2026-01-07,Bengaluru,35-44,Android,Referral
2593,2026-06-16,Bengaluru,45+,iOS,Instagram
2594,2026-06-09,Hyderabad,25-34,Android,Instagram
2595,2026-02-08,Pune,18-24,Android,Google Ads
2596,2026-03-22,Pune,35-44,iOS,Referral
2597,2026-05-30,Hyderabad,25-34,Android,Push Notification
2598,2026-01-21,Hyderabad,25-34,Android,YouTube
2599,2026-06-11,Pune,45+,Android,Organic
2600,2026-05-16,Delhi,18-24,Android,Push Notification
2601,2026-05-15,Pune,45+,Android,Google Ads
2602,2026-05-28,Bengaluru,25-34,Android,Instagram
2603,2026-03-01,Chennai,35-44,iOS,Organic
2604,2026-06-27,Visakhapatnam,45+,iOS,Referral
2605,2026-04-03,Hyderabad,35-44,Android,Organic
2606,2026-04-03,Mumbai,45+,Android,Referral
2607,2026-04-18,Visakhapatnam,25-34,iOS,Google Ads
2608,2026-04-15,Mumbai,25-34,Android,Instagram
2609,2026-03-29,Bengaluru,18-24,Android,Referral
2610,2026-05-10,Visakhapatnam,45+,Android,Google Ads
2611,2026-02-16,Chennai,18-24,Android,Referral
2612,2026-03-09,Delhi,45+,iOS,Google Ads
2613,2026-01-09,Delhi,45+,Android,Google Ads
2614,2026-01-19,Visakhapatnam,45+,iOS,Instagram
2615,2026-02-02,Chennai,25-34,iOS,Organic
2616,2026-03-28,Delhi,35-44,Android,YouTube
2617,2026-01-28,Mumbai,18-24,Android,Instagram
2618,2026-04-25,Chennai,45+,iOS,Referral
2619,2026-03-16,Delhi,45+,iOS,Push Notification
2620,2026-02-16,Mumbai,18-24,Android,Organic
2621,2026-06-01,Pune,35-44,Android,Referral
2622,2026-04-08,Bengaluru,45+,Android,Push Notification
2623,2026-05-31,Bengaluru,18-24,Android,Referral
2624,2026-03-29,Hyderabad,45+,Android,Referral
2625,2026-03-23,Delhi,25-34,iOS,Organic
2626,2026-02-23,Chennai,35-44,Android,YouTube
2627,2026-03-22,Hyderabad,35-44,Android,Organic
2628,2026-03-15,Bengaluru,45+,Android,Google Ads
2629,2026-03-15,Bengaluru,18-24,iOS,Push Notification
2630,2026-03-13,Visakhapatnam,18-24,Android,YouTube
2631,2026-02-13,Hyderabad,18-24,iOS,YouTube
2632,2026-05-18,Delhi,25-34,Android,Organic
2633,2026-04-05,Visakhapatnam,35-44,iOS,YouTube
2634,2026-04-20,Mumbai,45+,Android,Referral
2635,2026-03-17,Hyderabad,18-24,Android,Referral
2636,2026-05-07,Bengaluru,18-24,iOS,Instagram
2637,2026-06-21,Hyderabad,35-44,iOS,Push Notification
2638,2026-02-26,Mumbai,18-24,Android,YouTube
2639,2026-03-27,Bengaluru,45+,Android,YouTube
2640,2026-06-22,Delhi,18-24,iOS,Instagram
2641,2026-01-10,Chennai,18-24,iOS,YouTube
2642,2026-03-23,Visakhapatnam,18-24,iOS,Push Notification
2643,2026-01-03,Visakhapatnam,25-34,Android,Google Ads
2644,2026-06-22,Visakhapatnam,35-44,Android,Referral
2645,2026-02-17,Mumbai,45+,Android,Google Ads
2646,2026-06-12,Hyderabad,25-34,Android,Organic
2647,2026-05-06,Pune,25-34,iOS,Organic
2648,2026-04-18,Mumbai,35-44,Android,Push Notification
2649,2026-05-30,Visakhapatnam,35-44,Android,Push Notification
2650,2026-02-16,Bengaluru,25-34,iOS,Push Notification
2651,2026-05-05,Chennai,45+,Android,YouTube
2652,2026-05-04,Bengaluru,18-24,Android,Instagram
2653,2026-04-18,Chennai,35-44,Android,Referral
2654,2026-01-30,Visakhapatnam,45+,iOS,Push Notification
2655,2026-01-30,Bengaluru,45+,iOS,Referral
2656,2026-05-06,Pune,45+,Android,Organic
2657,2026-03-16,Bengaluru,25-34,iOS,Referral
2658,2026-01-16,Pune,35-44,Android,Instagram
2659,2026-04-16,Chennai,45+,Android,Instagram
2660,2026-01-14,Bengaluru,45+,iOS,Instagram
2661,2026-06-12,Delhi,18-24,Android,Referral
2662,2026-02-26,Pune,25-34,Android,Push Notification
2663,2026-01-29,Pune,35-44,Android,YouTube
2664,2026-01-06,Mumbai,18-24,iOS,Organic
2665,2026-06-30,Bengaluru,35-44,iOS,YouTube
2666,2026-01-17,Mumbai,18-24,Android,Instagram
2667,2026-05-18,Visakhapatnam,25-34,iOS,Referral
2668,2026-02-28,Bengaluru,25-34,iOS,Instagram
2669,2026-04-16,Visakhapatnam,25-34,iOS,Organic
2670,2026-01-06,Delhi,18-24,Android,Referral
2671,2026-01-11,Visakhapatnam,35-44,Android,Google Ads
2672,2026-06-11,Delhi,25-34,Android,Push Notification
2673,2026-02-01,Delhi,45+,Android,Google Ads
2674,2026-03-11,Delhi,18-24,Android,YouTube
2675,2026-06-30,Delhi,45+,Android,Push Notification
2676,2026-05-19,Pune,25-34,Android,YouTube
2677,2026-04-11,Visakhapatnam,35-44,iOS,Referral
2678,2026-05-12,Mumbai,18-24,Android,Referral
2679,2026-02-21,Hyderabad,35-44,iOS,YouTube
2680,2026-05-01,Chennai,35-44,Android,Google Ads
2681,2026-04-15,Pune,35-44,Android,Push Notification
2682,2026-05-17,Pune,25-34,Android,Referral
2683,2026-04-11,Bengaluru,18-24,Android,YouTube
2684,2026-01-07,Chennai,25-34,Android,Referral
2685,2026-05-25,Hyderabad,35-44,Android,Push Notification
2686,2026-01-22,Hyderabad,25-34,Android,Referral
2687,2026-06-01,Visakhapatnam,18-24,Android,YouTube
2688,2026-05-02,Pune,25-34,Android,Referral
2689,2026-03-06,Chennai,35-44,iOS,Google Ads
2690,2026-01-10,Bengaluru,45+,iOS,Instagram
2691,2026-06-26,Visakhapatnam,45+,Android,Instagram
2692,2026-06-16,Visakhapatnam,35-44,Android,Referral
2693,2026-05-12,Pune,18-24,iOS,Referral
2694,2026-06-29,Hyderabad,45+,Android,Organic
2695,2026-02-11,Pune,18-24,Android,Referral
2696,2026-01-30,Hyderabad,45+,Android,Push Notification
2697,2026-05-15,Chennai,25-34,iOS,YouTube
2698,2026-04-18,Chennai,18-24,Android,Referral
2699,2026-03-17,Mumbai,35-44,Android,YouTube
2700,2026-04-06,Pune,25-34,Android,YouTube
2701,2026-06-25,Visakhapatnam,35-44,Android,Instagram
2702,2026-05-01,Chennai,25-34,iOS,Push Notification
2703,2026-02-04,Visakhapatnam,45+,Android,Referral
2704,2026-02-15,Visakhapatnam,45+,Android,Organic
2705,2026-03-21,Mumbai,25-34,Android,Organic
2706,2026-05-18,Chennai,35-44,Android,YouTube
2707,2026-04-30,Pune,25-34,Android,Push Notification
2708,2026-05-24,Visakhapatnam,35-44,Android,Google Ads
2709,2026-03-12,Bengaluru,45+,Android,Instagram
2710,2026-04-05,Pune,45+,iOS,YouTube
2711,2026-05-19,Mumbai,25-34,Android,Google Ads
2712,2026-01-27,Mumbai,25-34,Android,Instagram
2713,2026-05-25,Hyderabad,25-34,iOS,YouTube
2714,2026-06-15,Delhi,45+,Android,YouTube
2715,2026-06-04,Bengaluru,45+,Android,Organic
2716,2026-03-01,Visakhapatnam,18-24,iOS,YouTube
2717,2026-02-07,Visakhapatnam,25-34,Android,Organic
2718,2026-03-24,Hyderabad,18-24,Android,Referral
2719,2026-04-19,Mumbai,45+,Android,YouTube
2720,2026-01-31,Visakhapatnam,45+,Android,Referral
2721,2026-06-30,Chennai,35-44,Android,YouTube
2722,2026-03-23,Pune,18-24,iOS,Google Ads
2723,2026-02-12,Mumbai,35-44,iOS,Referral
2724,2026-05-24,Chennai,45+,Android,Instagram
2725,2026-06-25,Hyderabad,45+,Android,Google Ads
2726,2026-01-07,Delhi,35-44,iOS,Push Notification
2727,2026-03-30,Mumbai,45+,Android,YouTube
2728,2026-02-18,Chennai,35-44,Android,Push Notification
2729,2026-01-03,Visakhapatnam,45+,Android,Google Ads
2730,2026-01-02,Pune,35-44,Android,Instagram
2731,2026-03-06,Pune,18-24,Android,Organic
2732,2026-06-15,Bengaluru,45+,Android,Push Notification
2733,2026-06-30,Bengaluru,35-44,Android,YouTube
2734,2026-01-08,Delhi,45+,iOS,Push Notification
2735,2026-04-27,Chennai,25-34,Android,Push Notification
2736,2026-05-20,Delhi,18-24,Android,Organic
2737,2026-06-06,Mumbai,25-34,iOS,Google Ads
2738,2026-02-03,Hyderabad,45+,iOS,Organic
2739,2026-01-15,Chennai,18-24,Android,YouTube
2740,2026-03-13,Delhi,25-34,Android,Push Notification
2741,2026-01-05,Bengaluru,35-44,iOS,Google Ads
2742,2026-05-31,Mumbai,35-44,Android,Push Notification
2743,2026-04-14,Chennai,18-24,Android,YouTube
2744,2026-02-07,Mumbai,35-44,Android,Referral
2745,2026-01-12,Bengaluru,25-34,Android,Referral
2746,2026-02-14,Mumbai,18-24,Android,YouTube
2747,2026-03-31,Hyderabad,35-44,Android,Push Notification
2748,2026-01-23,Pune,45+,Android,Organic
2749,2026-02-16,Mumbai,18-24,Android,YouTube
2750,2026-06-10,Hyderabad,25-34,iOS,Google Ads
2751,2026-06-13,Bengaluru,45+,Android,Push Notification
2752,2026-03-05,Bengaluru,25-34,iOS,Push Notification
2753,2026-02-03,Bengaluru,18-24,Android,Instagram
2754,2026-02-15,Bengaluru,25-34,Android,Referral
2755,2026-02-27,Delhi,25-34,Android,Google Ads
2756,2026-02-15,Bengaluru,35-44,Android,Instagram
2757,2026-01-24,Chennai,35-44,Android,Instagram
2758,2026-06-14,Pune,45+,iOS,Push Notification
2759,2026-02-13,Hyderabad,45+,Android,YouTube
2760,2026-02-23,Mumbai,45+,Android,Push Notification
2761,2026-03-15,Visakhapatnam,35-44,Android,YouTube
2762,2026-05-22,Delhi,35-44,Android,Google Ads
2763,2026-03-08,Visakhapatnam,45+,Android,Organic
2764,2026-05-13,Mumbai,25-34,Android,Referral
2765,2026-05-31,Bengaluru,35-44,Android,Push Notification
2766,2026-05-31,Hyderabad,35-44,iOS,Push Notification
2767,2026-04-02,Delhi,18-24,Android,Referral
2768,2026-03-27,Bengaluru,18-24,Android,Instagram
2769,2026-03-20,Visakhapatnam,45+,Android,Organic
2770,2026-04-23,Delhi,45+,Android,Push Notification
2771,2026-04-22,Mumbai,45+,Android,Google Ads
2772,2026-03-06,Mumbai,35-44,Android,Referral
2773,2026-06-23,Chennai,35-44,Android,Google Ads
2774,2026-05-10,Hyderabad,45+,Android,Instagram
2775,2026-05-28,Chennai,18-24,Android,Google Ads
2776,2026-03-18,Pune,25-34,iOS,YouTube
2777,2026-02-05,Visakhapatnam,35-44,iOS,Organic
2778,2026-01-24,Bengaluru,25-34,iOS,Referral
2779,2026-04-12,Visakhapatnam,45+,Android,Google Ads
2780,2026-02-21,Visakhapatnam,35-44,Android,Google Ads
2781,2026-03-02,Delhi,25-34,Android,Push Notification
2782,2026-03-04,Visakhapatnam,35-44,Android,Google Ads
2783,2026-03-30,Hyderabad,45+,Android,Referral
2784,2026-06-28,Visakhapatnam,45+,Android,Referral
2785,2026-06-30,Visakhapatnam,18-24,Android,Instagram
2786,2026-02-04,Chennai,35-44,iOS,Push Notification
2787,2026-04-19,Pune,45+,Android,Instagram
2788,2026-05-06,Mumbai,18-24,Android,YouTube
2789,2026-02-15,Delhi,25-34,Android,Instagram
2790,2026-05-09,Delhi,18-24,Android,Referral
2791,2026-01-20,Mumbai,25-34,Android,Google Ads
2792,2026-01-12,Visakhapatnam,35-44,Android,Instagram
2793,2026-04-09,Mumbai,25-34,Android,Instagram
2794,2026-03-21,Chennai,45+,Android,Referral
2795,2026-02-15,Visakhapatnam,45+,Android,Organic
2796,2026-04-30,Delhi,18-24,Android,Push Notification
2797,2026-01-26,Mumbai,45+,iOS,Organic
2798,2026-02-11,Bengaluru,25-34,Android,Referral
2799,2026-06-25,Chennai,18-24,Android,Push Notification
2800,2026-04-13,Chennai,18-24,Android,Instagram
2801,2026-06-12,Hyderabad,45+,Android,Referral
2802,2026-03-27,Delhi,35-44,Android,Google Ads
2803,2026-04-19,Pune,45+,iOS,Organic
2804,2026-02-08,Hyderabad,35-44,iOS,Push Notification
2805,2026-06-01,Bengaluru,25-34,Android,YouTube
2806,2026-04-27,Chennai,18-24,Android,Organic
2807,2026-02-01,Delhi,45+,Android,Organic
2808,2026-06-03,Mumbai,35-44,Android,Instagram
2809,2026-06-22,Bengaluru,18-24,Android,Google Ads
2810,2026-03-17,Bengaluru,45+,Android,Instagram
2811,2026-03-18,Mumbai,18-24,Android,Instagram
2812,2026-01-10,Pune,45+,Android,Organic
2813,2026-05-17,Hyderabad,25-34,iOS,Push Notification
2814,2026-05-07,Chennai,35-44,Android,Referral
2815,2026-06-26,Pune,25-34,iOS,Push Notification
2816,2026-05-15,Pune,45+,Android,Instagram
2817,2026-04-06,Hyderabad,25-34,Android,Push Notification
2818,2026-06-13,Delhi,18-24,Android,Push Notification
2819,2026-01-21,Bengaluru,35-44,Android,Organic
2820,2026-02-17,Mumbai,35-44,iOS,Push Notification
2821,2026-01-21,Delhi,45+,iOS,Google Ads
2822,2026-05-27,Bengaluru,35-44,Android,YouTube
2823,2026-03-04,Mumbai,18-24,Android,Referral
2824,2026-02-25,Delhi,45+,Android,Push Notification
2825,2026-02-17,Bengaluru,18-24,Android,Google Ads
2826,2026-06-23,Bengaluru,35-44,Android,Google Ads
2827,2026-01-05,Delhi,45+,Android,Instagram
2828,2026-03-10,Chennai,35-44,Android,Google Ads
2829,2026-01-05,Mumbai,35-44,Android,YouTube
2830,2026-03-15,Mumbai,45+,Android,Push Notification
2831,2026-06-02,Bengaluru,45+,Android,YouTube
2832,2026-01-04,Bengaluru,35-44,Android,Referral
2833,2026-02-08,Chennai,45+,Android,Push Notification
2834,2026-02-13,Mumbai,45+,Android,Organic
2835,2026-06-19,Delhi,18-24,Android,YouTube
2836,2026-03-30,Hyderabad,25-34,iOS,YouTube
2837,2026-04-05,Bengaluru,35-44,iOS,Referral
2838,2026-06-22,Chennai,18-24,Android,YouTube
2839,2026-02-12,Pune,35-44,Android,Referral
2840,2026-01-06,Delhi,35-44,Android,Referral
2841,2026-03-02,Chennai,25-34,Android,Organic
2842,2026-01-25,Chennai,25-34,Android,Organic
2843,2026-05-27,Bengaluru,25-34,iOS,Push Notification
2844,2026-04-13,Pune,45+,Android,Google Ads
2845,2026-04-18,Pune,35-44,Android,Instagram
2846,2026-06-11,Hyderabad,35-44,Android,YouTube
2847,2026-04-11,Visakhapatnam,45+,Android,Referral
2848,2026-03-15,Delhi,45+,Android,Google Ads
2849,2026-04-13,Bengaluru,18-24,Android,Instagram
2850,2026-04-29,Mumbai,25-34,Android,Organic
2851,2026-04-09,Pune,45+,iOS,Referral
2852,2026-02-18,Mumbai,18-24,Android,Google Ads
2853,2026-06-06,Pune,18-24,Android,Push Notification
2854,2026-04-15,Hyderabad,35-44,Android,Google Ads
2855,2026-05-26,Mumbai,45+,Android,Instagram
2856,2026-01-06,Mumbai,45+,Android,Google Ads
2857,2026-02-11,Chennai,35-44,iOS,Google Ads
2858,2026-02-14,Chennai,25-34,Android,Instagram
2859,2026-01-17,Hyderabad,25-34,Android,Referral
2860,2026-03-04,Mumbai,45+,iOS,Google Ads
2861,2026-04-29,Pune,18-24,iOS,Instagram
2862,2026-02-10,Visakhapatnam,45+,iOS,Organic
2863,2026-01-02,Mumbai,18-24,Android,Referral
2864,2026-05-14,Chennai,45+,Android,Referral
2865,2026-03-08,Mumbai,18-24,iOS,YouTube
2866,2026-06-15,Pune,18-24,Android,Push Notification
2867,2026-01-16,Bengaluru,45+,iOS,Push Notification
2868,2026-01-11,Bengaluru,45+,iOS,YouTube
2869,2026-06-11,Mumbai,45+,Android,Organic
2870,2026-01-27,Visakhapatnam,35-44,iOS,YouTube
2871,2026-01-29,Mumbai,25-34,Android,Push Notification
2872,2026-03-28,Visakhapatnam,25-34,iOS,Google Ads
2873,2026-03-09,Hyderabad,35-44,Android,Organic
2874,2026-04-28,Mumbai,45+,iOS,Instagram
2875,2026-03-29,Bengaluru,45+,Android,Referral
2876,2026-06-29,Bengaluru,35-44,Android,Google Ads
2877,2026-02-07,Pune,35-44,Android,Instagram
2878,2026-05-25,Bengaluru,35-44,Android,Push Notification
2879,2026-02-10,Pune,35-44,Android,Referral
2880,2026-06-22,Bengaluru,25-34,iOS,Push Notification
2881,2026-02-02,Visakhapatnam,35-44,iOS,Instagram
2882,2026-06-13,Visakhapatnam,18-24,iOS,YouTube
2883,2026-03-19,Visakhapatnam,18-24,Android,Push Notification
2884,2026-05-11,Mumbai,45+,Android,Google Ads
2885,2026-03-30,Mumbai,25-34,Android,YouTube
2886,2026-03-22,Pune,35-44,Android,Referral
2887,2026-06-15,Visakhapatnam,45+,Android,Referral
2888,2026-01-04,Mumbai,18-24,Android,Instagram
2889,2026-02-22,Visakhapatnam,25-34,Android,Push Notification
2890,2026-01-31,Mumbai,25-34,Android,Referral
2891,2026-05-26,Mumbai,18-24,iOS,YouTube
2892,2026-02-28,Mumbai,25-34,Android,Organic
2893,2026-04-13,Mumbai,18-24,iOS,YouTube
2894,2026-01-18,Bengaluru,18-24,iOS,Organic
2895,2026-04-25,Pune,25-34,Android,Push Notification
2896,2026-02-16,Mumbai,25-34,Android,Push Notification
2897,2026-04-27,Visakhapatnam,18-24,iOS,Instagram
2898,2026-05-22,Bengaluru,18-24,iOS,Push Notification
2899,2026-01-17,Visakhapatnam,35-44,Android,Google Ads
2900,2026-03-04,Pune,45+,Android,YouTube
2901,2026-01-14,Bengaluru,18-24,Android,Organic
2902,2026-04-24,Hyderabad,45+,Android,YouTube
2903,2026-05-31,Visakhapatnam,45+,Android,Organic
2904,2026-05-29,Chennai,18-24,iOS,Referral
2905,2026-06-14,Visakhapatnam,45+,iOS,Instagram
2906,2026-04-15,Pune,35-44,Android,Google Ads
2907,2026-03-26,Pune,45+,Android,Push Notification
2908,2026-03-18,Bengaluru,25-34,Android,Push Notification
2909,2026-05-24,Pune,35-44,Android,Organic
2910,2026-02-16,Chennai,18-24,Android,YouTube
2911,2026-05-01,Chennai,25-34,Android,Referral
2912,2026-06-22,Bengaluru,18-24,iOS,Referral
2913,2026-03-29,Mumbai,25-34,Android,Organic
2914,2026-03-01,Visakhapatnam,35-44,Android,Instagram
2915,2026-05-16,Chennai,18-24,Android,YouTube
2916,2026-02-23,Pune,25-34,Android,Google Ads
2917,2026-04-12,Delhi,25-34,iOS,YouTube
2918,2026-06-19,Visakhapatnam,35-44,iOS,Referral
2919,2026-06-17,Pune,45+,iOS,Instagram
2920,2026-02-28,Bengaluru,45+,iOS,Instagram
2921,2026-04-05,Visakhapatnam,35-44,Android,Instagram
2922,2026-03-22,Chennai,35-44,Android,Referral
2923,2026-04-17,Hyderabad,45+,Android,Referral
2924,2026-04-01,Mumbai,25-34,iOS,Instagram
2925,2026-01-05,Delhi,25-34,Android,Push Notification
2926,2026-03-07,Bengaluru,35-44,Android,Referral
2927,2026-04-08,Bengaluru,25-34,iOS,YouTube
2928,2026-05-09,Chennai,35-44,Android,Google Ads
2929,2026-02-11,Bengaluru,45+,iOS,YouTube
2930,2026-05-01,Hyderabad,45+,Android,Push Notification
2931,2026-05-05,Visakhapatnam,35-44,iOS,YouTube
2932,2026-04-07,Hyderabad,18-24,Android,Instagram
2933,2026-03-12,Pune,35-44,Android,Instagram
2934,2026-01-29,Chennai,25-34,iOS,Organic
2935,2026-03-25,Delhi,45+,iOS,Google Ads
2936,2026-05-31,Bengaluru,25-34,Android,Referral
2937,2026-03-04,Bengaluru,35-44,Android,Instagram
2938,2026-06-26,Hyderabad,25-34,iOS,Organic
2939,2026-06-29,Mumbai,35-44,iOS,Instagram
2940,2026-04-25,Mumbai,25-34,Android,Referral
2941,2026-02-28,Chennai,35-44,Android,Push Notification
2942,2026-06-30,Bengaluru,35-44,Android,Organic
2943,2026-02-05,Hyderabad,45+,Android,Referral
2944,2026-01-13,Delhi,18-24,iOS,YouTube
2945,2026-04-06,Hyderabad,45+,iOS,YouTube
2946,2026-03-25,Delhi,45+,Android,Instagram
2947,2026-06-12,Hyderabad,18-24,Android,YouTube
2948,2026-01-29,Pune,25-34,iOS,Organic
2949,2026-05-27,Chennai,25-34,iOS,Push Notification
2950,2026-04-21,Delhi,35-44,Android,Push Notification
2951,2026-02-08,Mumbai,35-44,Android,Push Notification
2952,2026-05-28,Bengaluru,45+,Android,Push Notification
2953,2026-04-21,Hyderabad,45+,Android,Organic
2954,2026-06-09,Delhi,45+,Android,Google Ads
2955,2026-03-24,Chennai,25-34,Android,Google Ads
2956,2026-05-30,Mumbai,35-44,Android,Push Notification
2957,2026-06-20,Visakhapatnam,35-44,iOS,Push Notification
2958,2026-05-28,Visakhapatnam,25-34,iOS,Google Ads
2959,2026-03-20,Visakhapatnam,18-24,Android,YouTube
2960,2026-01-11,Delhi,25-34,Android,Organic
2961,2026-03-25,Delhi,35-44,iOS,Push Notification
2962,2026-02-23,Visakhapatnam,35-44,Android,Instagram
2963,2026-03-01,Visakhapatnam,35-44,Android,Referral
2964,2026-02-01,Delhi,45+,Android,Push Notification
2965,2026-02-23,Chennai,18-24,Android,Referral
2966,2026-02-20,Visakhapatnam,45+,Android,Organic
2967,2026-01-24,Visakhapatnam,18-24,Android,Google Ads
2968,2026-01-31,Chennai,35-44,iOS,Instagram
2969,2026-04-17,Visakhapatnam,25-34,iOS,YouTube
2970,2026-04-03,Chennai,35-44,Android,Referral
2971,2026-01-05,Hyderabad,45+,iOS,Referral
2972,2026-01-26,Bengaluru,35-44,iOS,Organic
2973,2026-04-22,Delhi,35-44,Android,Push Notification
2974,2026-01-22,Mumbai,45+,iOS,Organic
2975,2026-03-12,Mumbai,35-44,Android,Google Ads
2976,2026-02-15,Pune,18-24,Android,Google Ads
2977,2026-02-05,Mumbai,45+,iOS,Organic
2978,2026-06-02,Delhi,25-34,iOS,Push Notification
2979,2026-03-17,Bengaluru,45+,iOS,Referral
2980,2026-02-14,Visakhapatnam,25-34,iOS,Push Notification
2981,2026-02-16,Bengaluru,18-24,iOS,Organic
2982,2026-05-08,Visakhapatnam,35-44,Android,Instagram
2983,2026-03-09,Pune,35-44,Android,Organic
2984,2026-03-26,Hyderabad,45+,Android,Google Ads
2985,2026-04-15,Hyderabad,45+,iOS,Push Notification
2986,2026-05-15,Visakhapatnam,25-34,Android,Instagram
2987,2026-02-27,Hyderabad,45+,iOS,Organic
2988,2026-05-02,Chennai,45+,iOS,YouTube
2989,2026-04-23,Visakhapatnam,18-24,Android,Referral
2990,2026-03-07,Visakhapatnam,35-44,Android,Instagram
2991,2026-06-07,Mumbai,18-24,Android,Push Notification
2992,2026-05-27,Visakhapatnam,25-34,Android,Google Ads
2993,2026-02-06,Visakhapatnam,18-24,iOS,Push Notification
2994,2026-04-14,Bengaluru,18-24,Android,Instagram
2995,2026-02-17,Mumbai,35-44,Android,Referral
2996,2026-06-21,Pune,35-44,iOS,Google Ads
2997,2026-03-25,Chennai,35-44,Android,YouTube
2998,2026-01-09,Mumbai,45+,Android,Google Ads
2999,2026-02-16,Hyderabad,25-34,Android,Google Ads
3000,2026-02-11,Chennai,35-44,Android,Referral
3001,2026-05-04,Delhi,35-44,Android,YouTube
3002,2026-04-14,Chennai,25-34,Android,Instagram
3003,2026-05-20,Chennai,18-24,iOS,Push Notification
3004,2026-05-12,Bengaluru,35-44,iOS,Google Ads
3005,2026-03-07,Bengaluru,45+,iOS,Referral
3006,2026-06-19,Hyderabad,35-44,iOS,Instagram
3007,2026-01-17,Delhi,35-44,Android,Organic
3008,2026-05-20,Visakhapatnam,18-24,Android,Referral
3009,2026-01-29,Hyderabad,35-44,Android,Instagram
3010,2026-03-20,Chennai,45+,Android,Organic
3011,2026-05-10,Visakhapatnam,45+,iOS,YouTube
3012,2026-02-19,Visakhapatnam,25-34,iOS,Google Ads
3013,2026-04-01,Pune,25-34,Android,YouTube
3014,2026-05-15,Hyderabad,35-44,Android,Push Notification
3015,2026-05-16,Visakhapatnam,35-44,Android,Push Notification
3016,2026-02-12,Mumbai,25-34,iOS,Push Notification
3017,2026-02-08,Pune,45+,iOS,Instagram
3018,2026-01-13,Chennai,35-44,Android,YouTube
3019,2026-04-18,Chennai,45+,Android,Push Notification
3020,2026-03-18,Hyderabad,18-24,Android,YouTube
3021,2026-06-21,Bengaluru,25-34,iOS,YouTube
3022,2026-06-02,Hyderabad,18-24,iOS,Google Ads
3023,2026-02-06,Chennai,25-34,iOS,Google Ads
3024,2026-04-11,Delhi,25-34,Android,Referral
3025,2026-06-01,Visakhapatnam,25-34,iOS,Organic
3026,2026-02-27,Bengaluru,25-34,iOS,Organic
3027,2026-05-30,Mumbai,25-34,Android,Google Ads
3028,2026-06-22,Bengaluru,35-44,Android,Organic
3029,2026-05-14,Bengaluru,18-24,iOS,YouTube
3030,2026-05-01,Visakhapatnam,45+,Android,Organic
3031,2026-05-19,Mumbai,45+,Android,Push Notification
3032,2026-03-29,Bengaluru,18-24,Android,Instagram
3033,2026-01-29,Mumbai,45+,Android,Google Ads
3034,2026-06-27,Delhi,45+,iOS,Google Ads
3035,2026-05-14,Hyderabad,18-24,iOS,YouTube
3036,2026-06-03,Delhi,35-44,Android,Push Notification
3037,2026-05-07,Delhi,45+,Android,Push Notification
3038,2026-01-27,Delhi,35-44,iOS,Push Notification
3039,2026-03-12,Bengaluru,35-44,Android,Instagram
3040,2026-04-02,Hyderabad,18-24,Android,Referral
3041,2026-03-04,Pune,45+,Android,Referral
3042,2026-06-20,Bengaluru,18-24,iOS,Push Notification
3043,2026-05-05,Pune,45+,Android,Push Notification
3044,2026-04-08,Hyderabad,18-24,Android,Push Notification
3045,2026-01-26,Pune,18-24,Android,Google Ads
3046,2026-04-03,Pune,45+,iOS,Push Notification
3047,2026-01-11,Bengaluru,45+,iOS,YouTube
3048,2026-05-14,Hyderabad,45+,iOS,Push Notification
3049,2026-04-21,Mumbai,18-24,Android,Google Ads
3050,2026-01-07,Mumbai,35-44,Android,Referral
3051,2026-01-08,Mumbai,45+,iOS,Instagram
3052,2026-04-02,Delhi,35-44,Android,Google Ads
3053,2026-03-12,Chennai,18-24,Android,Push Notification
3054,2026-06-12,Bengaluru,25-34,Android,YouTube
3055,2026-06-15,Bengaluru,45+,iOS,Google Ads
3056,2026-05-08,Delhi,18-24,Android,YouTube
3057,2026-05-18,Mumbai,25-34,Android,Instagram
3058,2026-01-26,Mumbai,18-24,Android,Instagram
3059,2026-06-09,Chennai,25-34,iOS,Google Ads
3060,2026-03-09,Delhi,45+,Android,Referral
3061,2026-04-03,Delhi,25-34,iOS,Instagram
3062,2026-01-05,Hyderabad,25-34,Android,YouTube
3063,2026-06-29,Mumbai,35-44,iOS,YouTube
3064,2026-02-15,Chennai,18-24,Android,Organic
3065,2026-06-03,Mumbai,45+,iOS,Google Ads
3066,2026-03-29,Pune,35-44,Android,Referral
3067,2026-01-27,Delhi,35-44,Android,Organic
3068,2026-03-24,Visakhapatnam,45+,iOS,Google Ads
3069,2026-05-21,Visakhapatnam,35-44,Android,Google Ads
3070,2026-06-27,Visakhapatnam,25-34,iOS,Referral
3071,2026-06-15,Delhi,25-34,Android,Instagram
3072,2026-03-04,Hyderabad,45+,iOS,Referral
3073,2026-05-23,Pune,25-34,Android,YouTube
3074,2026-05-29,Chennai,45+,iOS,Push Notification
3075,2026-04-04,Delhi,35-44,Android,Instagram
3076,2026-03-02,Bengaluru,35-44,Android,Push Notification
3077,2026-02-04,Bengaluru,25-34,iOS,YouTube
3078,2026-02-02,Hyderabad,45+,Android,Organic
3079,2026-06-04,Visakhapatnam,35-44,iOS,Push Notification
3080,2026-05-22,Delhi,25-34,Android,YouTube
3081,2026-01-14,Chennai,45+,Android,Referral
3082,2026-01-17,Visakhapatnam,18-24,Android,YouTube
3083,2026-06-16,Hyderabad,35-44,Android,Push Notification
3084,2026-02-07,Hyderabad,35-44,Android,Push Notification
3085,2026-03-12,Pune,35-44,iOS,Push Notification
3086,2026-01-08,Mumbai,45+,Android,Google Ads
3087,2026-04-12,Visakhapatnam,45+,Android,Push Notification
3088,2026-06-22,Bengaluru,35-44,Android,YouTube
3089,2026-04-15,Visakhapatnam,35-44,iOS,YouTube
3090,2026-01-14,Mumbai,35-44,Android,Organic
3091,2026-06-07,Hyderabad,45+,iOS,Push Notification
3092,2026-02-19,Visakhapatnam,25-34,iOS,Organic
3093,2026-06-16,Chennai,18-24,Android,Organic
3094,2026-04-14,Pune,45+,iOS,Referral
3095,2026-06-28,Chennai,25-34,iOS,Google Ads
3096,2026-01-25,Bengaluru,35-44,Android,Referral
3097,2026-03-06,Chennai,18-24,Android,Referral
3098,2026-02-21,Visakhapatnam,35-44,iOS,Push Notification
3099,2026-01-21,Bengaluru,45+,iOS,YouTube
3100,2026-03-07,Hyderabad,18-24,iOS,Organic
3101,2026-06-24,Bengaluru,18-24,Android,YouTube
3102,2026-01-04,Hyderabad,35-44,Android,Organic
3103,2026-05-26,Pune,35-44,iOS,Google Ads
3104,2026-02-18,Mumbai,45+,Android,Google Ads
3105,2026-03-30,Hyderabad,25-34,Android,YouTube
3106,2026-02-15,Chennai,25-34,Android,Referral
3107,2026-01-08,Pune,18-24,iOS,Organic
3108,2026-03-21,Bengaluru,18-24,Android,Google Ads
3109,2026-06-01,Pune,25-34,iOS,Referral
3110,2026-02-19,Pune,25-34,iOS,Instagram
3111,2026-04-27,Mumbai,45+,iOS,Organic
3112,2026-06-21,Pune,18-24,Android,Instagram
3113,2026-02-06,Visakhapatnam,45+,Android,Referral
3114,2026-01-11,Bengaluru,18-24,iOS,Referral
3115,2026-06-18,Mumbai,18-24,iOS,Organic
3116,2026-06-19,Mumbai,35-44,iOS,YouTube
3117,2026-05-28,Mumbai,45+,iOS,Push Notification
3118,2026-02-21,Bengaluru,35-44,Android,Google Ads
3119,2026-03-16,Mumbai,45+,Android,Referral
3120,2026-01-22,Chennai,18-24,Android,Instagram
3121,2026-05-24,Chennai,45+,Android,Instagram
3122,2026-06-25,Mumbai,18-24,Android,Organic
3123,2026-02-18,Hyderabad,35-44,iOS,Push Notification
3124,2026-05-27,Pune,25-34,Android,Push Notification
3125,2026-01-13,Pune,18-24,Android,Instagram
3126,2026-04-09,Visakhapatnam,35-44,iOS,Organic
3127,2026-06-25,Delhi,45+,iOS,YouTube
3128,2026-02-15,Pune,35-44,Android,Organic
3129,2026-02-24,Hyderabad,45+,iOS,Google Ads
3130,2026-03-23,Hyderabad,25-34,Android,YouTube
3131,2026-06-13,Pune,18-24,Android,Referral
3132,2026-02-22,Mumbai,18-24,iOS,Organic
3133,2026-03-03,Mumbai,35-44,iOS,Referral
3134,2026-02-28,Bengaluru,45+,Android,Google Ads
3135,2026-06-03,Visakhapatnam,35-44,iOS,Referral
3136,2026-06-24,Pune,35-44,Android,Push Notification
3137,2026-03-11,Chennai,18-24,Android,Referral
3138,2026-04-07,Bengaluru,25-34,iOS,Referral
3139,2026-03-06,Pune,18-24,Android,Referral
3140,2026-01-11,Mumbai,45+,Android,Push Notification
3141,2026-02-27,Hyderabad,18-24,Android,Referral
3142,2026-01-18,Visakhapatnam,35-44,Android,Push Notification
3143,2026-03-07,Mumbai,45+,Android,Instagram
3144,2026-03-14,Delhi,35-44,Android,Organic
3145,2026-04-12,Delhi,25-34,iOS,YouTube
3146,2026-05-08,Visakhapatnam,25-34,Android,Organic
3147,2026-05-01,Chennai,18-24,Android,Organic
3148,2026-04-10,Visakhapatnam,18-24,iOS,Organic
3149,2026-03-03,Chennai,35-44,Android,Google Ads
3150,2026-04-24,Pune,18-24,Android,YouTube
3151,2026-02-18,Delhi,25-34,iOS,Organic
3152,2026-05-26,Hyderabad,25-34,Android,Instagram
3153,2026-02-14,Bengaluru,45+,Android,Push Notification
3154,2026-01-15,Chennai,45+,Android,Instagram
3155,2026-05-10,Hyderabad,25-34,Android,Google Ads
3156,2026-03-27,Mumbai,45+,Android,Referral
3157,2026-01-18,Delhi,25-34,Android,Instagram
3158,2026-05-23,Visakhapatnam,25-34,Android,Instagram
3159,2026-01-15,Hyderabad,18-24,Android,YouTube
3160,2026-01-05,Pune,25-34,iOS,Instagram
3161,2026-04-05,Hyderabad,25-34,iOS,Push Notification
3162,2026-03-01,Hyderabad,45+,Android,Organic
3163,2026-04-10,Delhi,18-24,iOS,Push Notification
3164,2026-01-10,Pune,18-24,Android,Referral
3165,2026-05-27,Mumbai,45+,Android,YouTube
3166,2026-04-10,Chennai,25-34,Android,YouTube
3167,2026-03-06,Bengaluru,45+,Android,Google Ads
3168,2026-04-27,Pune,35-44,Android,Instagram
3169,2026-06-13,Mumbai,25-34,iOS,Referral
3170,2026-03-07,Visakhapatnam,35-44,iOS,Referral
3171,2026-03-18,Visakhapatnam,18-24,Android,Push Notification
3172,2026-05-19,Delhi,25-34,iOS,Google Ads
3173,2026-06-10,Bengaluru,25-34,iOS,Referral
3174,2026-04-17,Chennai,45+,Android,Referral
3175,2026-04-29,Bengaluru,35-44,Android,Referral
3176,2026-02-04,Mumbai,25-34,Android,Push Notification
3177,2026-02-18,Pune,25-34,iOS,Push Notification
3178,2026-06-18,Delhi,35-44,iOS,YouTube
3179,2026-04-15,Bengaluru,35-44,Android,Google Ads
3180,2026-05-01,Hyderabad,45+,Android,YouTube
3181,2026-04-16,Hyderabad,25-34,Android,YouTube
3182,2026-02-10,Mumbai,45+,iOS,Referral
3183,2026-02-16,Chennai,18-24,Android,Referral
3184,2026-05-26,Mumbai,25-34,Android,Push Notification
3185,2026-06-24,Pune,25-34,Android,YouTube
3186,2026-02-20,Visakhapatnam,45+,Android,Google Ads
3187,2026-02-03,Delhi,45+,Android,YouTube
3188,2026-05-16,Mumbai,18-24,Android,Organic
3189,2026-01-22,Hyderabad,18-24,iOS,Organic
3190,2026-03-26,Delhi,18-24,Android,Instagram
3191,2026-02-21,Mumbai,25-34,iOS,Instagram
3192,2026-01-17,Bengaluru,35-44,Android,Referral
3193,2026-05-02,Bengaluru,25-34,Android,Organic
3194,2026-05-24,Visakhapatnam,25-34,Android,Organic
3195,2026-05-17,Pune,45+,Android,YouTube
3196,2026-06-10,Chennai,35-44,Android,Google Ads
3197,2026-01-30,Mumbai,25-34,iOS,Organic
3198,2026-01-11,Visakhapatnam,45+,Android,Referral
3199,2026-02-13,Delhi,18-24,Android,Instagram
3200,2026-04-23,Pune,25-34,Android,Organic
3201,2026-05-06,Mumbai,35-44,iOS,Organic
3202,2026-04-05,Hyderabad,25-34,Android,Instagram
3203,2026-06-23,Chennai,25-34,Android,Push Notification
3204,2026-02-20,Mumbai,35-44,Android,Organic
3205,2026-04-01,Pune,45+,Android,YouTube
3206,2026-04-17,Visakhapatnam,35-44,iOS,Google Ads
3207,2026-05-12,Bengaluru,18-24,Android,Google Ads
3208,2026-01-14,Mumbai,25-34,iOS,Instagram
3209,2026-04-25,Chennai,35-44,Android,Push Notification
3210,2026-06-18,Chennai,18-24,Android,Organic
3211,2026-02-03,Delhi,18-24,iOS,Organic
3212,2026-03-19,Chennai,25-34,iOS,Referral
3213,2026-04-10,Hyderabad,35-44,Android,Instagram
3214,2026-04-04,Delhi,45+,Android,Instagram
3215,2026-02-03,Bengaluru,35-44,Android,Referral
3216,2026-03-14,Bengaluru,18-24,iOS,Push Notification
3217,2026-01-22,Delhi,35-44,iOS,Organic
3218,2026-01-06,Delhi,25-34,iOS,Organic
3219,2026-03-04,Hyderabad,25-34,Android,Google Ads
3220,2026-05-27,Delhi,25-34,iOS,Organic
3221,2026-01-03,Mumbai,18-24,iOS,Instagram
3222,2026-06-08,Hyderabad,25-34,Android,Referral
3223,2026-06-11,Delhi,35-44,iOS,Organic
3224,2026-06-06,Hyderabad,18-24,iOS,Google Ads
3225,2026-01-21,Visakhapatnam,18-24,iOS,Organic
3226,2026-01-01,Chennai,25-34,Android,Push Notification
3227,2026-01-21,Chennai,35-44,Android,Google Ads
3228,2026-05-02,Delhi,25-34,iOS,Referral
3229,2026-06-04,Mumbai,25-34,Android,Push Notification
3230,2026-06-23,Pune,18-24,Android,YouTube
3231,2026-01-02,Hyderabad,25-34,iOS,Instagram
3232,2026-02-06,Pune,25-34,Android,Push Notification
3233,2026-01-20,Visakhapatnam,25-34,iOS,Google Ads
3234,2026-02-11,Chennai,35-44,Android,YouTube
3235,2026-06-13,Bengaluru,25-34,Android,Instagram
3236,2026-03-03,Pune,18-24,Android,Push Notification
3237,2026-03-06,Bengaluru,25-34,Android,Organic
3238,2026-05-07,Bengaluru,18-24,Android,Referral
3239,2026-01-21,Mumbai,45+,Android,Push Notification
3240,2026-06-22,Hyderabad,35-44,Android,Instagram
3241,2026-06-28,Mumbai,18-24,Android,Push Notification
3242,2026-03-23,Chennai,35-44,iOS,Referral
3243,2026-04-05,Chennai,35-44,iOS,Instagram
3244,2026-05-20,Mumbai,25-34,Android,Google Ads
3245,2026-01-11,Mumbai,35-44,Android,Referral
3246,2026-03-25,Delhi,45+,Android,Referral
3247,2026-04-26,Visakhapatnam,25-34,iOS,Referral
3248,2026-04-18,Hyderabad,25-34,iOS,Referral
3249,2026-06-11,Visakhapatnam,45+,Android,Referral
3250,2026-06-19,Visakhapatnam,25-34,Android,Google Ads
3251,2026-02-25,Hyderabad,18-24,Android,Google Ads
3252,2026-03-11,Bengaluru,25-34,Android,Referral
3253,2026-02-10,Bengaluru,35-44,Android,Referral
3254,2026-06-05,Mumbai,45+,Android,Google Ads
3255,2026-05-05,Mumbai,18-24,Android,Organic
3256,2026-01-18,Bengaluru,45+,Android,Google Ads
3257,2026-03-02,Pune,45+,iOS,Referral
3258,2026-05-06,Hyderabad,35-44,Android,Instagram
3259,2026-06-11,Bengaluru,45+,Android,YouTube
3260,2026-02-03,Pune,35-44,Android,Instagram
3261,2026-06-26,Delhi,25-34,Android,Referral
3262,2026-01-17,Hyderabad,45+,Android,Google Ads
3263,2026-02-23,Bengaluru,25-34,iOS,Instagram
3264,2026-06-12,Chennai,35-44,Android,YouTube
3265,2026-03-26,Mumbai,25-34,iOS,Instagram
3266,2026-06-11,Pune,25-34,iOS,YouTube
3267,2026-03-02,Delhi,25-34,Android,Referral
3268,2026-01-05,Bengaluru,18-24,Android,Google Ads
3269,2026-06-09,Bengaluru,18-24,Android,Referral
3270,2026-06-04,Mumbai,35-44,Android,Referral
3271,2026-02-19,Delhi,35-44,iOS,Instagram
3272,2026-01-16,Chennai,25-34,Android,Organic
3273,2026-03-25,Bengaluru,45+,Android,Instagram
3274,2026-03-23,Chennai,35-44,Android,YouTube
3275,2026-02-21,Delhi,25-34,iOS,YouTube
3276,2026-06-04,Hyderabad,35-44,iOS,Push Notification
3277,2026-02-19,Pune,35-44,Android,Referral
3278,2026-04-19,Mumbai,18-24,Android,Google Ads
3279,2026-02-06,Bengaluru,18-24,Android,Push Notification
3280,2026-04-18,Hyderabad,35-44,Android,Google Ads
3281,2026-04-25,Mumbai,45+,Android,YouTube
3282,2026-04-24,Delhi,35-44,Android,Instagram
3283,2026-04-27,Bengaluru,25-34,iOS,Referral
3284,2026-03-14,Visakhapatnam,25-34,Android,Organic
3285,2026-02-01,Hyderabad,35-44,Android,Instagram
3286,2026-02-06,Bengaluru,45+,Android,Push Notification
3287,2026-04-22,Mumbai,35-44,Android,Instagram
3288,2026-06-06,Delhi,18-24,Android,Instagram
3289,2026-05-25,Delhi,18-24,iOS,Organic
3290,2026-02-03,Chennai,18-24,iOS,Google Ads
3291,2026-02-08,Hyderabad,25-34,iOS,Google Ads
3292,2026-01-24,Delhi,35-44,iOS,Instagram
3293,2026-01-21,Chennai,35-44,iOS,Referral
3294,2026-04-13,Pune,18-24,Android,Push Notification
3295,2026-04-12,Mumbai,25-34,Android,Organic
3296,2026-02-23,Chennai,25-34,Android,Instagram
3297,2026-02-28,Visakhapatnam,18-24,Android,YouTube
3298,2026-01-07,Hyderabad,25-34,Android,Organic
3299,2026-02-26,Delhi,25-34,iOS,Google Ads
3300,2026-05-09,Bengaluru,35-44,Android,Push Notification
3301,2026-06-21,Chennai,18-24,Android,Instagram
3302,2026-05-07,Hyderabad,45+,Android,Organic
3303,2026-02-21,Pune,18-24,Android,YouTube
3304,2026-05-06,Hyderabad,35-44,iOS,YouTube
3305,2026-04-05,Pune,25-34,Android,Google Ads
3306,2026-05-18,Hyderabad,35-44,Android,Instagram
3307,2026-05-11,Chennai,25-34,iOS,YouTube
3308,2026-03-07,Bengaluru,25-34,Android,Instagram
3309,2026-04-11,Hyderabad,35-44,Android,Referral
3310,2026-06-04,Mumbai,45+,Android,Organic
3311,2026-01-11,Chennai,18-24,iOS,Google Ads
3312,2026-02-21,Delhi,35-44,iOS,Push Notification
3313,2026-02-24,Pune,35-44,Android,Organic
3314,2026-06-15,Mumbai,25-34,Android,Instagram
3315,2026-02-25,Pune,18-24,Android,Google Ads
3316,2026-02-16,Delhi,35-44,Android,Push Notification
3317,2026-04-10,Mumbai,35-44,Android,Referral
3318,2026-06-04,Delhi,25-34,iOS,Referral
3319,2026-05-24,Pune,35-44,iOS,Push Notification
3320,2026-03-05,Hyderabad,18-24,iOS,Organic
3321,2026-06-08,Hyderabad,18-24,iOS,Organic
3322,2026-03-19,Chennai,45+,iOS,Google Ads
3323,2026-01-25,Hyderabad,35-44,Android,Google Ads
3324,2026-04-19,Mumbai,35-44,Android,Referral
3325,2026-06-17,Hyderabad,35-44,iOS,Organic
3326,2026-03-19,Visakhapatnam,35-44,Android,Google Ads
3327,2026-01-31,Mumbai,18-24,iOS,Referral
3328,2026-02-14,Hyderabad,18-24,Android,Google Ads
3329,2026-04-27,Delhi,35-44,Android,Push Notification
3330,2026-05-25,Chennai,18-24,iOS,Google Ads
3331,2026-02-25,Hyderabad,45+,Android,Organic
3332,2026-01-10,Chennai,45+,iOS,Referral
3333,2026-02-14,Hyderabad,18-24,Android,Instagram
3334,2026-03-14,Mumbai,45+,Android,Instagram
3335,2026-01-07,Mumbai,35-44,iOS,Google Ads
3336,2026-03-02,Mumbai,45+,iOS,Push Notification
3337,2026-01-12,Delhi,45+,Android,Push Notification
3338,2026-05-06,Delhi,25-34,iOS,Push Notification
3339,2026-01-13,Bengaluru,35-44,Android,Instagram
3340,2026-04-27,Delhi,45+,Android,Instagram
3341,2026-06-18,Bengaluru,25-34,Android,Push Notification
3342,2026-03-30,Chennai,25-34,Android,Instagram
3343,2026-04-30,Bengaluru,35-44,Android,Push Notification
3344,2026-05-07,Mumbai,45+,Android,Referral
3345,2026-01-23,Pune,35-44,iOS,Instagram
3346,2026-04-02,Mumbai,45+,Android,YouTube
3347,2026-06-24,Visakhapatnam,18-24,Android,Push Notification
3348,2026-02-07,Pune,35-44,Android,Push Notification
3349,2026-02-10,Delhi,25-34,iOS,Google Ads
3350,2026-06-27,Chennai,18-24,iOS,Organic
3351,2026-05-09,Pune,18-24,Android,YouTube
3352,2026-01-02,Bengaluru,25-34,iOS,Push Notification
3353,2026-03-27,Chennai,18-24,Android,Instagram
3354,2026-05-21,Chennai,45+,Android,Instagram
3355,2026-04-15,Mumbai,18-24,Android,Push Notification
3356,2026-04-27,Visakhapatnam,25-34,iOS,YouTube
3357,2026-01-28,Chennai,25-34,iOS,Push Notification
3358,2026-03-20,Visakhapatnam,45+,Android,Google Ads
3359,2026-05-19,Mumbai,18-24,iOS,Google Ads
3360,2026-01-07,Hyderabad,18-24,Android,Google Ads
3361,2026-02-17,Delhi,18-24,Android,Referral
3362,2026-01-31,Chennai,35-44,Android,Organic
3363,2026-06-28,Pune,35-44,Android,Instagram
3364,2026-02-23,Bengaluru,45+,Android,Referral
3365,2026-06-12,Pune,18-24,Android,Organic
3366,2026-05-08,Bengaluru,35-44,Android,Push Notification
3367,2026-05-02,Delhi,45+,iOS,Organic
3368,2026-04-19,Mumbai,35-44,iOS,Push Notification
3369,2026-05-06,Hyderabad,45+,Android,Referral
3370,2026-01-23,Chennai,35-44,Android,Organic
3371,2026-03-04,Mumbai,18-24,Android,Push Notification
3372,2026-03-28,Visakhapatnam,45+,Android,Instagram
3373,2026-05-22,Delhi,45+,Android,Referral
3374,2026-01-25,Hyderabad,25-34,Android,Push Notification
3375,2026-01-08,Pune,45+,Android,Google Ads
3376,2026-04-29,Bengaluru,45+,iOS,YouTube
3377,2026-06-17,Mumbai,18-24,Android,Organic
3378,2026-06-28,Pune,45+,Android,Referral
3379,2026-03-17,Delhi,25-34,Android,YouTube
3380,2026-03-26,Chennai,18-24,Android,Organic
3381,2026-02-20,Chennai,45+,Android,Referral
3382,2026-06-17,Visakhapatnam,45+,Android,Google Ads
3383,2026-02-27,Bengaluru,45+,Android,Referral
3384,2026-06-29,Hyderabad,18-24,Android,Google Ads
3385,2026-06-04,Pune,18-24,Android,Instagram
3386,2026-06-28,Chennai,18-24,iOS,Push Notification
3387,2026-04-05,Mumbai,18-24,Android,Organic
3388,2026-03-13,Chennai,45+,Android,Organic
3389,2026-03-09,Mumbai,35-44,Android,YouTube
3390,2026-03-04,Visakhapatnam,18-24,Android,Organic
3391,2026-05-27,Visakhapatnam,25-34,Android,YouTube
3392,2026-04-06,Pune,35-44,Android,Push Notification
3393,2026-02-17,Pune,45+,Android,Organic
3394,2026-03-01,Visakhapatnam,25-34,Android,Push Notification
3395,2026-06-29,Chennai,18-24,Android,YouTube
3396,2026-01-04,Hyderabad,35-44,Android,Organic
3397,2026-03-19,Delhi,25-34,Android,Google Ads
3398,2026-05-03,Delhi,25-34,Android,Referral
3399,2026-05-03,Chennai,25-34,Android,Referral
3400,2026-05-22,Mumbai,18-24,Android,Google Ads
3401,2026-05-11,Visakhapatnam,18-24,Android,Organic
3402,2026-05-25,Visakhapatnam,25-34,Android,Referral
3403,2026-06-10,Bengaluru,25-34,iOS,Referral
3404,2026-01-16,Delhi,45+,Android,Instagram
3405,2026-04-12,Hyderabad,25-34,Android,Instagram
3406,2026-04-11,Chennai,25-34,iOS,Google Ads
3407,2026-05-03,Pune,45+,Android,Push Notification
3408,2026-02-10,Visakhapatnam,35-44,Android,Organic
3409,2026-04-21,Pune,18-24,Android,YouTube
3410,2026-01-22,Mumbai,25-34,iOS,Organic
3411,2026-04-05,Bengaluru,45+,Android,Push Notification
3412,2026-03-29,Bengaluru,35-44,iOS,Referral
3413,2026-05-11,Chennai,45+,iOS,Push Notification
3414,2026-05-31,Mumbai,25-34,Android,Organic
3415,2026-06-27,Chennai,35-44,Android,YouTube
3416,2026-06-11,Hyderabad,35-44,Android,Instagram
3417,2026-03-15,Pune,25-34,Android,Instagram
3418,2026-03-03,Pune,25-34,Android,Instagram
3419,2026-02-19,Delhi,35-44,Android,Referral
3420,2026-03-13,Bengaluru,45+,Android,Google Ads
3421,2026-06-06,Delhi,25-34,iOS,Push Notification
3422,2026-03-17,Visakhapatnam,35-44,iOS,YouTube
3423,2026-03-24,Visakhapatnam,45+,Android,Google Ads
3424,2026-01-31,Mumbai,35-44,Android,Google Ads
3425,2026-06-03,Delhi,35-44,Android,Push Notification
3426,2026-05-08,Bengaluru,25-34,Android,Push Notification
3427,2026-03-11,Pune,45+,Android,Google Ads
3428,2026-03-07,Pune,18-24,Android,Referral
3429,2026-05-21,Chennai,18-24,Android,Instagram
3430,2026-05-07,Chennai,35-44,Android,Referral
3431,2026-02-20,Bengaluru,18-24,iOS,Push Notification
3432,2026-05-06,Pune,18-24,Android,Referral
3433,2026-03-22,Hyderabad,25-34,Android,Instagram
3434,2026-01-14,Hyderabad,18-24,Android,YouTube
3435,2026-05-18,Bengaluru,25-34,iOS,Push Notification
3436,2026-06-25,Chennai,25-34,Android,Push Notification
3437,2026-05-26,Hyderabad,18-24,Android,YouTube
3438,2026-03-12,Bengaluru,45+,Android,Google Ads
3439,2026-06-08,Pune,35-44,iOS,Instagram
3440,2026-03-02,Visakhapatnam,18-24,Android,Instagram
3441,2026-02-26,Visakhapatnam,45+,Android,YouTube
3442,2026-01-05,Visakhapatnam,18-24,Android,YouTube
3443,2026-03-11,Delhi,45+,Android,Google Ads
3444,2026-04-15,Visakhapatnam,25-34,Android,Google Ads
3445,2026-02-14,Visakhapatnam,35-44,Android,Google Ads
3446,2026-06-21,Bengaluru,45+,Android,YouTube
3447,2026-04-09,Chennai,25-34,Android,Organic
3448,2026-04-15,Mumbai,45+,Android,Push Notification
3449,2026-04-09,Delhi,45+,Android,Instagram
3450,2026-02-22,Mumbai,45+,Android,YouTube
3451,2026-03-29,Bengaluru,18-24,Android,YouTube
3452,2026-04-10,Delhi,45+,Android,Instagram
3453,2026-02-06,Mumbai,18-24,Android,Push Notification
3454,2026-06-24,Chennai,25-34,iOS,Google Ads
3455,2026-02-25,Bengaluru,35-44,Android,Google Ads
3456,2026-03-16,Visakhapatnam,45+,Android,Referral
3457,2026-01-07,Mumbai,25-34,Android,Organic
3458,2026-04-26,Mumbai,18-24,Android,Instagram
3459,2026-04-03,Chennai,18-24,Android,Push Notification
3460,2026-04-25,Chennai,18-24,Android,Instagram
3461,2026-02-28,Bengaluru,35-44,iOS,Instagram
3462,2026-05-03,Visakhapatnam,25-34,Android,YouTube
3463,2026-06-15,Pune,25-34,iOS,Referral
3464,2026-04-04,Hyderabad,25-34,Android,Google Ads
3465,2026-01-24,Pune,18-24,Android,YouTube
3466,2026-03-07,Chennai,25-34,Android,Referral
3467,2026-03-13,Delhi,25-34,Android,Instagram
3468,2026-02-12,Pune,18-24,Android,Organic
3469,2026-06-08,Hyderabad,25-34,Android,Referral
3470,2026-04-19,Visakhapatnam,25-34,Android,Google Ads
3471,2026-06-04,Mumbai,18-24,Android,Organic
3472,2026-03-10,Delhi,25-34,Android,Referral
3473,2026-05-22,Delhi,35-44,iOS,Google Ads
3474,2026-05-17,Visakhapatnam,25-34,iOS,Instagram
3475,2026-02-13,Delhi,35-44,Android,Organic
3476,2026-05-09,Pune,18-24,Android,Google Ads
3477,2026-01-13,Chennai,25-34,iOS,Google Ads
3478,2026-06-05,Delhi,35-44,Android,Instagram
3479,2026-04-29,Visakhapatnam,45+,Android,Organic
3480,2026-03-05,Visakhapatnam,18-24,Android,Referral
3481,2026-02-04,Hyderabad,35-44,Android,Referral
3482,2026-06-23,Delhi,45+,Android,Push Notification
3483,2026-04-14,Pune,45+,iOS,YouTube
3484,2026-04-01,Delhi,45+,iOS,YouTube
3485,2026-04-15,Visakhapatnam,45+,Android,Organic
3486,2026-02-22,Hyderabad,35-44,iOS,Organic
3487,2026-06-04,Chennai,45+,Android,Instagram
3488,2026-01-07,Bengaluru,45+,Android,Organic
3489,2026-02-25,Chennai,25-34,Android,YouTube
3490,2026-02-05,Mumbai,35-44,Android,Google Ads
3491,2026-01-05,Visakhapatnam,45+,Android,Referral
3492,2026-04-30,Mumbai,45+,Android,Google Ads
3493,2026-04-29,Visakhapatnam,45+,iOS,Google Ads
3494,2026-02-07,Mumbai,18-24,Android,Organic
3495,2026-03-31,Chennai,45+,iOS,Referral
3496,2026-01-20,Pune,35-44,Android,YouTube
3497,2026-05-22,Chennai,18-24,iOS,Referral
3498,2026-01-18,Bengaluru,35-44,Android,YouTube
3499,2026-02-12,Hyderabad,18-24,Android,Push Notification
3500,2026-05-24,Bengaluru,18-24,Android,Google Ads
3501,2026-06-11,Pune,35-44,Android,Referral
3502,2026-03-27,Delhi,45+,Android,Instagram
3503,2026-03-14,Bengaluru,18-24,iOS,YouTube
3504,2026-02-01,Chennai,45+,Android,YouTube
3505,2026-01-10,Mumbai,18-24,iOS,Google Ads
3506,2026-04-07,Bengaluru,45+,iOS,Push Notification
3507,2026-03-10,Visakhapatnam,25-34,iOS,Google Ads
3508,2026-01-24,Pune,45+,Android,Google Ads
3509,2026-01-11,Hyderabad,35-44,Android,Google Ads
3510,2026-02-19,Chennai,25-34,Android,Google Ads
3511,2026-04-20,Pune,35-44,iOS,Google Ads
3512,2026-01-01,Hyderabad,25-34,iOS,Instagram
3513,2026-05-04,Delhi,18-24,Android,Google Ads
3514,2026-06-22,Chennai,18-24,Android,Referral
3515,2026-03-29,Pune,35-44,iOS,Instagram
3516,2026-05-28,Pune,35-44,Android,Instagram
3517,2026-05-15,Visakhapatnam,35-44,iOS,Google Ads
3518,2026-02-27,Delhi,18-24,Android,Instagram
3519,2026-03-26,Pune,35-44,Android,Push Notification
3520,2026-04-14,Hyderabad,35-44,iOS,Instagram
3521,2026-01-28,Delhi,25-34,Android,Google Ads
3522,2026-03-05,Chennai,25-34,iOS,Push Notification
3523,2026-05-19,Pune,35-44,Android,Referral
3524,2026-04-18,Pune,35-44,Android,Google Ads
3525,2026-02-11,Pune,45+,iOS,Push Notification
3526,2026-01-17,Delhi,35-44,iOS,Organic
3527,2026-04-22,Chennai,45+,Android,Referral
3528,2026-01-08,Bengaluru,35-44,Android,Google Ads
3529,2026-05-05,Chennai,45+,Android,Referral
3530,2026-04-21,Delhi,25-34,Android,YouTube
3531,2026-02-12,Bengaluru,25-34,Android,YouTube
3532,2026-04-07,Delhi,18-24,Android,Organic
3533,2026-01-03,Visakhapatnam,45+,Android,Organic
3534,2026-06-28,Mumbai,25-34,iOS,Organic
3535,2026-05-01,Visakhapatnam,18-24,Android,Instagram
3536,2026-06-23,Mumbai,35-44,Android,Organic
3537,2026-01-11,Visakhapatnam,35-44,Android,Organic
3538,2026-05-30,Hyderabad,18-24,Android,Google Ads
3539,2026-02-13,Chennai,45+,Android,YouTube
3540,2026-03-16,Pune,18-24,iOS,Instagram
3541,2026-02-05,Hyderabad,45+,Android,Instagram
3542,2026-02-10,Mumbai,18-24,Android,Google Ads
3543,2026-06-26,Bengaluru,18-24,Android,Instagram
3544,2026-06-20,Visakhapatnam,45+,iOS,Instagram
3545,2026-05-11,Bengaluru,35-44,Android,Referral
3546,2026-04-18,Delhi,25-34,iOS,Instagram
3547,2026-06-20,Bengaluru,25-34,Android,Google Ads
3548,2026-06-30,Visakhapatnam,18-24,Android,YouTube
3549,2026-01-31,Visakhapatnam,18-24,iOS,Google Ads
3550,2026-02-08,Mumbai,18-24,Android,Instagram
3551,2026-06-26,Bengaluru,25-34,iOS,Referral
3552,2026-04-15,Hyderabad,35-44,iOS,Google Ads
3553,2026-05-02,Mumbai,18-24,Android,Referral
3554,2026-02-19,Bengaluru,18-24,Android,Instagram
3555,2026-04-10,Visakhapatnam,45+,Android,Referral
3556,2026-03-24,Chennai,25-34,iOS,Push Notification
3557,2026-04-19,Mumbai,35-44,iOS,YouTube
3558,2026-06-29,Visakhapatnam,18-24,iOS,Google Ads
3559,2026-03-06,Chennai,18-24,Android,Instagram
3560,2026-02-07,Hyderabad,25-34,Android,YouTube
3561,2026-05-07,Bengaluru,25-34,iOS,Referral
3562,2026-01-10,Delhi,18-24,Android,Push Notification
3563,2026-03-29,Delhi,35-44,Android,Organic
3564,2026-05-04,Delhi,25-34,Android,Instagram
3565,2026-06-24,Mumbai,35-44,Android,YouTube
3566,2026-06-01,Pune,25-34,Android,Push Notification
3567,2026-01-11,Chennai,35-44,Android,Referral
3568,2026-01-12,Bengaluru,35-44,Android,YouTube
3569,2026-06-10,Delhi,18-24,Android,Referral
3570,2026-04-29,Pune,25-34,iOS,YouTube
3571,2026-02-27,Chennai,35-44,Android,Push Notification
3572,2026-01-10,Delhi,25-34,Android,YouTube
3573,2026-03-07,Chennai,35-44,Android,Google Ads
3574,2026-01-11,Visakhapatnam,45+,Android,Organic
3575,2026-04-21,Hyderabad,18-24,iOS,Instagram
3576,2026-05-18,Delhi,45+,Android,Push Notification
3577,2026-06-13,Delhi,35-44,iOS,Push Notification
3578,2026-01-14,Chennai,25-34,Android,YouTube
3579,2026-03-15,Delhi,18-24,iOS,Referral
3580,2026-05-24,Mumbai,35-44,Android,Push Notification
3581,2026-02-21,Hyderabad,45+,Android,Push Notification
3582,2026-03-04,Chennai,18-24,Android,Push Notification
3583,2026-03-08,Visakhapatnam,35-44,Android,Referral
3584,2026-02-11,Chennai,25-34,iOS,Instagram
3585,2026-01-25,Delhi,35-44,Android,YouTube
3586,2026-06-27,Pune,18-24,Android,Google Ads
3587,2026-02-01,Delhi,18-24,iOS,Organic
3588,2026-03-11,Visakhapatnam,18-24,iOS,Instagram
3589,2026-02-01,Pune,45+,Android,Referral
3590,2026-06-21,Pune,35-44,iOS,Instagram
3591,2026-01-24,Bengaluru,25-34,Android,Google Ads
3592,2026-05-20,Bengaluru,18-24,iOS,YouTube
3593,2026-01-23,Hyderabad,25-34,Android,Google Ads
3594,2026-05-14,Delhi,25-34,Android,Push Notification
3595,2026-03-31,Hyderabad,35-44,iOS,Referral
3596,2026-01-27,Delhi,45+,Android,Google Ads
3597,2026-06-08,Mumbai,45+,iOS,Push Notification
3598,2026-06-28,Hyderabad,25-34,iOS,Referral
3599,2026-05-23,Delhi,45+,Android,Push Notification
3600,2026-04-05,Visakhapatnam,18-24,Android,Google Ads
3601,2026-01-01,Pune,35-44,Android,Push Notification
3602,2026-04-06,Mumbai,35-44,Android,Organic
3603,2026-03-22,Delhi,45+,Android,Organic
3604,2026-06-02,Pune,18-24,Android,Referral
3605,2026-05-07,Pune,35-44,Android,Organic
3606,2026-06-13,Bengaluru,25-34,Android,Referral
3607,2026-03-17,Hyderabad,18-24,Android,Instagram
3608,2026-06-20,Visakhapatnam,35-44,iOS,Google Ads
3609,2026-03-13,Bengaluru,45+,iOS,YouTube
3610,2026-04-04,Hyderabad,45+,Android,Instagram
3611,2026-04-15,Hyderabad,18-24,iOS,Instagram
3612,2026-02-17,Mumbai,18-24,iOS,YouTube
3613,2026-06-04,Pune,18-24,Android,Organic
3614,2026-03-09,Delhi,35-44,Android,Organic
3615,2026-02-16,Pune,25-34,Android,Organic
3616,2026-03-01,Hyderabad,35-44,Android,YouTube
3617,2026-05-19,Delhi,18-24,iOS,YouTube
3618,2026-05-28,Delhi,35-44,iOS,Push Notification
3619,2026-03-18,Hyderabad,45+,iOS,Organic
3620,2026-03-21,Chennai,18-24,Android,Instagram
3621,2026-01-14,Visakhapatnam,18-24,Android,YouTube
3622,2026-01-02,Hyderabad,45+,Android,Instagram
3623,2026-04-14,Pune,18-24,Android,YouTube
3624,2026-05-24,Delhi,25-34,Android,Google Ads
3625,2026-02-17,Mumbai,18-24,Android,Organic
3626,2026-05-01,Visakhapatnam,25-34,Android,Push Notification
3627,2026-05-11,Visakhapatnam,45+,Android,YouTube
3628,2026-03-11,Pune,25-34,Android,Google Ads
3629,2026-01-16,Chennai,25-34,Android,Referral
3630,2026-02-19,Delhi,35-44,Android,Referral
3631,2026-06-01,Chennai,35-44,Android,YouTube
3632,2026-02-01,Mumbai,45+,Android,YouTube
3633,2026-05-08,Hyderabad,18-24,Android,Google Ads
3634,2026-03-06,Mumbai,25-34,Android,Push Notification
3635,2026-05-29,Hyderabad,25-34,Android,Organic
3636,2026-03-01,Visakhapatnam,18-24,iOS,Push Notification
3637,2026-04-12,Visakhapatnam,25-34,Android,Organic
3638,2026-05-28,Hyderabad,25-34,iOS,Push Notification
3639,2026-01-04,Chennai,18-24,Android,Referral
3640,2026-02-06,Visakhapatnam,18-24,iOS,Instagram
3641,2026-04-16,Chennai,35-44,Android,Google Ads
3642,2026-06-12,Visakhapatnam,25-34,Android,Google Ads
3643,2026-06-20,Delhi,25-34,Android,Instagram
3644,2026-04-22,Hyderabad,35-44,Android,Referral
3645,2026-02-10,Hyderabad,18-24,iOS,YouTube
3646,2026-03-16,Visakhapatnam,45+,Android,Instagram
3647,2026-02-06,Bengaluru,35-44,Android,Organic
3648,2026-05-02,Delhi,18-24,Android,Instagram
3649,2026-03-19,Mumbai,25-34,Android,Push Notification
3650,2026-03-12,Delhi,45+,iOS,Instagram
3651,2026-02-11,Chennai,25-34,Android,Google Ads
3652,2026-01-05,Delhi,25-34,Android,Referral
3653,2026-02-26,Pune,25-34,Android,Push Notification
3654,2026-04-05,Pune,35-44,Android,Instagram
3655,2026-06-18,Pune,35-44,iOS,Organic
3656,2026-01-17,Pune,18-24,Android,Instagram
3657,2026-03-06,Delhi,25-34,iOS,Push Notification
3658,2026-05-23,Delhi,25-34,Android,YouTube
3659,2026-01-01,Visakhapatnam,18-24,Android,Push Notification
3660,2026-05-22,Chennai,35-44,Android,Google Ads
3661,2026-02-17,Hyderabad,35-44,iOS,Referral
3662,2026-03-06,Mumbai,35-44,Android,Push Notification
3663,2026-04-13,Mumbai,35-44,Android,Referral
3664,2026-06-09,Visakhapatnam,25-34,Android,Instagram
3665,2026-04-02,Chennai,25-34,Android,Referral
3666,2026-02-28,Chennai,18-24,Android,Organic
3667,2026-05-25,Visakhapatnam,25-34,Android,Organic
3668,2026-02-22,Chennai,45+,Android,Push Notification
3669,2026-01-19,Hyderabad,45+,iOS,Google Ads
3670,2026-02-24,Visakhapatnam,35-44,Android,Instagram
3671,2026-01-03,Pune,45+,Android,Instagram
3672,2026-06-14,Pune,45+,iOS,Organic
3673,2026-03-29,Visakhapatnam,18-24,Android,Instagram
3674,2026-06-03,Pune,25-34,Android,Push Notification
3675,2026-03-12,Pune,25-34,Android,Push Notification
3676,2026-01-02,Delhi,45+,iOS,Google Ads
3677,2026-04-16,Bengaluru,18-24,Android,YouTube
3678,2026-02-28,Pune,35-44,Android,Push Notification
3679,2026-03-31,Bengaluru,45+,Android,Google Ads
3680,2026-01-07,Mumbai,18-24,iOS,YouTube
3681,2026-01-06,Mumbai,35-44,Android,Google Ads
3682,2026-03-01,Mumbai,18-24,iOS,Google Ads
3683,2026-02-23,Visakhapatnam,25-34,Android,Organic
3684,2026-06-19,Chennai,25-34,Android,Organic
3685,2026-01-31,Mumbai,25-34,Android,Instagram
3686,2026-06-25,Chennai,25-34,Android,Google Ads
3687,2026-05-02,Chennai,18-24,Android,Organic
3688,2026-05-17,Visakhapatnam,45+,Android,Google Ads
3689,2026-02-24,Hyderabad,25-34,Android,Referral
3690,2026-02-28,Mumbai,25-34,Android,YouTube
3691,2026-05-23,Mumbai,35-44,iOS,Google Ads
3692,2026-06-02,Pune,25-34,iOS,Referral
3693,2026-02-14,Pune,45+,Android,Instagram
3694,2026-06-05,Visakhapatnam,18-24,Android,Instagram
3695,2026-04-07,Delhi,45+,iOS,YouTube
3696,2026-01-30,Delhi,25-34,iOS,Google Ads
3697,2026-06-29,Pune,18-24,Android,Referral
3698,2026-06-16,Pune,25-34,Android,Google Ads
3699,2026-05-18,Visakhapatnam,25-34,Android,Organic
3700,2026-05-11,Delhi,18-24,Android,YouTube
3701,2026-01-22,Bengaluru,18-24,Android,Instagram
3702,2026-05-21,Visakhapatnam,25-34,Android,Referral
3703,2026-02-22,Visakhapatnam,25-34,Android,Organic
3704,2026-05-13,Visakhapatnam,45+,Android,Push Notification
3705,2026-06-12,Pune,18-24,iOS,Instagram
3706,2026-04-28,Visakhapatnam,35-44,iOS,Instagram
3707,2026-01-08,Hyderabad,18-24,iOS,Push Notification
3708,2026-06-26,Hyderabad,18-24,Android,Google Ads
3709,2026-06-13,Pune,18-24,Android,Google Ads
3710,2026-05-04,Delhi,18-24,Android,YouTube
3711,2026-06-15,Bengaluru,18-24,iOS,Push Notification
3712,2026-06-04,Hyderabad,25-34,iOS,Instagram
3713,2026-04-08,Mumbai,18-24,iOS,YouTube
3714,2026-06-15,Bengaluru,35-44,Android,Organic
3715,2026-05-20,Delhi,25-34,Android,YouTube
3716,2026-05-19,Chennai,35-44,Android,Organic
3717,2026-02-08,Visakhapatnam,35-44,Android,Organic
3718,2026-03-22,Chennai,45+,Android,Referral
3719,2026-04-30,Hyderabad,18-24,Android,Organic
3720,2026-06-19,Bengaluru,25-34,Android,Push Notification
3721,2026-03-29,Hyderabad,35-44,iOS,Instagram
3722,2026-05-16,Visakhapatnam,45+,Android,Organic
3723,2026-03-02,Chennai,25-34,iOS,YouTube
3724,2026-02-28,Bengaluru,35-44,Android,Instagram
3725,2026-03-21,Delhi,25-34,iOS,Referral
3726,2026-01-11,Pune,18-24,Android,Organic
3727,2026-04-15,Visakhapatnam,25-34,Android,YouTube
3728,2026-05-23,Chennai,35-44,iOS,Organic
3729,2026-06-09,Delhi,25-34,Android,Organic
3730,2026-03-10,Delhi,18-24,iOS,Referral
3731,2026-03-06,Delhi,18-24,iOS,YouTube
3732,2026-01-02,Bengaluru,35-44,iOS,Push Notification
3733,2026-02-15,Pune,45+,Android,Google Ads
3734,2026-05-13,Visakhapatnam,45+,iOS,Google Ads
3735,2026-05-16,Mumbai,18-24,Android,Google Ads
3736,2026-02-09,Mumbai,18-24,Android,Referral
3737,2026-06-08,Mumbai,35-44,iOS,YouTube
3738,2026-05-27,Mumbai,35-44,Android,Google Ads
3739,2026-01-06,Visakhapatnam,45+,iOS,Google Ads
3740,2026-04-05,Mumbai,45+,Android,Instagram
3741,2026-03-06,Hyderabad,45+,iOS,Referral
3742,2026-03-16,Mumbai,45+,Android,Instagram
3743,2026-03-16,Delhi,18-24,Android,Google Ads
3744,2026-06-22,Bengaluru,35-44,Android,Google Ads
3745,2026-03-17,Visakhapatnam,18-24,Android,Referral
3746,2026-04-07,Bengaluru,45+,iOS,Instagram
3747,2026-05-12,Pune,18-24,iOS,Push Notification
3748,2026-01-28,Bengaluru,25-34,Android,YouTube
3749,2026-05-13,Visakhapatnam,35-44,Android,Google Ads
3750,2026-04-30,Pune,18-24,Android,Instagram
3751,2026-01-10,Bengaluru,18-24,iOS,Instagram
3752,2026-03-03,Visakhapatnam,25-34,Android,Instagram
3753,2026-02-19,Delhi,35-44,Android,Push Notification
3754,2026-02-01,Chennai,25-34,iOS,Organic
3755,2026-01-24,Hyderabad,45+,Android,Push Notification
3756,2026-02-01,Pune,18-24,Android,Google Ads
3757,2026-03-03,Pune,18-24,Android,Google Ads
3758,2026-05-07,Visakhapatnam,25-34,Android,Instagram
3759,2026-02-27,Hyderabad,45+,iOS,Push Notification
3760,2026-01-20,Hyderabad,45+,iOS,Instagram
3761,2026-04-10,Hyderabad,45+,iOS,Referral
3762,2026-05-22,Mumbai,18-24,Android,Google Ads
3763,2026-02-23,Delhi,18-24,iOS,Organic
3764,2026-05-31,Hyderabad,35-44,iOS,Organic
3765,2026-05-21,Visakhapatnam,18-24,Android,Referral
3766,2026-03-27,Chennai,45+,Android,Instagram
3767,2026-06-02,Hyderabad,45+,iOS,YouTube
3768,2026-06-24,Visakhapatnam,45+,Android,Instagram
3769,2026-02-04,Hyderabad,18-24,Android,Organic
3770,2026-02-01,Delhi,35-44,Android,Instagram
3771,2026-02-27,Visakhapatnam,45+,Android,Instagram
3772,2026-01-07,Pune,25-34,iOS,Referral
3773,2026-02-19,Visakhapatnam,25-34,iOS,YouTube
3774,2026-06-04,Pune,25-34,Android,Referral
3775,2026-03-12,Bengaluru,35-44,Android,Organic
3776,2026-03-07,Hyderabad,35-44,Android,YouTube
3777,2026-04-15,Mumbai,18-24,iOS,Push Notification
3778,2026-01-06,Delhi,35-44,Android,Referral
3779,2026-04-20,Chennai,18-24,Android,Organic
3780,2026-01-30,Mumbai,25-34,Android,Organic
3781,2026-01-11,Visakhapatnam,18-24,Android,Google Ads
3782,2026-04-03,Chennai,45+,iOS,Organic
3783,2026-01-07,Chennai,25-34,Android,Organic
3784,2026-03-24,Mumbai,25-34,Android,Google Ads
3785,2026-02-25,Bengaluru,35-44,Android,Referral
3786,2026-05-11,Pune,25-34,Android,Organic
3787,2026-05-05,Mumbai,45+,Android,YouTube
3788,2026-06-14,Visakhapatnam,25-34,iOS,Instagram
3789,2026-03-16,Mumbai,18-24,Android,Instagram
3790,2026-05-22,Hyderabad,45+,iOS,Instagram
3791,2026-03-18,Visakhapatnam,45+,iOS,YouTube
3792,2026-05-16,Visakhapatnam,45+,Android,Google Ads
3793,2026-06-15,Bengaluru,18-24,Android,Push Notification
3794,2026-04-05,Chennai,18-24,Android,Organic
3795,2026-05-10,Bengaluru,18-24,iOS,Instagram
3796,2026-05-27,Visakhapatnam,18-24,iOS,Referral
3797,2026-03-07,Pune,25-34,Android,YouTube
3798,2026-06-30,Pune,45+,iOS,YouTube
3799,2026-04-07,Delhi,35-44,iOS,Push Notification
3800,2026-06-04,Delhi,45+,Android,YouTube
3801,2026-03-17,Visakhapatnam,35-44,Android,Push Notification
3802,2026-05-26,Visakhapatnam,25-34,Android,Organic
3803,2026-03-17,Hyderabad,35-44,Android,Google Ads
3804,2026-02-14,Visakhapatnam,18-24,Android,Google Ads
3805,2026-03-17,Delhi,25-34,iOS,Referral
3806,2026-04-14,Pune,18-24,Android,Push Notification
3807,2026-01-06,Pune,45+,Android,Push Notification
3808,2026-01-31,Chennai,45+,iOS,Organic
3809,2026-06-14,Chennai,25-34,iOS,Instagram
3810,2026-05-24,Mumbai,25-34,Android,Google Ads
3811,2026-03-25,Mumbai,35-44,Android,YouTube
3812,2026-02-05,Mumbai,18-24,iOS,Instagram
3813,2026-01-01,Bengaluru,45+,iOS,Organic
3814,2026-02-06,Mumbai,45+,Android,YouTube
3815,2026-02-07,Chennai,35-44,Android,Google Ads
3816,2026-04-22,Mumbai,35-44,Android,YouTube
3817,2026-04-08,Pune,45+,Android,Push Notification
3818,2026-01-19,Delhi,25-34,Android,Referral
3819,2026-04-20,Hyderabad,25-34,iOS,YouTube
3820,2026-03-22,Pune,35-44,iOS,Organic
3821,2026-03-06,Delhi,25-34,iOS,Referral
3822,2026-05-19,Visakhapatnam,25-34,Android,Instagram
3823,2026-05-11,Bengaluru,18-24,iOS,Google Ads
3824,2026-05-03,Delhi,25-34,Android,Push Notification
3825,2026-05-12,Chennai,45+,iOS,Referral
3826,2026-01-17,Hyderabad,18-24,iOS,Referral
3827,2026-05-09,Visakhapatnam,18-24,Android,Google Ads
3828,2026-06-06,Bengaluru,18-24,Android,Organic
3829,2026-04-07,Pune,18-24,Android,Instagram
3830,2026-01-21,Bengaluru,18-24,iOS,Instagram
3831,2026-01-14,Chennai,45+,iOS,Push Notification
3832,2026-05-14,Visakhapatnam,45+,Android,Push Notification
3833,2026-02-06,Hyderabad,35-44,Android,Instagram
3834,2026-03-11,Hyderabad,45+,Android,YouTube
3835,2026-03-14,Chennai,25-34,Android,Referral
3836,2026-02-05,Mumbai,45+,iOS,Referral
3837,2026-06-21,Visakhapatnam,25-34,Android,YouTube
3838,2026-01-24,Mumbai,45+,iOS,Referral
3839,2026-04-09,Hyderabad,25-34,Android,YouTube
3840,2026-01-18,Delhi,35-44,Android,YouTube
3841,2026-06-22,Pune,35-44,Android,Google Ads
3842,2026-02-20,Visakhapatnam,45+,Android,Google Ads
3843,2026-03-22,Bengaluru,25-34,Android,Referral
3844,2026-01-28,Chennai,18-24,Android,Google Ads
3845,2026-02-12,Mumbai,18-24,Android,Google Ads
3846,2026-01-01,Chennai,18-24,Android,Referral
3847,2026-03-02,Delhi,35-44,Android,Referral
3848,2026-05-20,Pune,35-44,Android,Google Ads
3849,2026-02-25,Chennai,18-24,iOS,YouTube
3850,2026-03-17,Bengaluru,35-44,Android,Push Notification
3851,2026-02-13,Delhi,35-44,Android,Referral
3852,2026-03-17,Pune,18-24,iOS,Organic
3853,2026-04-21,Bengaluru,35-44,iOS,Google Ads
3854,2026-04-26,Visakhapatnam,35-44,iOS,Referral
3855,2026-05-01,Pune,18-24,iOS,Referral
3856,2026-05-08,Mumbai,25-34,iOS,Organic
3857,2026-01-04,Delhi,25-34,Android,Referral
3858,2026-05-31,Pune,25-34,Android,Google Ads
3859,2026-03-08,Pune,45+,Android,YouTube
3860,2026-03-29,Mumbai,45+,iOS,Push Notification
3861,2026-06-05,Chennai,25-34,iOS,Google Ads
3862,2026-05-19,Visakhapatnam,18-24,iOS,Google Ads
3863,2026-05-20,Mumbai,35-44,Android,Instagram
3864,2026-02-28,Pune,45+,iOS,Organic
3865,2026-05-07,Delhi,45+,Android,Organic
3866,2026-04-27,Chennai,18-24,Android,Referral
3867,2026-03-02,Chennai,25-34,iOS,Organic
3868,2026-04-04,Delhi,18-24,Android,Google Ads
3869,2026-01-22,Mumbai,25-34,Android,Push Notification
3870,2026-03-31,Bengaluru,25-34,Android,Referral
3871,2026-06-23,Delhi,35-44,Android,Instagram
3872,2026-05-19,Chennai,18-24,Android,Referral
3873,2026-05-26,Visakhapatnam,18-24,Android,Google Ads
3874,2026-01-19,Pune,25-34,Android,Referral
3875,2026-04-27,Delhi,18-24,Android,YouTube
3876,2026-06-24,Bengaluru,25-34,Android,YouTube
3877,2026-05-19,Bengaluru,18-24,iOS,Google Ads
3878,2026-01-10,Delhi,35-44,iOS,YouTube
3879,2026-06-27,Mumbai,25-34,Android,YouTube
3880,2026-04-21,Mumbai,35-44,Android,Instagram
3881,2026-06-15,Visakhapatnam,35-44,iOS,Instagram
3882,2026-06-06,Pune,18-24,Android,Instagram
3883,2026-03-30,Chennai,45+,iOS,Organic
3884,2026-06-27,Mumbai,45+,Android,Google Ads
3885,2026-03-02,Pune,45+,Android,Referral
3886,2026-02-20,Pune,25-34,Android,YouTube
3887,2026-04-26,Bengaluru,45+,iOS,YouTube
3888,2026-01-17,Mumbai,45+,Android,YouTube
3889,2026-05-07,Chennai,25-34,iOS,YouTube
3890,2026-04-22,Pune,45+,iOS,Google Ads
3891,2026-02-03,Bengaluru,25-34,Android,Push Notification
3892,2026-01-10,Delhi,35-44,Android,Organic
3893,2026-04-13,Mumbai,25-34,Android,Google Ads
3894,2026-04-05,Hyderabad,35-44,iOS,Push Notification
3895,2026-04-03,Delhi,45+,Android,YouTube
3896,2026-03-26,Mumbai,45+,Android,Organic
3897,2026-06-22,Hyderabad,25-34,Android,YouTube
3898,2026-02-15,Delhi,35-44,iOS,Instagram
3899,2026-03-06,Visakhapatnam,45+,Android,Referral
3900,2026-02-20,Visakhapatnam,35-44,iOS,YouTube
3901,2026-03-17,Visakhapatnam,25-34,Android,Google Ads
3902,2026-06-24,Pune,35-44,iOS,Google Ads
3903,2026-02-19,Pune,18-24,Android,Google Ads
3904,2026-03-08,Hyderabad,35-44,Android,Instagram
3905,2026-05-04,Visakhapatnam,35-44,Android,YouTube
3906,2026-02-13,Chennai,25-34,iOS,Google Ads
3907,2026-03-29,Pune,35-44,Android,YouTube
3908,2026-01-28,Pune,45+,Android,Organic
3909,2026-06-15,Chennai,35-44,iOS,YouTube
3910,2026-03-25,Hyderabad,35-44,iOS,Push Notification
3911,2026-03-15,Delhi,35-44,Android,Google Ads
3912,2026-03-20,Mumbai,18-24,iOS,YouTube
3913,2026-05-28,Hyderabad,18-24,iOS,YouTube
3914,2026-05-04,Visakhapatnam,18-24,Android,Push Notification
3915,2026-03-27,Pune,25-34,Android,Organic
3916,2026-01-23,Delhi,35-44,Android,Instagram
3917,2026-01-23,Bengaluru,35-44,Android,Instagram
3918,2026-03-25,Visakhapatnam,18-24,Android,Google Ads
3919,2026-04-04,Pune,25-34,iOS,Referral
3920,2026-05-15,Hyderabad,25-34,iOS,Referral
3921,2026-03-23,Hyderabad,18-24,iOS,Instagram
3922,2026-02-08,Mumbai,18-24,Android,Organic
3923,2026-01-10,Delhi,35-44,Android,Referral
3924,2026-06-07,Pune,18-24,Android,YouTube
3925,2026-05-02,Pune,18-24,Android,Google Ads
3926,2026-05-03,Hyderabad,35-44,Android,Google Ads
3927,2026-05-12,Pune,35-44,Android,Google Ads
3928,2026-03-26,Pune,45+,Android,Instagram
3929,2026-05-30,Pune,45+,iOS,Referral
3930,2026-05-18,Chennai,35-44,Android,Google Ads
3931,2026-02-05,Chennai,35-44,Android,Push Notification
3932,2026-06-21,Bengaluru,35-44,iOS,Referral
3933,2026-04-04,Delhi,35-44,iOS,YouTube
3934,2026-03-15,Visakhapatnam,25-34,Android,YouTube
3935,2026-01-31,Hyderabad,45+,iOS,Organic
3936,2026-02-04,Delhi,18-24,iOS,Organic
3937,2026-02-09,Delhi,35-44,Android,Google Ads
3938,2026-05-31,Mumbai,25-34,Android,Google Ads
3939,2026-02-03,Mumbai,18-24,iOS,Instagram
3940,2026-01-18,Visakhapatnam,18-24,Android,Referral
3941,2026-01-09,Pune,25-34,Android,Referral
3942,2026-05-23,Mumbai,25-34,Android,Instagram
3943,2026-03-19,Bengaluru,45+,Android,YouTube
3944,2026-05-06,Visakhapatnam,45+,iOS,Push Notification
3945,2026-02-26,Chennai,45+,iOS,Referral
3946,2026-03-16,Mumbai,45+,Android,Organic
3947,2026-02-03,Bengaluru,25-34,iOS,Instagram
3948,2026-02-23,Hyderabad,25-34,iOS,Google Ads
3949,2026-05-20,Delhi,18-24,iOS,Google Ads
3950,2026-01-17,Visakhapatnam,25-34,Android,Push Notification
3951,2026-01-02,Mumbai,35-44,Android,Organic
3952,2026-04-07,Mumbai,18-24,iOS,YouTube
3953,2026-03-04,Chennai,35-44,Android,Google Ads
3954,2026-05-22,Chennai,35-44,Android,Google Ads
3955,2026-05-01,Chennai,18-24,Android,Google Ads
3956,2026-02-16,Bengaluru,45+,Android,Instagram
3957,2026-04-03,Pune,35-44,Android,Referral
3958,2026-02-09,Delhi,18-24,Android,YouTube
3959,2026-01-24,Pune,45+,Android,Push Notification
3960,2026-05-22,Visakhapatnam,18-24,Android,YouTube
3961,2026-02-16,Mumbai,45+,iOS,Push Notification
3962,2026-05-01,Visakhapatnam,18-24,Android,Google Ads
3963,2026-02-20,Chennai,25-34,iOS,Push Notification
3964,2026-05-30,Visakhapatnam,18-24,Android,Google Ads
3965,2026-02-09,Pune,25-34,iOS,Google Ads
3966,2026-01-26,Mumbai,45+,iOS,Push Notification
3967,2026-05-30,Hyderabad,35-44,Android,YouTube
3968,2026-02-06,Visakhapatnam,25-34,Android,Instagram
3969,2026-06-29,Visakhapatnam,25-34,Android,Instagram
3970,2026-03-10,Chennai,18-24,Android,Push Notification
3971,2026-04-29,Mumbai,45+,Android,Referral
3972,2026-03-16,Visakhapatnam,18-24,Android,Instagram
3973,2026-03-06,Pune,45+,Android,Push Notification
3974,2026-01-30,Visakhapatnam,45+,Android,YouTube
3975,2026-04-23,Hyderabad,25-34,Android,Referral
3976,2026-01-18,Visakhapatnam,18-24,Android,Push Notification
3977,2026-06-02,Chennai,45+,iOS,Google Ads
3978,2026-05-06,Mumbai,35-44,Android,YouTube
3979,2026-05-13,Visakhapatnam,25-34,Android,Push Notification
3980,2026-01-26,Visakhapatnam,35-44,Android,Push Notification
3981,2026-01-14,Pune,25-34,Android,Organic
3982,2026-03-09,Delhi,45+,Android,Push Notification
3983,2026-04-30,Pune,45+,Android,Google Ads
3984,2026-06-27,Mumbai,35-44,Android,Instagram
3985,2026-02-17,Visakhapatnam,45+,iOS,Organic
3986,2026-02-21,Hyderabad,35-44,iOS,Google Ads
3987,2026-04-10,Mumbai,18-24,iOS,YouTube
3988,2026-03-24,Hyderabad,45+,Android,Google Ads
3989,2026-02-23,Delhi,18-24,Android,Google Ads
3990,2026-06-14,Pune,25-34,iOS,Push Notification
3991,2026-05-31,Mumbai,35-44,Android,Organic
3992,2026-03-19,Visakhapatnam,45+,Android,Push Notification
3993,2026-05-11,Visakhapatnam,18-24,Android,Google Ads
3994,2026-01-02,Pune,45+,iOS,Organic
3995,2026-02-23,Mumbai,45+,Android,Organic
3996,2026-02-07,Chennai,18-24,Android,Push Notification
3997,2026-02-08,Hyderabad,25-34,Android,Push Notification
3998,2026-06-29,Chennai,45+,Android,Push Notification
3999,2026-02-05,Hyderabad,18-24,Android,Push Notification
4000,2026-06-22,Hyderabad,18-24,Android,Referral
4001,2026-01-27,Visakhapatnam,25-34,Android,YouTube
4002,2026-01-09,Chennai,25-34,iOS,Push Notification
4003,2026-05-16,Delhi,45+,iOS,Google Ads
4004,2026-06-09,Mumbai,25-34,Android,YouTube
4005,2026-02-19,Chennai,45+,Android,YouTube
4006,2026-01-04,Mumbai,25-34,Android,Push Notification
4007,2026-03-19,Delhi,18-24,Android,Instagram
4008,2026-02-15,Hyderabad,18-24,Android,YouTube
4009,2026-06-24,Chennai,25-34,iOS,Organic
4010,2026-05-28,Mumbai,35-44,iOS,Google Ads
4011,2026-06-02,Bengaluru,45+,Android,YouTube
4012,2026-02-19,Mumbai,35-44,iOS,Instagram
4013,2026-04-08,Delhi,18-24,iOS,Push Notification
4014,2026-06-17,Hyderabad,25-34,iOS,YouTube
4015,2026-06-02,Bengaluru,25-34,iOS,YouTube
4016,2026-05-08,Delhi,18-24,iOS,Google Ads
4017,2026-04-27,Hyderabad,25-34,Android,Referral
4018,2026-04-02,Pune,35-44,Android,Referral
4019,2026-03-20,Delhi,25-34,Android,Organic
4020,2026-03-08,Hyderabad,25-34,Android,Referral
4021,2026-01-14,Chennai,18-24,Android,Google Ads
4022,2026-05-03,Visakhapatnam,45+,Android,Google Ads
4023,2026-06-03,Pune,18-24,Android,Push Notification
4024,2026-01-22,Chennai,45+,iOS,Organic
4025,2026-04-16,Visakhapatnam,25-34,Android,Instagram
4026,2026-05-16,Mumbai,18-24,Android,Instagram
4027,2026-02-10,Delhi,18-24,Android,Push Notification
4028,2026-03-15,Hyderabad,25-34,Android,Organic
4029,2026-06-07,Bengaluru,45+,iOS,YouTube
4030,2026-06-13,Chennai,35-44,Android,Instagram
4031,2026-06-09,Hyderabad,35-44,Android,Push Notification
4032,2026-03-31,Bengaluru,35-44,Android,Google Ads
4033,2026-03-05,Bengaluru,45+,iOS,Google Ads
4034,2026-03-06,Chennai,45+,Android,Organic
4035,2026-05-23,Hyderabad,18-24,iOS,YouTube
4036,2026-02-01,Hyderabad,25-34,Android,Push Notification
4037,2026-04-16,Pune,25-34,Android,Referral
4038,2026-03-12,Delhi,18-24,Android,Referral
4039,2026-05-13,Hyderabad,18-24,Android,Push Notification
4040,2026-06-21,Bengaluru,45+,Android,YouTube
4041,2026-01-08,Delhi,18-24,iOS,Push Notification
4042,2026-01-16,Chennai,18-24,Android,Organic
4043,2026-04-15,Chennai,18-24,Android,Referral
4044,2026-02-28,Bengaluru,18-24,iOS,Instagram
4045,2026-04-03,Pune,35-44,Android,Google Ads
4046,2026-04-13,Visakhapatnam,18-24,iOS,Organic
4047,2026-01-05,Pune,45+,Android,YouTube
4048,2026-05-16,Mumbai,35-44,Android,Push Notification
4049,2026-04-20,Pune,35-44,Android,Google Ads
4050,2026-01-31,Pune,18-24,Android,Push Notification
4051,2026-02-21,Pune,45+,Android,Referral
4052,2026-03-07,Delhi,45+,iOS,Referral
4053,2026-02-08,Hyderabad,35-44,Android,YouTube
4054,2026-03-03,Delhi,25-34,Android,Referral
4055,2026-01-05,Hyderabad,18-24,iOS,Referral
4056,2026-04-17,Chennai,18-24,Android,Instagram
4057,2026-06-10,Pune,18-24,iOS,Organic
4058,2026-01-13,Chennai,45+,Android,Organic
4059,2026-03-06,Hyderabad,18-24,iOS,Instagram
4060,2026-05-30,Visakhapatnam,18-24,iOS,YouTube
4061,2026-06-29,Delhi,35-44,Android,Instagram
4062,2026-03-05,Mumbai,18-24,Android,Google Ads
4063,2026-01-11,Bengaluru,18-24,iOS,Instagram
4064,2026-06-15,Delhi,45+,iOS,Referral
4065,2026-06-05,Pune,45+,Android,Push Notification
4066,2026-01-17,Visakhapatnam,45+,Android,Push Notification
4067,2026-01-31,Delhi,45+,Android,YouTube
4068,2026-03-16,Hyderabad,45+,iOS,Organic
4069,2026-02-08,Visakhapatnam,45+,Android,Organic
4070,2026-05-05,Chennai,35-44,Android,Google Ads
4071,2026-03-24,Chennai,25-34,Android,Push Notification
4072,2026-05-12,Mumbai,35-44,Android,Organic
4073,2026-06-06,Chennai,18-24,Android,Instagram
4074,2026-02-12,Chennai,25-34,Android,Referral
4075,2026-01-14,Pune,45+,iOS,YouTube
4076,2026-02-13,Hyderabad,18-24,Android,Google Ads
4077,2026-06-19,Mumbai,18-24,Android,Push Notification
4078,2026-06-10,Bengaluru,18-24,iOS,YouTube
4079,2026-01-22,Visakhapatnam,35-44,Android,YouTube
4080,2026-05-27,Pune,45+,iOS,Organic
4081,2026-01-22,Chennai,18-24,iOS,YouTube
4082,2026-05-09,Mumbai,35-44,iOS,YouTube
4083,2026-01-08,Delhi,18-24,iOS,Referral
4084,2026-03-08,Bengaluru,25-34,Android,Organic
4085,2026-04-26,Bengaluru,25-34,Android,Referral
4086,2026-05-10,Bengaluru,45+,iOS,YouTube
4087,2026-02-14,Hyderabad,18-24,Android,Organic
4088,2026-04-18,Chennai,35-44,Android,Organic
4089,2026-02-16,Delhi,25-34,Android,Organic
4090,2026-03-18,Pune,45+,Android,Push Notification
4091,2026-06-21,Hyderabad,25-34,Android,Referral
4092,2026-06-22,Delhi,35-44,iOS,YouTube
4093,2026-06-21,Chennai,25-34,Android,Referral
4094,2026-05-29,Mumbai,45+,Android,Organic
4095,2026-03-10,Hyderabad,35-44,Android,Organic
4096,2026-03-08,Delhi,18-24,iOS,Referral
4097,2026-01-29,Bengaluru,45+,Android,YouTube
4098,2026-06-14,Visakhapatnam,25-34,Android,Push Notification
4099,2026-06-26,Pune,25-34,Android,Referral
4100,2026-04-01,Hyderabad,45+,Android,Push Notification
4101,2026-06-21,Mumbai,45+,Android,Push Notification
4102,2026-01-12,Pune,45+,iOS,Instagram
4103,2026-06-06,Chennai,45+,Android,Push Notification
4104,2026-03-09,Pune,45+,Android,Referral
4105,2026-05-11,Bengaluru,25-34,Android,Organic
4106,2026-02-09,Pune,35-44,Android,Google Ads
4107,2026-02-10,Bengaluru,25-34,iOS,Referral
4108,2026-03-12,Pune,25-34,Android,YouTube
4109,2026-02-26,Bengaluru,45+,Android,YouTube
4110,2026-02-28,Pune,18-24,iOS,Google Ads
4111,2026-03-08,Chennai,45+,Android,YouTube
4112,2026-04-24,Pune,18-24,Android,YouTube
4113,2026-01-17,Hyderabad,35-44,Android,Organic
4114,2026-05-31,Delhi,25-34,Android,YouTube
4115,2026-06-13,Delhi,25-34,iOS,Google Ads
4116,2026-04-15,Hyderabad,25-34,Android,Push Notification
4117,2026-04-15,Hyderabad,35-44,Android,Google Ads
4118,2026-01-12,Bengaluru,35-44,Android,Organic
4119,2026-04-13,Bengaluru,18-24,iOS,Instagram
4120,2026-03-13,Delhi,35-44,Android,Instagram
4121,2026-02-01,Pune,18-24,Android,Push Notification
4122,2026-01-09,Delhi,25-34,Android,Instagram
4123,2026-01-08,Delhi,45+,Android,Organic
4124,2026-05-01,Delhi,45+,iOS,Push Notification
4125,2026-01-17,Delhi,25-34,iOS,YouTube
4126,2026-05-18,Pune,18-24,Android,Push Notification
4127,2026-01-01,Delhi,45+,Android,YouTube
4128,2026-02-07,Hyderabad,35-44,Android,Instagram
4129,2026-04-16,Pune,18-24,iOS,Instagram
4130,2026-06-09,Visakhapatnam,45+,Android,Instagram
4131,2026-05-20,Chennai,25-34,Android,YouTube
4132,2026-04-12,Mumbai,45+,Android,YouTube
4133,2026-04-08,Pune,35-44,Android,Organic
4134,2026-03-25,Bengaluru,35-44,iOS,Push Notification
4135,2026-01-13,Hyderabad,18-24,Android,Push Notification
4136,2026-06-03,Mumbai,25-34,Android,Push Notification
4137,2026-05-03,Bengaluru,25-34,Android,Referral
4138,2026-06-27,Hyderabad,35-44,Android,Referral
4139,2026-01-21,Chennai,18-24,Android,YouTube
4140,2026-05-18,Delhi,45+,Android,Instagram
4141,2026-03-05,Chennai,25-34,Android,YouTube
4142,2026-03-08,Bengaluru,35-44,Android,Referral
4143,2026-05-05,Hyderabad,18-24,Android,Push Notification
4144,2026-06-16,Pune,35-44,iOS,Instagram
4145,2026-05-16,Pune,35-44,Android,Instagram
4146,2026-04-07,Chennai,35-44,iOS,Push Notification
4147,2026-05-23,Pune,45+,Android,Referral
4148,2026-01-13,Bengaluru,45+,Android,Organic
4149,2026-03-21,Bengaluru,45+,iOS,Referral
4150,2026-04-24,Bengaluru,18-24,Android,Instagram
4151,2026-03-23,Visakhapatnam,25-34,iOS,YouTube
4152,2026-01-08,Chennai,25-34,Android,Instagram
4153,2026-03-08,Delhi,45+,iOS,Google Ads
4154,2026-06-12,Visakhapatnam,45+,Android,Instagram
4155,2026-01-14,Hyderabad,45+,Android,YouTube
4156,2026-06-05,Bengaluru,25-34,iOS,Organic
4157,2026-06-27,Mumbai,45+,Android,Google Ads
4158,2026-01-31,Visakhapatnam,25-34,Android,Referral
4159,2026-04-20,Chennai,45+,Android,Google Ads
4160,2026-03-22,Pune,18-24,Android,Organic
4161,2026-01-21,Visakhapatnam,35-44,iOS,Organic
4162,2026-01-24,Bengaluru,35-44,Android,YouTube
4163,2026-06-13,Chennai,18-24,Android,YouTube
4164,2026-01-04,Hyderabad,45+,Android,Referral
4165,2026-05-04,Mumbai,45+,iOS,Google Ads
4166,2026-02-20,Delhi,18-24,Android,YouTube
4167,2026-04-02,Chennai,18-24,iOS,Instagram
4168,2026-04-25,Visakhapatnam,45+,iOS,Google Ads
4169,2026-06-13,Delhi,45+,Android,Push Notification
4170,2026-01-29,Visakhapatnam,18-24,Android,Instagram
4171,2026-02-28,Mumbai,45+,Android,Referral
4172,2026-03-30,Mumbai,45+,iOS,YouTube
4173,2026-01-13,Chennai,35-44,iOS,Push Notification
4174,2026-02-13,Bengaluru,35-44,iOS,Google Ads
4175,2026-03-21,Visakhapatnam,18-24,Android,Push Notification
4176,2026-03-01,Pune,35-44,iOS,Instagram
4177,2026-03-10,Hyderabad,18-24,Android,Referral
4178,2026-03-07,Bengaluru,35-44,Android,Referral
4179,2026-03-28,Mumbai,25-34,iOS,Organic
4180,2026-01-29,Visakhapatnam,25-34,Android,Push Notification
4181,2026-04-25,Bengaluru,45+,Android,YouTube
4182,2026-01-22,Chennai,45+,iOS,Referral
4183,2026-02-22,Visakhapatnam,35-44,Android,Push Notification
4184,2026-02-12,Chennai,25-34,Android,YouTube
4185,2026-05-18,Chennai,25-34,iOS,Referral
4186,2026-04-01,Mumbai,18-24,Android,Organic
4187,2026-01-18,Pune,45+,iOS,Organic
4188,2026-03-07,Bengaluru,25-34,Android,YouTube
4189,2026-02-28,Bengaluru,25-34,Android,Google Ads
4190,2026-03-26,Delhi,25-34,iOS,Organic
4191,2026-01-10,Delhi,18-24,Android,Push Notification
4192,2026-04-12,Chennai,45+,Android,YouTube
4193,2026-01-18,Delhi,45+,Android,Google Ads
4194,2026-03-13,Bengaluru,35-44,iOS,Instagram
4195,2026-03-08,Bengaluru,45+,Android,YouTube
4196,2026-02-23,Delhi,35-44,Android,Referral
4197,2026-06-04,Pune,25-34,Android,YouTube
4198,2026-01-28,Hyderabad,35-44,Android,YouTube
4199,2026-02-01,Visakhapatnam,45+,iOS,YouTube
4200,2026-06-19,Bengaluru,45+,iOS,YouTube
4201,2026-05-29,Chennai,25-34,iOS,Push Notification
4202,2026-06-03,Hyderabad,35-44,iOS,Instagram
4203,2026-05-04,Pune,25-34,iOS,Organic
4204,2026-03-12,Delhi,45+,Android,Instagram
4205,2026-04-07,Visakhapatnam,18-24,iOS,Push Notification
4206,2026-06-03,Pune,45+,iOS,Google Ads
4207,2026-03-10,Visakhapatnam,25-34,iOS,Push Notification
4208,2026-02-27,Pune,45+,Android,Google Ads
4209,2026-03-02,Pune,18-24,Android,Organic
4210,2026-06-15,Mumbai,45+,Android,Google Ads
4211,2026-05-26,Visakhapatnam,25-34,Android,YouTube
4212,2026-01-13,Mumbai,25-34,Android,Organic
4213,2026-01-12,Delhi,18-24,Android,Google Ads
4214,2026-02-14,Hyderabad,18-24,Android,YouTube
4215,2026-04-09,Chennai,45+,Android,Organic
4216,2026-01-08,Pune,45+,iOS,Organic
4217,2026-01-03,Pune,18-24,iOS,Google Ads
4218,2026-04-06,Chennai,18-24,Android,Push Notification
4219,2026-03-02,Pune,35-44,iOS,Push Notification
4220,2026-03-04,Mumbai,18-24,Android,Organic
4221,2026-05-04,Bengaluru,45+,iOS,YouTube
4222,2026-06-14,Visakhapatnam,25-34,Android,Referral
4223,2026-05-31,Bengaluru,18-24,Android,Google Ads
4224,2026-01-05,Chennai,45+,iOS,Organic
4225,2026-04-05,Delhi,35-44,iOS,Push Notification
4226,2026-05-31,Chennai,45+,iOS,Instagram
4227,2026-01-06,Mumbai,18-24,Android,Push Notification
4228,2026-04-10,Chennai,35-44,Android,Organic
4229,2026-06-15,Chennai,35-44,Android,Organic
4230,2026-01-24,Mumbai,25-34,iOS,Organic
4231,2026-04-25,Pune,35-44,Android,YouTube
4232,2026-06-01,Bengaluru,45+,Android,YouTube
4233,2026-01-04,Bengaluru,25-34,Android,YouTube
4234,2026-02-21,Bengaluru,25-34,Android,Push Notification
4235,2026-05-26,Pune,45+,Android,YouTube
4236,2026-04-28,Delhi,18-24,Android,YouTube
4237,2026-04-21,Pune,18-24,Android,Push Notification
4238,2026-06-19,Mumbai,45+,iOS,Organic
4239,2026-04-04,Hyderabad,35-44,iOS,Referral
4240,2026-02-16,Bengaluru,45+,iOS,YouTube
4241,2026-04-27,Chennai,18-24,Android,Google Ads
4242,2026-02-02,Hyderabad,18-24,Android,Push Notification
4243,2026-04-02,Chennai,25-34,Android,Instagram
4244,2026-01-21,Pune,18-24,iOS,YouTube
4245,2026-04-05,Visakhapatnam,18-24,iOS,Instagram
4246,2026-03-27,Pune,35-44,iOS,Organic
4247,2026-04-28,Chennai,45+,Android,Organic
4248,2026-06-21,Mumbai,25-34,Android,Referral
4249,2026-06-04,Visakhapatnam,18-24,Android,Push Notification
4250,2026-06-15,Pune,25-34,Android,YouTube
4251,2026-06-01,Chennai,25-34,Android,Google Ads
4252,2026-02-11,Visakhapatnam,45+,Android,YouTube
4253,2026-01-20,Chennai,18-24,iOS,Instagram
4254,2026-04-04,Bengaluru,25-34,Android,YouTube
4255,2026-03-30,Mumbai,35-44,Android,Organic
4256,2026-03-23,Chennai,25-34,Android,YouTube
4257,2026-02-06,Visakhapatnam,35-44,Android,Organic
4258,2026-05-28,Hyderabad,18-24,Android,Referral
4259,2026-02-26,Mumbai,35-44,Android,Organic
4260,2026-04-28,Visakhapatnam,25-34,iOS,Instagram
4261,2026-05-01,Visakhapatnam,25-34,iOS,YouTube
4262,2026-03-25,Mumbai,35-44,Android,Organic
4263,2026-05-05,Pune,25-34,Android,Instagram
4264,2026-04-26,Visakhapatnam,18-24,Android,Referral
4265,2026-01-19,Chennai,35-44,Android,Organic
4266,2026-01-16,Delhi,35-44,iOS,Push Notification
4267,2026-06-28,Delhi,18-24,Android,YouTube
4268,2026-04-06,Hyderabad,25-34,iOS,Organic
4269,2026-06-18,Hyderabad,35-44,Android,Organic
4270,2026-01-12,Mumbai,35-44,Android,Referral
4271,2026-01-14,Delhi,25-34,Android,Organic
4272,2026-04-29,Hyderabad,45+,Android,Push Notification
4273,2026-01-04,Hyderabad,45+,Android,Push Notification
4274,2026-06-17,Hyderabad,35-44,Android,Instagram
4275,2026-06-28,Bengaluru,25-34,iOS,Google Ads
4276,2026-05-26,Pune,45+,Android,YouTube
4277,2026-05-27,Visakhapatnam,45+,Android,YouTube
4278,2026-03-07,Bengaluru,45+,iOS,Referral
4279,2026-01-23,Pune,25-34,iOS,Google Ads
4280,2026-03-21,Delhi,18-24,Android,Push Notification
4281,2026-01-19,Hyderabad,35-44,Android,Google Ads
4282,2026-04-01,Delhi,45+,Android,Google Ads
4283,2026-01-18,Chennai,35-44,Android,Push Notification
4284,2026-04-03,Chennai,35-44,Android,Google Ads
4285,2026-03-28,Delhi,25-34,Android,Organic
4286,2026-04-14,Delhi,35-44,iOS,Referral
4287,2026-01-10,Mumbai,45+,Android,YouTube
4288,2026-05-21,Visakhapatnam,35-44,iOS,YouTube
4289,2026-05-09,Visakhapatnam,35-44,iOS,Instagram
4290,2026-02-28,Chennai,35-44,Android,Google Ads
4291,2026-05-19,Hyderabad,35-44,Android,Referral
4292,2026-04-24,Bengaluru,18-24,Android,Referral
4293,2026-06-08,Bengaluru,35-44,Android,Referral
4294,2026-02-10,Visakhapatnam,25-34,iOS,Organic
4295,2026-06-02,Hyderabad,35-44,iOS,Instagram
4296,2026-01-28,Hyderabad,45+,Android,Instagram
4297,2026-01-08,Mumbai,18-24,iOS,Organic
4298,2026-01-22,Hyderabad,45+,iOS,Referral
4299,2026-01-25,Pune,18-24,Android,Instagram
4300,2026-06-30,Chennai,45+,Android,Push Notification
4301,2026-02-15,Visakhapatnam,18-24,Android,YouTube
4302,2026-04-05,Visakhapatnam,35-44,iOS,Instagram
4303,2026-06-28,Hyderabad,25-34,iOS,Organic
4304,2026-06-20,Visakhapatnam,25-34,Android,Instagram
4305,2026-05-25,Bengaluru,18-24,Android,Referral
4306,2026-06-29,Hyderabad,18-24,Android,Instagram
4307,2026-02-24,Delhi,25-34,iOS,Instagram
4308,2026-06-17,Mumbai,35-44,Android,YouTube
4309,2026-03-28,Hyderabad,45+,Android,Referral
4310,2026-01-26,Delhi,45+,iOS,Google Ads
4311,2026-04-29,Pune,18-24,iOS,Push Notification
4312,2026-06-01,Mumbai,35-44,Android,Google Ads
4313,2026-06-20,Delhi,18-24,Android,Referral
4314,2026-03-15,Mumbai,25-34,iOS,Push Notification
4315,2026-01-04,Visakhapatnam,18-24,Android,Instagram
4316,2026-02-02,Hyderabad,25-34,Android,YouTube
4317,2026-06-06,Mumbai,35-44,Android,YouTube
4318,2026-03-18,Mumbai,18-24,iOS,Push Notification
4319,2026-03-28,Pune,25-34,iOS,Instagram
4320,2026-03-30,Delhi,25-34,iOS,Push Notification
4321,2026-05-26,Bengaluru,25-34,Android,Referral
4322,2026-01-19,Hyderabad,18-24,Android,Referral
4323,2026-05-26,Pune,18-24,Android,Referral
4324,2026-05-27,Chennai,18-24,Android,Referral
4325,2026-04-23,Chennai,35-44,Android,Push Notification
4326,2026-03-03,Chennai,35-44,Android,Google Ads
4327,2026-02-25,Mumbai,25-34,Android,Instagram
4328,2026-03-20,Pune,35-44,iOS,Organic
4329,2026-01-01,Chennai,45+,Android,Google Ads
4330,2026-03-27,Bengaluru,18-24,Android,Push Notification
4331,2026-03-31,Delhi,18-24,Android,Google Ads
4332,2026-04-08,Bengaluru,35-44,Android,Referral
4333,2026-02-17,Bengaluru,18-24,Android,Instagram
4334,2026-02-17,Pune,18-24,Android,Push Notification
4335,2026-05-27,Mumbai,25-34,Android,Google Ads
4336,2026-03-20,Bengaluru,18-24,Android,Push Notification
4337,2026-01-09,Pune,18-24,Android,Referral
4338,2026-06-23,Hyderabad,35-44,Android,Push Notification
4339,2026-05-19,Pune,45+,Android,Google Ads
4340,2026-01-04,Visakhapatnam,18-24,Android,Referral
4341,2026-04-24,Visakhapatnam,25-34,Android,Organic
4342,2026-03-14,Mumbai,35-44,iOS,Referral
4343,2026-03-27,Delhi,45+,Android,YouTube
4344,2026-02-17,Hyderabad,25-34,Android,YouTube
4345,2026-04-19,Bengaluru,25-34,Android,Google Ads
4346,2026-03-03,Chennai,25-34,iOS,Push Notification
4347,2026-02-06,Chennai,35-44,Android,Google Ads
4348,2026-01-20,Bengaluru,45+,iOS,Organic
4349,2026-06-27,Pune,25-34,Android,Referral
4350,2026-01-30,Hyderabad,35-44,iOS,Google Ads
4351,2026-05-21,Hyderabad,25-34,Android,Push Notification
4352,2026-02-13,Hyderabad,25-34,Android,YouTube
4353,2026-02-01,Pune,45+,iOS,Push Notification
4354,2026-04-04,Pune,18-24,Android,Organic
4355,2026-05-09,Chennai,25-34,Android,Instagram
4356,2026-05-21,Pune,18-24,iOS,Instagram
4357,2026-05-26,Mumbai,45+,Android,Referral
4358,2026-02-12,Mumbai,18-24,Android,YouTube
4359,2026-01-12,Mumbai,18-24,iOS,Instagram
4360,2026-03-02,Chennai,25-34,Android,Referral
4361,2026-06-05,Visakhapatnam,45+,iOS,YouTube
4362,2026-03-12,Bengaluru,35-44,iOS,Push Notification
4363,2026-01-25,Pune,25-34,Android,Referral
4364,2026-02-11,Hyderabad,18-24,Android,Google Ads
4365,2026-06-07,Bengaluru,25-34,Android,Google Ads
4366,2026-02-04,Mumbai,25-34,Android,Organic
4367,2026-03-13,Bengaluru,45+,iOS,Push Notification
4368,2026-02-24,Mumbai,25-34,iOS,YouTube
4369,2026-01-29,Hyderabad,45+,iOS,Instagram
4370,2026-05-28,Pune,25-34,iOS,Push Notification
4371,2026-02-02,Mumbai,18-24,Android,Push Notification
4372,2026-02-23,Hyderabad,35-44,iOS,Push Notification
4373,2026-02-08,Visakhapatnam,25-34,Android,Referral
4374,2026-05-08,Bengaluru,25-34,Android,Organic
4375,2026-03-04,Bengaluru,25-34,Android,Google Ads
4376,2026-05-09,Hyderabad,45+,Android,Organic
4377,2026-04-15,Bengaluru,45+,Android,Push Notification
4378,2026-01-15,Bengaluru,25-34,iOS,Referral
4379,2026-04-27,Chennai,35-44,Android,YouTube
4380,2026-01-25,Pune,25-34,Android,Organic
4381,2026-06-25,Hyderabad,25-34,iOS,Organic
4382,2026-04-17,Mumbai,18-24,Android,Referral
4383,2026-06-05,Hyderabad,25-34,Android,YouTube
4384,2026-02-25,Hyderabad,18-24,Android,Push Notification
4385,2026-05-19,Delhi,35-44,Android,Referral
4386,2026-04-11,Visakhapatnam,25-34,Android,Google Ads
4387,2026-01-31,Chennai,45+,Android,Organic
4388,2026-04-04,Chennai,35-44,iOS,Referral
4389,2026-04-11,Chennai,18-24,Android,Push Notification
4390,2026-04-11,Visakhapatnam,18-24,Android,Referral
4391,2026-04-03,Bengaluru,18-24,Android,Instagram
4392,2026-03-07,Bengaluru,18-24,Android,Referral
4393,2026-04-11,Visakhapatnam,35-44,Android,Google Ads
4394,2026-02-27,Pune,45+,Android,Instagram
4395,2026-06-15,Pune,45+,Android,Google Ads
4396,2026-02-03,Delhi,25-34,Android,Referral
4397,2026-01-31,Hyderabad,35-44,iOS,Instagram
4398,2026-02-25,Delhi,45+,Android,Push Notification
4399,2026-03-29,Mumbai,35-44,Android,Google Ads
4400,2026-01-26,Mumbai,18-24,Android,Referral
4401,2026-06-02,Mumbai,18-24,iOS,Referral
4402,2026-02-07,Mumbai,25-34,iOS,Push Notification
4403,2026-01-22,Mumbai,45+,Android,Google Ads
4404,2026-05-24,Bengaluru,25-34,iOS,Push Notification
4405,2026-03-14,Chennai,25-34,iOS,Push Notification
4406,2026-01-15,Bengaluru,25-34,Android,Instagram
4407,2026-02-21,Delhi,18-24,iOS,Google Ads
4408,2026-01-20,Hyderabad,35-44,iOS,YouTube
4409,2026-05-08,Chennai,18-24,Android,Push Notification
4410,2026-03-10,Bengaluru,45+,iOS,Referral
4411,2026-06-26,Pune,35-44,Android,Referral
4412,2026-04-13,Pune,35-44,iOS,Push Notification
4413,2026-03-27,Visakhapatnam,35-44,iOS,Referral
4414,2026-04-05,Pune,45+,iOS,Instagram
4415,2026-04-11,Chennai,45+,iOS,Organic
4416,2026-04-21,Visakhapatnam,35-44,Android,Google Ads
4417,2026-03-29,Bengaluru,35-44,Android,Push Notification
4418,2026-01-03,Pune,35-44,iOS,YouTube
4419,2026-03-20,Pune,18-24,iOS,Google Ads
4420,2026-04-13,Pune,25-34,Android,Instagram
4421,2026-05-28,Chennai,45+,Android,Referral
4422,2026-02-16,Hyderabad,25-34,Android,Instagram
4423,2026-02-04,Visakhapatnam,35-44,iOS,YouTube
4424,2026-01-31,Bengaluru,25-34,Android,Instagram
4425,2026-01-14,Mumbai,35-44,Android,YouTube
4426,2026-02-20,Visakhapatnam,25-34,iOS,Organic
4427,2026-03-19,Delhi,35-44,iOS,Google Ads
4428,2026-01-15,Chennai,45+,Android,Referral
4429,2026-02-27,Hyderabad,18-24,Android,Push Notification
4430,2026-06-25,Mumbai,18-24,Android,YouTube
4431,2026-04-02,Visakhapatnam,25-34,iOS,Organic
4432,2026-04-05,Mumbai,45+,Android,YouTube
4433,2026-03-13,Bengaluru,25-34,Android,Push Notification
4434,2026-03-13,Mumbai,25-34,Android,YouTube
4435,2026-04-28,Bengaluru,35-44,iOS,Push Notification
4436,2026-06-23,Chennai,18-24,Android,Google Ads
4437,2026-06-14,Visakhapatnam,18-24,Android,Referral
4438,2026-03-29,Mumbai,25-34,Android,Referral
4439,2026-04-29,Chennai,25-34,Android,Referral
4440,2026-06-24,Bengaluru,45+,Android,Referral
4441,2026-01-01,Hyderabad,35-44,iOS,Push Notification
4442,2026-01-12,Delhi,35-44,iOS,Referral
4443,2026-05-18,Hyderabad,18-24,iOS,Instagram
4444,2026-03-25,Mumbai,18-24,Android,Google Ads
4445,2026-05-04,Delhi,25-34,iOS,Organic
4446,2026-03-21,Visakhapatnam,35-44,Android,Google Ads
4447,2026-01-31,Chennai,18-24,Android,Google Ads
4448,2026-05-27,Mumbai,18-24,iOS,Google Ads
4449,2026-04-12,Pune,18-24,Android,Google Ads
4450,2026-01-09,Visakhapatnam,18-24,Android,YouTube
4451,2026-03-30,Bengaluru,25-34,Android,Referral
4452,2026-02-15,Mumbai,18-24,Android,Google Ads
4453,2026-05-28,Mumbai,45+,iOS,Instagram
4454,2026-02-02,Mumbai,35-44,iOS,Instagram
4455,2026-06-18,Mumbai,25-34,iOS,Google Ads
4456,2026-02-13,Visakhapatnam,45+,Android,YouTube
4457,2026-02-18,Pune,25-34,Android,Instagram
4458,2026-05-02,Mumbai,25-34,iOS,Google Ads
4459,2026-02-03,Visakhapatnam,45+,Android,YouTube
4460,2026-03-31,Hyderabad,45+,Android,Organic
4461,2026-05-22,Chennai,18-24,Android,Referral
4462,2026-06-05,Chennai,18-24,iOS,Google Ads
4463,2026-02-21,Chennai,18-24,Android,Referral
4464,2026-02-01,Visakhapatnam,45+,Android,Push Notification
4465,2026-05-22,Visakhapatnam,25-34,iOS,Referral
4466,2026-06-20,Delhi,45+,iOS,Instagram
4467,2026-05-17,Delhi,35-44,iOS,Referral
4468,2026-02-21,Bengaluru,45+,iOS,Google Ads
4469,2026-02-07,Visakhapatnam,25-34,iOS,Google Ads
4470,2026-02-06,Visakhapatnam,18-24,Android,YouTube
4471,2026-03-16,Bengaluru,25-34,Android,Push Notification
4472,2026-05-25,Visakhapatnam,25-34,Android,Instagram
4473,2026-04-14,Hyderabad,45+,Android,YouTube
4474,2026-03-28,Visakhapatnam,35-44,Android,Referral
4475,2026-03-04,Delhi,45+,iOS,Google Ads
4476,2026-01-18,Delhi,18-24,Android,Instagram
4477,2026-04-12,Mumbai,45+,Android,Google Ads
4478,2026-01-02,Chennai,35-44,Android,YouTube
4479,2026-03-20,Delhi,18-24,Android,Instagram
4480,2026-02-08,Hyderabad,18-24,Android,Referral
4481,2026-02-14,Chennai,18-24,Android,Instagram
4482,2026-06-19,Chennai,25-34,Android,Push Notification
4483,2026-05-02,Mumbai,35-44,Android,Instagram
4484,2026-03-12,Delhi,45+,Android,Instagram
4485,2026-03-06,Pune,18-24,iOS,Push Notification
4486,2026-06-18,Hyderabad,35-44,Android,Push Notification
4487,2026-03-10,Hyderabad,18-24,Android,Push Notification
4488,2026-03-29,Bengaluru,45+,Android,YouTube
4489,2026-06-21,Hyderabad,45+,Android,Google Ads
4490,2026-06-01,Bengaluru,45+,Android,Instagram
4491,2026-02-17,Hyderabad,45+,iOS,Google Ads
4492,2026-01-05,Bengaluru,25-34,Android,Google Ads
4493,2026-06-20,Hyderabad,18-24,Android,Push Notification
4494,2026-05-08,Hyderabad,25-34,iOS,Organic
4495,2026-02-08,Bengaluru,18-24,iOS,YouTube
4496,2026-03-04,Delhi,45+,iOS,YouTube
4497,2026-04-14,Chennai,45+,Android,YouTube
4498,2026-05-14,Chennai,25-34,Android,Referral
4499,2026-05-06,Chennai,25-34,Android,YouTube
4500,2026-02-17,Visakhapatnam,45+,Android,Push Notification
4501,2026-01-08,Chennai,35-44,Android,YouTube
4502,2026-05-17,Pune,45+,Android,Referral
4503,2026-04-01,Visakhapatnam,25-34,iOS,Push Notification
4504,2026-05-27,Mumbai,35-44,Android,YouTube
4505,2026-01-24,Mumbai,45+,Android,Google Ads
4506,2026-01-08,Pune,35-44,Android,Organic
4507,2026-02-07,Hyderabad,25-34,Android,Organic
4508,2026-04-01,Delhi,18-24,iOS,Referral
4509,2026-04-07,Bengaluru,35-44,Android,Referral
4510,2026-03-14,Chennai,18-24,iOS,Organic
4511,2026-02-05,Chennai,45+,Android,Instagram
4512,2026-05-20,Mumbai,45+,Android,Instagram
4513,2026-05-27,Chennai,45+,iOS,Organic
4514,2026-04-18,Delhi,25-34,Android,Instagram
4515,2026-04-20,Mumbai,18-24,Android,Instagram
4516,2026-01-09,Hyderabad,45+,Android,Instagram
4517,2026-06-28,Visakhapatnam,45+,Android,YouTube
4518,2026-04-09,Bengaluru,45+,Android,Referral
4519,2026-04-23,Hyderabad,18-24,iOS,YouTube
4520,2026-06-16,Bengaluru,25-34,Android,Referral
4521,2026-02-27,Bengaluru,25-34,Android,Instagram
4522,2026-06-01,Chennai,18-24,Android,Instagram
4523,2026-01-29,Visakhapatnam,25-34,Android,Push Notification
4524,2026-02-22,Chennai,35-44,Android,Organic
4525,2026-03-22,Pune,35-44,iOS,YouTube
4526,2026-05-24,Delhi,35-44,Android,Instagram
4527,2026-03-14,Chennai,45+,Android,Instagram
4528,2026-03-09,Delhi,35-44,iOS,Instagram
4529,2026-03-07,Delhi,18-24,iOS,Instagram
4530,2026-06-06,Hyderabad,45+,Android,YouTube
4531,2026-05-31,Visakhapatnam,25-34,iOS,Instagram
4532,2026-03-12,Pune,45+,Android,YouTube
4533,2026-03-11,Chennai,35-44,Android,Push Notification
4534,2026-06-18,Mumbai,25-34,Android,Organic
4535,2026-06-01,Bengaluru,45+,Android,Push Notification
4536,2026-05-03,Mumbai,25-34,iOS,Push Notification
4537,2026-05-17,Mumbai,35-44,Android,Google Ads
4538,2026-01-27,Hyderabad,45+,Android,Push Notification
4539,2026-02-14,Hyderabad,45+,iOS,Referral
4540,2026-03-25,Bengaluru,35-44,Android,Push Notification
4541,2026-04-16,Bengaluru,35-44,Android,YouTube
4542,2026-02-03,Delhi,25-34,Android,Organic
4543,2026-01-11,Bengaluru,35-44,Android,Instagram
4544,2026-04-08,Hyderabad,25-34,iOS,Google Ads
4545,2026-05-26,Hyderabad,18-24,Android,Push Notification
4546,2026-04-02,Hyderabad,25-34,iOS,Google Ads
4547,2026-04-29,Bengaluru,45+,iOS,YouTube
4548,2026-06-30,Pune,45+,Android,YouTube
4549,2026-03-28,Mumbai,45+,iOS,YouTube
4550,2026-04-21,Delhi,18-24,iOS,YouTube
4551,2026-02-25,Hyderabad,35-44,iOS,YouTube
4552,2026-03-18,Visakhapatnam,35-44,Android,Referral
4553,2026-04-10,Visakhapatnam,18-24,Android,YouTube
4554,2026-05-21,Bengaluru,18-24,iOS,Instagram
4555,2026-02-16,Visakhapatnam,45+,Android,Push Notification
4556,2026-02-04,Hyderabad,25-34,Android,Referral
4557,2026-03-16,Visakhapatnam,35-44,Android,Push Notification
4558,2026-01-28,Hyderabad,35-44,Android,Referral
4559,2026-05-29,Chennai,45+,iOS,YouTube
4560,2026-01-08,Hyderabad,35-44,iOS,Google Ads
4561,2026-05-26,Delhi,35-44,Android,YouTube
4562,2026-01-13,Visakhapatnam,18-24,Android,Referral
4563,2026-04-23,Bengaluru,18-24,Android,Google Ads
4564,2026-01-10,Bengaluru,25-34,iOS,Organic
4565,2026-02-09,Visakhapatnam,35-44,iOS,Google Ads
4566,2026-02-11,Delhi,35-44,Android,Instagram
4567,2026-02-16,Chennai,35-44,iOS,Google Ads
4568,2026-02-20,Visakhapatnam,25-34,Android,Google Ads
4569,2026-06-09,Delhi,25-34,Android,Organic
4570,2026-02-04,Bengaluru,45+,Android,Organic
4571,2026-02-25,Visakhapatnam,18-24,Android,Google Ads
4572,2026-02-20,Bengaluru,45+,Android,Organic
4573,2026-06-27,Hyderabad,45+,iOS,Instagram
4574,2026-01-03,Chennai,45+,Android,Referral
4575,2026-06-06,Pune,35-44,iOS,Instagram
4576,2026-03-05,Mumbai,18-24,Android,Push Notification
4577,2026-04-05,Visakhapatnam,18-24,Android,Google Ads
4578,2026-03-01,Mumbai,35-44,iOS,Google Ads
4579,2026-03-02,Hyderabad,25-34,Android,Google Ads
4580,2026-01-12,Visakhapatnam,35-44,Android,YouTube
4581,2026-01-05,Hyderabad,45+,iOS,Google Ads
4582,2026-06-19,Delhi,25-34,Android,Instagram
4583,2026-01-15,Chennai,45+,iOS,Instagram
4584,2026-06-19,Pune,45+,iOS,Organic
4585,2026-05-02,Mumbai,45+,Android,Instagram
4586,2026-04-16,Hyderabad,25-34,iOS,Organic
4587,2026-04-09,Bengaluru,25-34,Android,Referral
4588,2026-02-09,Delhi,45+,Android,Instagram
4589,2026-05-10,Delhi,18-24,Android,Instagram
4590,2026-06-03,Hyderabad,35-44,Android,YouTube
4591,2026-03-14,Mumbai,35-44,iOS,Push Notification
4592,2026-02-07,Visakhapatnam,45+,Android,Google Ads
4593,2026-04-26,Pune,18-24,iOS,Organic
4594,2026-02-03,Hyderabad,18-24,iOS,Organic
4595,2026-05-16,Chennai,18-24,Android,Instagram
4596,2026-06-26,Pune,45+,iOS,Push Notification
4597,2026-06-07,Hyderabad,18-24,Android,Organic
4598,2026-05-05,Bengaluru,18-24,iOS,Google Ads
4599,2026-06-03,Visakhapatnam,35-44,Android,YouTube
4600,2026-06-08,Bengaluru,35-44,Android,Instagram
4601,2026-01-29,Chennai,18-24,Android,Google Ads
4602,2026-05-07,Chennai,35-44,Android,YouTube
4603,2026-04-27,Visakhapatnam,25-34,Android,Instagram
4604,2026-02-08,Visakhapatnam,18-24,Android,Referral
4605,2026-06-23,Bengaluru,35-44,Android,Push Notification
4606,2026-04-08,Delhi,25-34,iOS,Push Notification
4607,2026-01-01,Mumbai,25-34,Android,Instagram
4608,2026-03-17,Bengaluru,45+,iOS,Organic
4609,2026-03-20,Pune,45+,Android,YouTube
4610,2026-03-26,Hyderabad,35-44,Android,Google Ads
4611,2026-01-03,Delhi,35-44,Android,Referral
4612,2026-05-10,Mumbai,35-44,Android,Instagram
4613,2026-02-18,Delhi,45+,Android,YouTube
4614,2026-06-29,Visakhapatnam,45+,Android,Push Notification
4615,2026-02-23,Visakhapatnam,35-44,Android,Instagram
4616,2026-02-17,Chennai,45+,Android,Google Ads
4617,2026-02-10,Bengaluru,25-34,Android,Organic
4618,2026-04-13,Bengaluru,18-24,Android,YouTube
4619,2026-02-04,Hyderabad,35-44,Android,Google Ads
4620,2026-02-08,Pune,35-44,Android,Instagram
4621,2026-04-16,Visakhapatnam,18-24,Android,Instagram
4622,2026-03-22,Delhi,45+,Android,Google Ads
4623,2026-04-29,Mumbai,25-34,Android,Google Ads
4624,2026-06-09,Mumbai,35-44,Android,Google Ads
4625,2026-01-11,Chennai,45+,Android,Push Notification
4626,2026-03-08,Pune,18-24,Android,YouTube
4627,2026-03-28,Hyderabad,25-34,Android,Organic
4628,2026-02-27,Mumbai,18-24,Android,YouTube
4629,2026-05-17,Delhi,25-34,iOS,Google Ads
4630,2026-01-17,Delhi,18-24,Android,Google Ads
4631,2026-01-25,Delhi,25-34,iOS,Instagram
4632,2026-03-17,Pune,18-24,iOS,YouTube
4633,2026-02-09,Delhi,45+,Android,YouTube
4634,2026-05-08,Chennai,35-44,iOS,Organic
4635,2026-05-30,Hyderabad,35-44,Android,YouTube
4636,2026-01-15,Chennai,35-44,iOS,Google Ads
4637,2026-06-22,Hyderabad,18-24,iOS,Google Ads
4638,2026-05-26,Pune,45+,Android,YouTube
4639,2026-05-03,Visakhapatnam,35-44,Android,Push Notification
4640,2026-04-10,Mumbai,45+,Android,Referral
4641,2026-03-21,Delhi,18-24,Android,Push Notification
4642,2026-02-03,Visakhapatnam,35-44,Android,Organic
4643,2026-06-06,Visakhapatnam,45+,iOS,Google Ads
4644,2026-01-20,Visakhapatnam,25-34,Android,Push Notification
4645,2026-01-17,Hyderabad,35-44,Android,Instagram
4646,2026-05-17,Visakhapatnam,18-24,Android,Referral
4647,2026-05-11,Pune,18-24,Android,YouTube
4648,2026-04-25,Visakhapatnam,45+,Android,YouTube
4649,2026-06-06,Bengaluru,18-24,Android,YouTube
4650,2026-06-28,Visakhapatnam,18-24,iOS,Organic
4651,2026-01-15,Visakhapatnam,45+,Android,Organic
4652,2026-06-26,Mumbai,25-34,iOS,Organic
4653,2026-01-02,Bengaluru,25-34,iOS,YouTube
4654,2026-03-28,Visakhapatnam,45+,Android,Organic
4655,2026-01-01,Bengaluru,18-24,Android,Google Ads
4656,2026-03-11,Visakhapatnam,25-34,Android,Organic
4657,2026-04-01,Pune,25-34,iOS,YouTube
4658,2026-02-13,Mumbai,18-24,Android,Referral
4659,2026-05-17,Mumbai,45+,Android,Referral
4660,2026-04-22,Visakhapatnam,25-34,Android,YouTube
4661,2026-02-22,Delhi,45+,Android,Google Ads
4662,2026-02-24,Delhi,45+,Android,Push Notification
4663,2026-01-22,Pune,35-44,Android,Push Notification
4664,2026-05-19,Delhi,45+,Android,Referral
4665,2026-01-27,Visakhapatnam,45+,Android,Organic
4666,2026-01-01,Hyderabad,25-34,Android,YouTube
4667,2026-02-10,Visakhapatnam,25-34,iOS,Google Ads
4668,2026-01-26,Mumbai,25-34,Android,Google Ads
4669,2026-04-29,Mumbai,18-24,Android,Instagram
4670,2026-06-29,Hyderabad,45+,iOS,Referral
4671,2026-05-07,Chennai,18-24,Android,Referral
4672,2026-06-11,Mumbai,35-44,iOS,Google Ads
4673,2026-01-02,Mumbai,18-24,iOS,Instagram
4674,2026-03-05,Delhi,18-24,Android,Referral
4675,2026-06-05,Chennai,45+,Android,YouTube
4676,2026-06-27,Hyderabad,35-44,iOS,Referral
4677,2026-05-29,Delhi,25-34,Android,Instagram
4678,2026-03-31,Mumbai,45+,Android,Push Notification
4679,2026-01-05,Mumbai,25-34,iOS,Referral
4680,2026-04-05,Mumbai,45+,Android,Google Ads
4681,2026-06-06,Delhi,35-44,Android,Organic
4682,2026-02-05,Bengaluru,45+,Android,YouTube
4683,2026-05-10,Pune,25-34,Android,Google Ads
4684,2026-06-04,Bengaluru,45+,Android,Organic
4685,2026-04-24,Mumbai,35-44,iOS,YouTube
4686,2026-06-05,Hyderabad,45+,Android,Referral
4687,2026-02-06,Delhi,45+,Android,Instagram
4688,2026-01-17,Delhi,45+,Android,Referral
4689,2026-05-05,Hyderabad,18-24,Android,YouTube
4690,2026-04-28,Bengaluru,45+,Android,Instagram
4691,2026-06-25,Pune,35-44,Android,Organic
4692,2026-05-11,Visakhapatnam,35-44,Android,Referral
4693,2026-03-04,Bengaluru,45+,Android,Push Notification
4694,2026-03-29,Visakhapatnam,45+,iOS,YouTube
4695,2026-05-17,Hyderabad,45+,Android,YouTube
4696,2026-05-17,Hyderabad,35-44,Android,Organic
4697,2026-06-04,Visakhapatnam,45+,iOS,Instagram
4698,2026-02-13,Hyderabad,18-24,Android,Google Ads
4699,2026-04-28,Hyderabad,45+,Android,YouTube
4700,2026-06-04,Hyderabad,18-24,iOS,Google Ads
4701,2026-03-11,Pune,35-44,Android,Organic
4702,2026-02-26,Hyderabad,25-34,iOS,Organic
4703,2026-03-26,Chennai,35-44,Android,YouTube
4704,2026-05-22,Visakhapatnam,45+,Android,Push Notification
4705,2026-01-28,Pune,35-44,Android,Google Ads
4706,2026-01-04,Visakhapatnam,45+,iOS,Organic
4707,2026-01-13,Hyderabad,25-34,Android,Instagram
4708,2026-04-10,Delhi,45+,Android,YouTube
4709,2026-04-02,Mumbai,25-34,Android,Instagram
4710,2026-04-10,Bengaluru,18-24,Android,YouTube
4711,2026-02-19,Delhi,45+,iOS,Push Notification
4712,2026-03-17,Chennai,45+,Android,YouTube
4713,2026-05-03,Mumbai,18-24,Android,YouTube
4714,2026-05-01,Visakhapatnam,45+,iOS,Organic
4715,2026-01-08,Hyderabad,25-34,Android,Push Notification
4716,2026-02-01,Hyderabad,25-34,Android,Instagram
4717,2026-03-19,Bengaluru,25-34,Android,Organic
4718,2026-04-11,Chennai,35-44,Android,Referral
4719,2026-05-24,Chennai,35-44,Android,Organic
4720,2026-04-07,Visakhapatnam,25-34,Android,Instagram
4721,2026-06-06,Pune,45+,iOS,Google Ads
4722,2026-03-22,Chennai,25-34,Android,Google Ads
4723,2026-02-01,Pune,18-24,Android,Google Ads
4724,2026-06-12,Mumbai,35-44,Android,Organic
4725,2026-03-08,Chennai,35-44,Android,Referral
4726,2026-03-19,Pune,35-44,Android,Instagram
4727,2026-04-06,Pune,25-34,Android,Instagram
4728,2026-02-13,Hyderabad,25-34,Android,Instagram
4729,2026-01-02,Chennai,18-24,iOS,Instagram
4730,2026-03-27,Mumbai,35-44,Android,Google Ads
4731,2026-06-29,Delhi,18-24,Android,Google Ads
4732,2026-04-11,Visakhapatnam,25-34,iOS,Organic
4733,2026-05-01,Visakhapatnam,25-34,Android,Referral
4734,2026-05-07,Visakhapatnam,45+,iOS,YouTube
4735,2026-06-14,Pune,25-34,Android,YouTube
4736,2026-03-24,Mumbai,35-44,Android,Google Ads
4737,2026-02-16,Pune,35-44,Android,Instagram
4738,2026-02-05,Mumbai,35-44,Android,Organic
4739,2026-05-09,Bengaluru,45+,Android,Organic
4740,2026-04-25,Hyderabad,18-24,Android,Organic
4741,2026-05-16,Delhi,18-24,Android,YouTube
4742,2026-01-24,Bengaluru,45+,Android,Instagram
4743,2026-05-01,Visakhapatnam,35-44,Android,Instagram
4744,2026-02-06,Bengaluru,45+,iOS,Push Notification
4745,2026-03-17,Hyderabad,45+,Android,YouTube
4746,2026-03-18,Mumbai,45+,Android,Instagram
4747,2026-06-04,Visakhapatnam,18-24,Android,Referral
4748,2026-05-11,Pune,18-24,Android,Organic
4749,2026-05-16,Visakhapatnam,45+,Android,Organic
4750,2026-06-26,Visakhapatnam,25-34,iOS,YouTube
4751,2026-06-03,Visakhapatnam,45+,iOS,YouTube
4752,2026-05-02,Pune,25-34,iOS,YouTube
4753,2026-01-18,Bengaluru,25-34,Android,Referral
4754,2026-02-20,Hyderabad,35-44,iOS,Referral
4755,2026-02-17,Bengaluru,18-24,Android,Organic
4756,2026-04-24,Mumbai,35-44,Android,Push Notification
4757,2026-02-24,Bengaluru,25-34,Android,YouTube
4758,2026-01-13,Hyderabad,18-24,Android,Push Notification
4759,2026-05-03,Visakhapatnam,35-44,Android,Referral
4760,2026-05-08,Hyderabad,45+,Android,Referral
4761,2026-02-11,Pune,45+,Android,Organic
4762,2026-03-21,Visakhapatnam,25-34,iOS,Google Ads
4763,2026-05-31,Pune,35-44,iOS,Push Notification
4764,2026-04-21,Bengaluru,35-44,Android,YouTube
4765,2026-05-28,Pune,18-24,Android,Organic
4766,2026-01-13,Pune,35-44,Android,YouTube
4767,2026-01-05,Pune,25-34,iOS,Push Notification
4768,2026-03-29,Visakhapatnam,18-24,iOS,YouTube
4769,2026-06-02,Chennai,35-44,iOS,Google Ads
4770,2026-06-16,Bengaluru,45+,Android,YouTube
4771,2026-05-13,Bengaluru,45+,Android,Referral
4772,2026-02-13,Pune,35-44,iOS,Referral
4773,2026-03-26,Mumbai,35-44,iOS,Google Ads
4774,2026-05-13,Mumbai,18-24,iOS,Organic
4775,2026-02-15,Visakhapatnam,18-24,Android,YouTube
4776,2026-04-29,Mumbai,18-24,iOS,Instagram
4777,2026-05-16,Pune,25-34,Android,Referral
4778,2026-01-21,Chennai,18-24,iOS,YouTube
4779,2026-05-16,Bengaluru,35-44,iOS,Organic
4780,2026-03-10,Delhi,25-34,Android,Google Ads
4781,2026-05-14,Chennai,18-24,Android,Push Notification
4782,2026-02-25,Mumbai,18-24,Android,YouTube
4783,2026-03-29,Delhi,45+,iOS,Organic
4784,2026-01-21,Pune,25-34,Android,Referral
4785,2026-05-18,Hyderabad,35-44,iOS,Instagram
4786,2026-05-28,Hyderabad,18-24,iOS,YouTube
4787,2026-06-18,Delhi,25-34,iOS,Referral
4788,2026-04-30,Pune,18-24,Android,Google Ads
4789,2026-05-24,Delhi,45+,iOS,YouTube
4790,2026-02-23,Visakhapatnam,35-44,Android,Push Notification
4791,2026-03-22,Mumbai,18-24,iOS,Referral
4792,2026-01-04,Delhi,35-44,Android,Push Notification
4793,2026-04-12,Hyderabad,18-24,Android,Google Ads
4794,2026-05-30,Hyderabad,18-24,Android,YouTube
4795,2026-02-02,Delhi,45+,Android,Push Notification
4796,2026-03-22,Bengaluru,18-24,Android,Referral
4797,2026-01-11,Pune,18-24,Android,Instagram
4798,2026-05-17,Delhi,18-24,iOS,Push Notification
4799,2026-02-01,Hyderabad,35-44,Android,Google Ads
4800,2026-03-18,Visakhapatnam,45+,Android,Organic
4801,2026-03-29,Mumbai,45+,Android,Referral
4802,2026-02-05,Chennai,18-24,Android,Instagram
4803,2026-05-11,Mumbai,45+,Android,Google Ads
4804,2026-04-01,Visakhapatnam,18-24,iOS,Push Notification
4805,2026-03-27,Pune,35-44,iOS,Referral
4806,2026-01-24,Bengaluru,35-44,Android,Google Ads
4807,2026-01-23,Mumbai,35-44,iOS,Referral
4808,2026-03-03,Pune,45+,Android,Instagram
4809,2026-03-30,Delhi,18-24,Android,Instagram
4810,2026-03-05,Chennai,18-24,Android,YouTube
4811,2026-03-03,Chennai,45+,Android,Organic
4812,2026-02-10,Pune,45+,iOS,Push Notification
4813,2026-04-07,Chennai,18-24,Android,Google Ads
4814,2026-03-17,Visakhapatnam,18-24,Android,Instagram
4815,2026-03-07,Hyderabad,45+,Android,Organic
4816,2026-06-09,Mumbai,45+,iOS,Instagram
4817,2026-06-12,Visakhapatnam,35-44,Android,Push Notification
4818,2026-03-18,Chennai,35-44,Android,Instagram
4819,2026-02-01,Hyderabad,25-34,Android,YouTube
4820,2026-01-01,Visakhapatnam,45+,iOS,Organic
4821,2026-03-09,Visakhapatnam,45+,Android,Referral
4822,2026-02-04,Delhi,18-24,Android,Instagram
4823,2026-06-23,Bengaluru,45+,Android,YouTube
4824,2026-02-28,Pune,35-44,iOS,Organic
4825,2026-05-28,Chennai,18-24,Android,Referral
4826,2026-03-08,Mumbai,18-24,Android,Google Ads
4827,2026-05-10,Pune,35-44,iOS,YouTube
4828,2026-04-27,Delhi,35-44,iOS,Instagram
4829,2026-01-29,Delhi,25-34,iOS,Instagram
4830,2026-05-18,Mumbai,45+,Android,Referral
4831,2026-02-01,Chennai,35-44,iOS,Organic
4832,2026-06-14,Chennai,18-24,iOS,Referral
4833,2026-03-11,Delhi,18-24,Android,Google Ads
4834,2026-06-01,Pune,18-24,Android,Google Ads
4835,2026-05-21,Chennai,45+,Android,Instagram
4836,2026-05-12,Visakhapatnam,25-34,Android,Instagram
4837,2026-05-02,Chennai,18-24,iOS,Organic
4838,2026-03-01,Mumbai,18-24,Android,YouTube
4839,2026-01-29,Bengaluru,25-34,Android,Push Notification
4840,2026-04-18,Hyderabad,25-34,Android,Referral
4841,2026-02-04,Bengaluru,35-44,iOS,Organic
4842,2026-03-09,Hyderabad,25-34,iOS,Google Ads
4843,2026-01-22,Pune,18-24,iOS,Instagram
4844,2026-04-26,Chennai,25-34,Android,Instagram
4845,2026-01-17,Hyderabad,18-24,iOS,Referral
4846,2026-06-26,Pune,35-44,Android,Google Ads
4847,2026-02-10,Bengaluru,35-44,iOS,Google Ads
4848,2026-05-22,Mumbai,18-24,Android,Referral
4849,2026-06-07,Bengaluru,18-24,iOS,Google Ads
4850,2026-02-06,Delhi,35-44,Android,Referral
4851,2026-01-08,Pune,45+,Android,Referral
4852,2026-03-07,Delhi,45+,Android,Google Ads
4853,2026-04-06,Hyderabad,45+,iOS,Google Ads
4854,2026-02-17,Bengaluru,18-24,Android,Push Notification
4855,2026-06-15,Mumbai,25-34,Android,Organic
4856,2026-01-28,Pune,18-24,Android,Instagram
4857,2026-04-08,Pune,45+,Android,Referral
4858,2026-02-25,Hyderabad,45+,Android,YouTube
4859,2026-04-13,Chennai,25-34,Android,Google Ads
4860,2026-01-09,Hyderabad,35-44,iOS,Google Ads
4861,2026-04-11,Delhi,45+,iOS,Organic
4862,2026-05-27,Bengaluru,25-34,Android,YouTube
4863,2026-05-30,Hyderabad,18-24,Android,Referral
4864,2026-06-04,Bengaluru,18-24,Android,Referral
4865,2026-03-04,Visakhapatnam,35-44,iOS,YouTube
4866,2026-01-04,Hyderabad,45+,Android,Referral
4867,2026-01-23,Visakhapatnam,18-24,Android,Google Ads
4868,2026-02-11,Hyderabad,18-24,Android,Referral
4869,2026-05-25,Hyderabad,45+,iOS,Push Notification
4870,2026-04-10,Chennai,25-34,Android,Organic
4871,2026-03-06,Bengaluru,35-44,iOS,Organic
4872,2026-05-07,Hyderabad,25-34,Android,Organic
4873,2026-05-02,Delhi,18-24,Android,Instagram
4874,2026-03-04,Chennai,18-24,iOS,Google Ads
4875,2026-02-27,Delhi,35-44,Android,Google Ads
4876,2026-02-17,Bengaluru,25-34,Android,Referral
4877,2026-01-04,Visakhapatnam,35-44,Android,YouTube
4878,2026-03-11,Delhi,18-24,Android,Push Notification
4879,2026-06-20,Mumbai,18-24,Android,Instagram
4880,2026-04-25,Delhi,45+,iOS,Referral
4881,2026-06-07,Hyderabad,25-34,Android,Referral
4882,2026-06-14,Mumbai,35-44,Android,Google Ads
4883,2026-02-03,Chennai,45+,Android,Referral
4884,2026-06-04,Delhi,35-44,iOS,Organic
4885,2026-06-23,Visakhapatnam,35-44,iOS,Push Notification
4886,2026-04-02,Pune,35-44,Android,Organic
4887,2026-02-03,Hyderabad,18-24,Android,Organic
4888,2026-03-23,Pune,18-24,Android,Referral
4889,2026-05-19,Chennai,35-44,iOS,YouTube
4890,2026-04-16,Bengaluru,45+,Android,YouTube
4891,2026-06-22,Chennai,25-34,Android,Referral
4892,2026-01-16,Hyderabad,35-44,Android,Instagram
4893,2026-01-07,Pune,25-34,Android,Push Notification
4894,2026-05-23,Hyderabad,18-24,Android,Referral
4895,2026-03-16,Pune,25-34,Android,Instagram
4896,2026-01-12,Hyderabad,45+,Android,Push Notification
4897,2026-05-16,Delhi,25-34,Android,Push Notification
4898,2026-06-10,Visakhapatnam,25-34,iOS,Google Ads
4899,2026-03-13,Pune,35-44,Android,Instagram
4900,2026-04-25,Hyderabad,25-34,Android,YouTube
4901,2026-05-16,Chennai,35-44,Android,Google Ads
4902,2026-02-07,Mumbai,18-24,Android,Google Ads
4903,2026-02-21,Mumbai,45+,Android,Push Notification
4904,2026-02-07,Delhi,18-24,Android,Instagram
4905,2026-01-01,Visakhapatnam,25-34,Android,Organic
4906,2026-01-05,Pune,45+,Android,Instagram
4907,2026-04-14,Chennai,25-34,Android,YouTube
4908,2026-01-02,Hyderabad,18-24,Android,Organic
4909,2026-04-14,Delhi,18-24,Android,Organic
4910,2026-04-09,Pune,25-34,iOS,Google Ads
4911,2026-06-25,Chennai,25-34,iOS,Push Notification
4912,2026-05-29,Mumbai,45+,iOS,YouTube
4913,2026-01-12,Chennai,18-24,Android,Push Notification
4914,2026-03-28,Bengaluru,18-24,iOS,YouTube
4915,2026-04-19,Chennai,35-44,Android,Organic
4916,2026-01-13,Hyderabad,35-44,Android,Google Ads
4917,2026-04-22,Hyderabad,18-24,iOS,Google Ads
4918,2026-04-25,Hyderabad,18-24,Android,Organic
4919,2026-03-23,Hyderabad,35-44,Android,Instagram
4920,2026-05-09,Visakhapatnam,35-44,Android,Organic
4921,2026-02-18,Mumbai,35-44,iOS,Push Notification
4922,2026-01-04,Hyderabad,35-44,Android,Google Ads
4923,2026-03-13,Chennai,45+,Android,Instagram
4924,2026-04-07,Pune,35-44,Android,Push Notification
4925,2026-03-11,Delhi,45+,Android,Google Ads
4926,2026-01-14,Hyderabad,18-24,Android,Instagram
4927,2026-06-14,Mumbai,18-24,iOS,Push Notification
4928,2026-05-19,Hyderabad,25-34,iOS,Push Notification
4929,2026-02-26,Pune,45+,Android,Instagram
4930,2026-01-01,Visakhapatnam,45+,Android,YouTube
4931,2026-03-30,Pune,18-24,Android,Push Notification
4932,2026-03-25,Visakhapatnam,45+,Android,Instagram
4933,2026-06-13,Visakhapatnam,45+,Android,Google Ads
4934,2026-03-30,Chennai,18-24,Android,Organic
4935,2026-02-10,Pune,18-24,iOS,YouTube
4936,2026-02-05,Pune,35-44,Android,Organic
4937,2026-06-25,Chennai,18-24,Android,Push Notification
4938,2026-03-25,Bengaluru,18-24,Android,Referral
4939,2026-01-30,Hyderabad,18-24,Android,Google Ads
4940,2026-02-26,Hyderabad,35-44,Android,Organic
4941,2026-01-14,Hyderabad,25-34,Android,YouTube
4942,2026-02-06,Chennai,18-24,Android,Push Notification
4943,2026-02-14,Visakhapatnam,25-34,Android,Push Notification
4944,2026-04-20,Hyderabad,35-44,Android,Organic
4945,2026-06-17,Bengaluru,35-44,Android,Push Notification
4946,2026-04-20,Chennai,35-44,Android,Push Notification
4947,2026-03-08,Bengaluru,45+,iOS,Instagram
4948,2026-06-17,Visakhapatnam,25-34,iOS,Referral
4949,2026-02-26,Delhi,35-44,Android,Organic
4950,2026-01-28,Pune,18-24,Android,Organic
4951,2026-04-04,Chennai,25-34,iOS,Instagram
4952,2026-05-06,Delhi,25-34,Android,Instagram
4953,2026-05-23,Chennai,18-24,Android,Referral
4954,2026-05-17,Visakhapatnam,25-34,iOS,Organic
4955,2026-06-23,Visakhapatnam,45+,Android,Google Ads
4956,2026-04-11,Chennai,18-24,Android,Referral
4957,2026-06-30,Delhi,45+,iOS,Push Notification
4958,2026-04-13,Visakhapatnam,25-34,Android,Organic
4959,2026-06-09,Chennai,45+,iOS,Referral
4960,2026-05-11,Delhi,35-44,iOS,Instagram
4961,2026-05-02,Chennai,18-24,Android,YouTube
4962,2026-01-16,Mumbai,25-34,Android,Organic
4963,2026-04-16,Hyderabad,35-44,Android,Referral
4964,2026-03-19,Visakhapatnam,25-34,Android,Instagram
4965,2026-02-23,Bengaluru,18-24,Android,Referral
4966,2026-04-07,Pune,25-34,iOS,Google Ads
4967,2026-01-23,Bengaluru,45+,iOS,YouTube
4968,2026-04-02,Visakhapatnam,35-44,Android,Google Ads
4969,2026-01-05,Chennai,35-44,iOS,Push Notification
4970,2026-01-23,Delhi,18-24,Android,Push Notification
4971,2026-06-06,Chennai,25-34,Android,Organic
4972,2026-05-16,Visakhapatnam,45+,Android,Push Notification
4973,2026-04-20,Visakhapatnam,35-44,Android,Push Notification
4974,2026-05-31,Delhi,35-44,Android,YouTube
4975,2026-02-15,Mumbai,18-24,Android,Instagram
4976,2026-05-31,Delhi,45+,Android,Referral
4977,2026-04-14,Bengaluru,18-24,Android,Organic
4978,2026-01-26,Hyderabad,25-34,Android,Instagram
4979,2026-03-21,Visakhapatnam,35-44,Android,Push Notification
4980,2026-02-17,Visakhapatnam,18-24,Android,Referral
4981,2026-01-14,Bengaluru,45+,Android,Google Ads
4982,2026-05-08,Visakhapatnam,18-24,iOS,Push Notification
4983,2026-05-10,Chennai,18-24,iOS,Google Ads
4984,2026-02-11,Hyderabad,25-34,Android,Referral
4985,2026-05-21,Delhi,18-24,Android,Instagram
4986,2026-01-09,Hyderabad,25-34,Android,Referral
4987,2026-01-30,Visakhapatnam,18-24,iOS,Referral
4988,2026-01-26,Pune,45+,iOS,YouTube
4989,2026-04-17,Hyderabad,18-24,iOS,Referral
4990,2026-02-09,Delhi,35-44,Android,YouTube
4991,2026-01-14,Mumbai,35-44,Android,Push Notification
4992,2026-03-14,Delhi,45+,iOS,Instagram
4993,2026-04-04,Hyderabad,18-24,Android,Referral
4994,2026-03-29,Visakhapatnam,35-44,Android,Push Notification
4995,2026-01-31,Hyderabad,45+,iOS,YouTube
4996,2026-05-16,Mumbai,45+,Android,Organic
4997,2026-05-01,Visakhapatnam,45+,Android,Organic
4998,2026-02-28,Chennai,18-24,iOS,Organic
4999,2026-04-20,Hyderabad,18-24,iOS,Referral
5000,2026-02-09,Visakhapatnam,25-34,Android,YouTube
5001,2026-06-12,Chennai,35-44,Android,Organic
5002,2026-05-18,Visakhapatnam,45+,Android,Google Ads
5003,2026-01-11,Chennai,45+,Android,Organic
5004,2026-01-02,Visakhapatnam,35-44,Android,Push Notification
5005,2026-05-21,Bengaluru,35-44,Android,YouTube
5006,2026-01-09,Hyderabad,25-34,Android,Push Notification
5007,2026-03-17,Visakhapatnam,25-34,Android,Referral
5008,2026-02-17,Visakhapatnam,18-24,Android,Organic
5009,2026-04-09,Pune,45+,Android,Referral
5010,2026-03-08,Chennai,45+,Android,Referral
5011,2026-06-24,Mumbai,35-44,Android,YouTube
5012,2026-06-26,Hyderabad,25-34,Android,Instagram
5013,2026-06-28,Mumbai,25-34,Android,Organic
5014,2026-01-30,Delhi,45+,iOS,Google Ads
5015,2026-04-10,Hyderabad,18-24,Android,Organic
5016,2026-02-25,Visakhapatnam,35-44,Android,Push Notification
5017,2026-05-14,Delhi,35-44,iOS,Google Ads
5018,2026-03-14,Delhi,25-34,iOS,Push Notification
5019,2026-01-29,Pune,25-34,Android,Instagram
5020,2026-05-19,Delhi,35-44,Android,Google Ads
5021,2026-01-07,Hyderabad,35-44,iOS,Push Notification
5022,2026-04-19,Pune,18-24,iOS,Instagram
5023,2026-02-28,Hyderabad,25-34,Android,Organic
5024,2026-04-07,Chennai,35-44,iOS,Push Notification
5025,2026-05-21,Chennai,35-44,Android,Google Ads
5026,2026-03-01,Mumbai,35-44,Android,YouTube
5027,2026-01-24,Hyderabad,18-24,Android,Organic
5028,2026-03-12,Chennai,45+,Android,Google Ads
5029,2026-05-06,Pune,45+,iOS,Organic
5030,2026-03-23,Chennai,25-34,Android,Instagram
5031,2026-01-29,Visakhapatnam,18-24,iOS,Referral
5032,2026-03-26,Delhi,18-24,Android,YouTube
5033,2026-04-06,Delhi,45+,Android,Instagram
5034,2026-04-03,Bengaluru,25-34,Android,Push Notification
5035,2026-01-12,Delhi,45+,Android,Push Notification
5036,2026-04-09,Hyderabad,25-34,Android,Instagram
5037,2026-04-22,Delhi,35-44,iOS,Referral
5038,2026-04-29,Chennai,25-34,Android,Organic
5039,2026-04-24,Hyderabad,18-24,Android,Organic
5040,2026-05-09,Chennai,18-24,Android,Instagram
5041,2026-06-16,Chennai,25-34,Android,Push Notification
5042,2026-01-16,Visakhapatnam,18-24,Android,Instagram
5043,2026-02-28,Pune,18-24,iOS,Referral
5044,2026-03-17,Delhi,18-24,iOS,YouTube
5045,2026-03-25,Mumbai,45+,Android,Referral
5046,2026-01-13,Visakhapatnam,25-34,Android,Referral
5047,2026-06-25,Pune,45+,iOS,Referral
5048,2026-02-17,Pune,35-44,iOS,Referral
5049,2026-04-17,Chennai,35-44,Android,Referral
5050,2026-06-17,Chennai,25-34,Android,Organic
5051,2026-06-30,Visakhapatnam,35-44,Android,YouTube
5052,2026-04-13,Chennai,45+,Android,Instagram
5053,2026-06-04,Visakhapatnam,25-34,iOS,Referral
5054,2026-05-10,Delhi,45+,Android,Referral
5055,2026-06-21,Mumbai,18-24,iOS,YouTube
5056,2026-05-14,Chennai,25-34,Android,Push Notification
5057,2026-03-27,Delhi,35-44,iOS,Instagram
5058,2026-01-02,Bengaluru,18-24,Android,YouTube
5059,2026-02-07,Chennai,25-34,Android,Push Notification
5060,2026-01-22,Bengaluru,45+,Android,Instagram
5061,2026-01-03,Bengaluru,25-34,Android,Push Notification
5062,2026-03-24,Chennai,45+,Android,Referral
5063,2026-05-09,Pune,45+,Android,Instagram
5064,2026-03-30,Bengaluru,25-34,Android,Organic
5065,2026-05-31,Mumbai,18-24,Android,YouTube
5066,2026-03-08,Visakhapatnam,25-34,Android,Referral
5067,2026-02-03,Chennai,25-34,Android,Push Notification
5068,2026-02-15,Visakhapatnam,25-34,Android,Organic
5069,2026-01-20,Delhi,45+,iOS,Push Notification
5070,2026-05-06,Chennai,18-24,iOS,Organic
5071,2026-04-19,Visakhapatnam,18-24,iOS,Google Ads
5072,2026-06-07,Pune,35-44,Android,Instagram
5073,2026-05-22,Chennai,25-34,Android,Google Ads
5074,2026-01-27,Delhi,45+,iOS,Organic
5075,2026-02-23,Pune,25-34,Android,Google Ads
5076,2026-04-16,Pune,18-24,Android,Instagram
5077,2026-02-17,Mumbai,45+,Android,Organic
5078,2026-01-16,Chennai,18-24,iOS,Referral
5079,2026-04-29,Delhi,18-24,iOS,Organic
5080,2026-04-13,Visakhapatnam,45+,iOS,Organic
5081,2026-03-29,Mumbai,18-24,iOS,Instagram
5082,2026-05-30,Visakhapatnam,25-34,Android,Referral
5083,2026-02-16,Bengaluru,35-44,Android,Google Ads
5084,2026-01-29,Delhi,45+,Android,Instagram
5085,2026-04-24,Chennai,25-34,iOS,Organic
5086,2026-05-19,Visakhapatnam,18-24,iOS,Instagram
5087,2026-03-08,Hyderabad,25-34,iOS,YouTube
5088,2026-06-06,Delhi,35-44,Android,YouTube
5089,2026-02-26,Mumbai,25-34,Android,Push Notification
5090,2026-02-10,Delhi,45+,Android,Organic
5091,2026-02-10,Pune,18-24,iOS,Google Ads
5092,2026-03-31,Mumbai,18-24,Android,YouTube
5093,2026-04-20,Hyderabad,25-34,iOS,Push Notification
5094,2026-04-18,Chennai,45+,Android,Google Ads
5095,2026-04-27,Delhi,25-34,Android,Instagram
5096,2026-04-02,Visakhapatnam,45+,Android,Push Notification
5097,2026-06-10,Pune,35-44,Android,Push Notification
5098,2026-01-01,Pune,45+,Android,Organic
5099,2026-04-18,Mumbai,45+,iOS,Referral
5100,2026-01-06,Visakhapatnam,18-24,Android,Push Notification
5101,2026-01-27,Pune,25-34,Android,Google Ads
5102,2026-02-17,Delhi,18-24,iOS,Instagram
5103,2026-03-02,Pune,18-24,Android,YouTube
5104,2026-05-27,Hyderabad,25-34,Android,Google Ads
5105,2026-03-31,Visakhapatnam,25-34,Android,Organic
5106,2026-02-12,Visakhapatnam,35-44,Android,Google Ads
5107,2026-04-06,Mumbai,35-44,Android,Organic
5108,2026-01-30,Pune,25-34,iOS,Instagram
5109,2026-03-26,Delhi,18-24,Android,Referral
5110,2026-05-29,Pune,35-44,Android,Google Ads
5111,2026-06-09,Visakhapatnam,25-34,Android,Google Ads
5112,2026-03-17,Delhi,25-34,Android,Google Ads
5113,2026-06-01,Chennai,25-34,Android,YouTube
5114,2026-01-07,Bengaluru,25-34,Android,Instagram
5115,2026-03-11,Hyderabad,25-34,iOS,Organic
5116,2026-04-24,Delhi,35-44,iOS,Referral
5117,2026-03-22,Delhi,25-34,iOS,Organic
5118,2026-02-06,Visakhapatnam,45+,Android,Organic
5119,2026-05-04,Chennai,35-44,Android,Instagram
5120,2026-02-10,Hyderabad,18-24,Android,YouTube
5121,2026-03-10,Mumbai,18-24,Android,Referral
5122,2026-03-29,Pune,18-24,Android,Google Ads
5123,2026-04-12,Chennai,18-24,iOS,Organic
5124,2026-05-04,Bengaluru,25-34,iOS,Google Ads
5125,2026-04-19,Delhi,35-44,Android,Google Ads
5126,2026-06-20,Delhi,45+,Android,Organic
5127,2026-02-06,Mumbai,18-24,iOS,Referral
5128,2026-01-31,Chennai,25-34,Android,YouTube
5129,2026-06-01,Visakhapatnam,35-44,Android,Google Ads
5130,2026-03-11,Hyderabad,25-34,Android,Organic
5131,2026-01-17,Bengaluru,25-34,iOS,Instagram
5132,2026-01-03,Bengaluru,18-24,Android,Push Notification
5133,2026-02-05,Hyderabad,18-24,Android,Push Notification
5134,2026-01-13,Pune,45+,Android,YouTube
5135,2026-04-29,Mumbai,25-34,Android,YouTube
5136,2026-02-02,Bengaluru,35-44,iOS,Google Ads
5137,2026-01-24,Pune,25-34,iOS,Instagram
5138,2026-06-10,Delhi,35-44,iOS,YouTube
5139,2026-01-29,Pune,25-34,iOS,Organic
5140,2026-03-19,Delhi,45+,Android,Referral
5141,2026-05-07,Mumbai,45+,iOS,Google Ads
5142,2026-02-23,Visakhapatnam,25-34,Android,YouTube
5143,2026-04-21,Bengaluru,18-24,Android,YouTube
5144,2026-01-15,Visakhapatnam,35-44,Android,YouTube
5145,2026-06-20,Bengaluru,45+,Android,YouTube
5146,2026-03-27,Mumbai,35-44,iOS,YouTube
5147,2026-02-19,Delhi,25-34,iOS,Instagram
5148,2026-06-29,Chennai,45+,Android,Google Ads
5149,2026-01-05,Mumbai,35-44,Android,Google Ads
5150,2026-06-18,Pune,25-34,Android,Google Ads
5151,2026-06-13,Delhi,35-44,iOS,Organic
5152,2026-05-30,Chennai,25-34,Android,Google Ads
5153,2026-02-16,Delhi,35-44,Android,Organic
5154,2026-05-17,Visakhapatnam,35-44,iOS,Push Notification
5155,2026-06-12,Chennai,25-34,iOS,Instagram
5156,2026-04-25,Visakhapatnam,45+,Android,Instagram
5157,2026-02-16,Mumbai,18-24,Android,Google Ads
5158,2026-02-11,Visakhapatnam,35-44,Android,YouTube
5159,2026-05-27,Visakhapatnam,18-24,iOS,YouTube
5160,2026-06-29,Mumbai,45+,Android,Push Notification
5161,2026-04-24,Hyderabad,25-34,Android,Organic
5162,2026-03-09,Delhi,35-44,iOS,Organic
5163,2026-05-29,Bengaluru,45+,Android,Organic
5164,2026-05-03,Delhi,35-44,Android,Organic
5165,2026-03-01,Pune,18-24,Android,Organic
5166,2026-05-28,Visakhapatnam,25-34,Android,Google Ads
5167,2026-05-18,Pune,25-34,Android,Instagram
5168,2026-04-29,Hyderabad,18-24,iOS,Google Ads
5169,2026-04-08,Delhi,18-24,Android,Referral
5170,2026-01-06,Pune,25-34,Android,Push Notification
5171,2026-01-10,Bengaluru,45+,Android,Organic
5172,2026-06-25,Mumbai,45+,iOS,Organic
5173,2026-05-02,Chennai,25-34,Android,Google Ads
5174,2026-05-15,Mumbai,35-44,Android,YouTube
5175,2026-03-25,Visakhapatnam,45+,Android,Instagram
5176,2026-04-19,Hyderabad,45+,iOS,Push Notification
5177,2026-02-07,Delhi,25-34,Android,Google Ads
5178,2026-02-20,Delhi,45+,Android,Push Notification
5179,2026-06-08,Bengaluru,35-44,iOS,Referral
5180,2026-03-18,Visakhapatnam,25-34,iOS,Referral
5181,2026-03-31,Bengaluru,35-44,Android,Push Notification
5182,2026-02-20,Chennai,25-34,Android,Push Notification
5183,2026-04-10,Pune,35-44,Android,Referral
5184,2026-01-09,Chennai,25-34,iOS,YouTube
5185,2026-03-16,Visakhapatnam,18-24,iOS,Referral
5186,2026-01-18,Chennai,35-44,iOS,Organic
5187,2026-05-11,Pune,45+,Android,Organic
5188,2026-05-07,Pune,25-34,Android,Push Notification
5189,2026-02-16,Hyderabad,25-34,Android,Google Ads
5190,2026-04-24,Bengaluru,35-44,iOS,Organic
5191,2026-05-08,Visakhapatnam,25-34,Android,Referral
5192,2026-03-27,Delhi,25-34,Android,Referral
5193,2026-05-27,Bengaluru,45+,Android,Organic
5194,2026-02-12,Bengaluru,35-44,iOS,Instagram
5195,2026-02-27,Chennai,25-34,Android,YouTube
5196,2026-01-11,Bengaluru,45+,Android,YouTube
5197,2026-04-22,Mumbai,35-44,Android,Organic
5198,2026-01-01,Pune,35-44,Android,Instagram
5199,2026-06-10,Bengaluru,45+,iOS,Instagram
5200,2026-02-14,Hyderabad,45+,iOS,Google Ads
5201,2026-03-24,Delhi,18-24,iOS,Organic
5202,2026-05-29,Delhi,25-34,Android,Organic
5203,2026-03-09,Mumbai,45+,Android,Referral
5204,2026-06-15,Mumbai,45+,iOS,Instagram
5205,2026-02-26,Chennai,35-44,Android,Referral
5206,2026-01-14,Chennai,45+,Android,Referral
5207,2026-06-16,Delhi,35-44,iOS,Instagram
5208,2026-04-17,Delhi,45+,Android,Referral
5209,2026-03-01,Chennai,18-24,Android,Instagram
5210,2026-06-27,Hyderabad,35-44,iOS,Push Notification
5211,2026-06-05,Pune,18-24,iOS,Google Ads
5212,2026-04-26,Chennai,25-34,Android,Organic
5213,2026-01-03,Delhi,35-44,Android,Push Notification
5214,2026-04-27,Mumbai,45+,Android,Google Ads
5215,2026-04-04,Chennai,45+,Android,Organic
5216,2026-02-28,Mumbai,25-34,Android,Referral
5217,2026-06-01,Pune,25-34,Android,Referral
5218,2026-05-04,Mumbai,45+,Android,Organic
5219,2026-04-14,Chennai,18-24,Android,Google Ads
5220,2026-02-16,Mumbai,25-34,Android,Referral
5221,2026-05-28,Mumbai,35-44,iOS,YouTube
5222,2026-01-05,Delhi,45+,Android,YouTube
5223,2026-04-21,Bengaluru,25-34,Android,Instagram
5224,2026-06-23,Pune,18-24,Android,Google Ads
5225,2026-05-27,Chennai,25-34,Android,Google Ads
5226,2026-06-28,Pune,45+,iOS,Organic
5227,2026-03-22,Delhi,35-44,iOS,Push Notification
5228,2026-06-13,Bengaluru,25-34,Android,Organic
5229,2026-06-27,Chennai,18-24,Android,YouTube
5230,2026-04-19,Delhi,18-24,Android,Referral
5231,2026-06-24,Mumbai,45+,Android,Referral
5232,2026-02-22,Visakhapatnam,18-24,iOS,Referral
5233,2026-02-11,Pune,18-24,Android,YouTube
5234,2026-05-29,Visakhapatnam,18-24,Android,YouTube
5235,2026-05-18,Visakhapatnam,45+,Android,Google Ads
5236,2026-04-18,Mumbai,35-44,iOS,Google Ads
5237,2026-03-01,Chennai,18-24,Android,Organic
5238,2026-05-17,Chennai,35-44,Android,Google Ads
5239,2026-04-14,Pune,35-44,Android,Google Ads
5240,2026-06-28,Pune,25-34,iOS,Organic
5241,2026-06-22,Delhi,25-34,iOS,Instagram
5242,2026-06-25,Mumbai,18-24,Android,Instagram
5243,2026-05-25,Pune,45+,Android,Referral
5244,2026-06-03,Visakhapatnam,18-24,Android,YouTube
5245,2026-04-23,Visakhapatnam,18-24,Android,YouTube
5246,2026-05-16,Visakhapatnam,35-44,Android,YouTube
5247,2026-03-13,Mumbai,25-34,iOS,Push Notification
5248,2026-02-07,Delhi,18-24,Android,YouTube
5249,2026-01-29,Chennai,45+,Android,Organic
5250,2026-04-09,Mumbai,45+,iOS,Instagram
5251,2026-06-19,Visakhapatnam,18-24,Android,Push Notification
5252,2026-05-16,Pune,18-24,Android,Push Notification
5253,2026-03-06,Delhi,25-34,iOS,Push Notification
5254,2026-05-11,Hyderabad,35-44,Android,Referral
5255,2026-01-12,Hyderabad,45+,Android,YouTube
5256,2026-02-09,Chennai,35-44,Android,Organic
5257,2026-02-22,Hyderabad,18-24,Android,Organic
5258,2026-04-27,Visakhapatnam,45+,Android,Google Ads
5259,2026-06-03,Chennai,25-34,Android,Instagram
5260,2026-03-18,Delhi,35-44,iOS,Organic
5261,2026-06-19,Delhi,18-24,Android,YouTube
5262,2026-05-10,Mumbai,35-44,iOS,Google Ads
5263,2026-06-14,Mumbai,45+,Android,Organic
5264,2026-01-20,Chennai,18-24,Android,YouTube
5265,2026-06-25,Hyderabad,45+,iOS,Google Ads
5266,2026-05-01,Chennai,45+,Android,YouTube
5267,2026-01-09,Pune,25-34,iOS,Google Ads
5268,2026-06-09,Hyderabad,45+,Android,Google Ads
5269,2026-04-18,Visakhapatnam,35-44,Android,Google Ads
5270,2026-03-25,Delhi,45+,Android,Google Ads
5271,2026-06-14,Bengaluru,35-44,iOS,Push Notification
5272,2026-05-05,Hyderabad,18-24,Android,Push Notification
5273,2026-03-17,Delhi,25-34,Android,Push Notification
5274,2026-04-06,Visakhapatnam,45+,Android,YouTube
5275,2026-01-24,Visakhapatnam,25-34,Android,Google Ads
5276,2026-01-03,Visakhapatnam,35-44,Android,Referral
5277,2026-06-30,Hyderabad,25-34,Android,Push Notification
5278,2026-04-25,Hyderabad,25-34,iOS,Instagram
5279,2026-03-04,Chennai,35-44,Android,Push Notification
5280,2026-03-20,Hyderabad,35-44,Android,Push Notification
5281,2026-04-19,Bengaluru,18-24,Android,Referral
5282,2026-04-05,Delhi,35-44,Android,Google Ads
5283,2026-04-13,Delhi,35-44,iOS,YouTube
5284,2026-05-20,Visakhapatnam,18-24,Android,Push Notification
5285,2026-05-26,Chennai,45+,Android,Instagram
5286,2026-03-12,Mumbai,45+,Android,Google Ads
5287,2026-02-02,Visakhapatnam,45+,Android,Referral
5288,2026-04-29,Pune,45+,Android,Organic
5289,2026-02-03,Bengaluru,35-44,Android,Referral
5290,2026-06-20,Visakhapatnam,25-34,iOS,Instagram
5291,2026-02-17,Pune,45+,Android,Referral
5292,2026-05-25,Pune,25-34,Android,Referral
5293,2026-04-12,Hyderabad,45+,iOS,YouTube
5294,2026-05-30,Chennai,25-34,Android,Instagram
5295,2026-04-07,Pune,25-34,Android,Push Notification
5296,2026-06-04,Delhi,25-34,Android,YouTube
5297,2026-05-03,Delhi,45+,Android,Referral
5298,2026-05-07,Chennai,25-34,Android,Referral
5299,2026-01-04,Bengaluru,18-24,Android,YouTube
5300,2026-02-14,Hyderabad,35-44,iOS,Google Ads
5301,2026-01-25,Bengaluru,25-34,Android,Push Notification
5302,2026-02-18,Delhi,18-24,Android,Google Ads
5303,2026-04-14,Hyderabad,18-24,Android,Organic
5304,2026-03-16,Bengaluru,18-24,Android,Push Notification
5305,2026-06-28,Chennai,45+,Android,YouTube
5306,2026-01-18,Delhi,35-44,iOS,Push Notification
5307,2026-02-28,Delhi,18-24,iOS,Push Notification
5308,2026-05-25,Hyderabad,25-34,Android,Organic
5309,2026-02-22,Pune,45+,Android,Push Notification
5310,2026-05-20,Chennai,25-34,Android,YouTube
5311,2026-05-19,Chennai,35-44,iOS,Referral
5312,2026-03-18,Visakhapatnam,25-34,Android,Organic
5313,2026-03-26,Pune,25-34,Android,Google Ads
5314,2026-03-01,Bengaluru,25-34,Android,Referral
5315,2026-04-20,Chennai,18-24,Android,Instagram
5316,2026-05-24,Pune,45+,Android,YouTube
5317,2026-05-20,Delhi,18-24,Android,Instagram
5318,2026-04-13,Pune,25-34,iOS,Organic
5319,2026-05-02,Mumbai,35-44,Android,Organic
5320,2026-04-25,Pune,45+,Android,YouTube
5321,2026-04-21,Pune,35-44,iOS,Google Ads
5322,2026-06-16,Mumbai,35-44,iOS,Organic
5323,2026-03-21,Visakhapatnam,35-44,Android,Organic
5324,2026-02-11,Bengaluru,25-34,iOS,Push Notification
5325,2026-02-19,Chennai,35-44,iOS,Organic
5326,2026-01-04,Hyderabad,45+,Android,Google Ads
5327,2026-06-14,Visakhapatnam,18-24,Android,Instagram
5328,2026-01-16,Visakhapatnam,45+,Android,YouTube
5329,2026-06-19,Visakhapatnam,18-24,Android,Instagram
5330,2026-06-09,Mumbai,18-24,Android,YouTube
5331,2026-05-04,Visakhapatnam,25-34,Android,Google Ads
5332,2026-03-18,Mumbai,25-34,iOS,Instagram
5333,2026-03-12,Delhi,45+,Android,YouTube
5334,2026-01-01,Delhi,35-44,Android,Organic
5335,2026-04-24,Mumbai,45+,iOS,Google Ads
5336,2026-03-22,Hyderabad,18-24,Android,Referral
5337,2026-04-16,Bengaluru,18-24,iOS,YouTube
5338,2026-01-19,Delhi,45+,Android,Push Notification
5339,2026-05-23,Delhi,35-44,Android,Push Notification
5340,2026-03-03,Mumbai,25-34,iOS,YouTube
5341,2026-03-30,Hyderabad,35-44,Android,Google Ads
5342,2026-03-07,Hyderabad,18-24,Android,Instagram
5343,2026-05-11,Hyderabad,35-44,Android,Push Notification
5344,2026-01-21,Mumbai,18-24,Android,Referral
5345,2026-03-08,Bengaluru,45+,Android,Google Ads
5346,2026-06-04,Mumbai,18-24,iOS,Organic
5347,2026-06-15,Chennai,45+,Android,Instagram
5348,2026-01-03,Pune,25-34,iOS,Organic
5349,2026-03-21,Bengaluru,35-44,Android,Instagram
5350,2026-01-05,Delhi,25-34,Android,Push Notification
5351,2026-05-20,Visakhapatnam,25-34,Android,YouTube
5352,2026-01-07,Mumbai,25-34,Android,Referral
5353,2026-02-11,Delhi,18-24,Android,Instagram
5354,2026-05-20,Pune,45+,Android,Instagram
5355,2026-06-10,Mumbai,18-24,Android,YouTube
5356,2026-05-19,Hyderabad,25-34,Android,Google Ads
5357,2026-06-05,Mumbai,35-44,Android,Referral
5358,2026-03-14,Mumbai,45+,iOS,Google Ads
5359,2026-02-22,Mumbai,25-34,Android,Referral
5360,2026-02-03,Visakhapatnam,18-24,iOS,YouTube
5361,2026-04-30,Bengaluru,35-44,iOS,YouTube
5362,2026-05-10,Hyderabad,45+,Android,YouTube
5363,2026-06-04,Pune,45+,iOS,Organic
5364,2026-06-02,Visakhapatnam,18-24,iOS,Push Notification
5365,2026-01-31,Pune,18-24,Android,Push Notification
5366,2026-06-27,Mumbai,35-44,iOS,Organic
5367,2026-01-24,Visakhapatnam,25-34,iOS,Referral
5368,2026-01-26,Hyderabad,35-44,Android,YouTube
5369,2026-03-28,Pune,18-24,Android,Referral
5370,2026-03-03,Visakhapatnam,18-24,Android,Push Notification
5371,2026-04-14,Hyderabad,35-44,iOS,Push Notification
5372,2026-06-22,Visakhapatnam,25-34,Android,Google Ads
5373,2026-06-03,Chennai,18-24,Android,Instagram
5374,2026-04-04,Mumbai,35-44,Android,Push Notification
5375,2026-06-28,Delhi,18-24,iOS,Push Notification
5376,2026-06-23,Delhi,25-34,iOS,Google Ads
5377,2026-01-21,Chennai,18-24,Android,Push Notification
5378,2026-01-19,Delhi,35-44,iOS,YouTube
5379,2026-03-11,Chennai,45+,iOS,Referral
5380,2026-02-03,Delhi,45+,Android,Instagram
5381,2026-06-29,Delhi,45+,iOS,Instagram
5382,2026-03-01,Hyderabad,25-34,iOS,Organic
5383,2026-05-17,Bengaluru,18-24,Android,Referral
5384,2026-05-23,Chennai,18-24,Android,Referral
5385,2026-05-13,Chennai,18-24,Android,Organic
5386,2026-04-11,Visakhapatnam,18-24,Android,Google Ads
5387,2026-04-22,Delhi,18-24,Android,Google Ads
5388,2026-05-16,Mumbai,18-24,Android,Referral
5389,2026-03-10,Delhi,18-24,Android,YouTube
5390,2026-01-31,Hyderabad,25-34,Android,YouTube
5391,2026-01-31,Visakhapatnam,18-24,iOS,Google Ads
5392,2026-06-13,Hyderabad,25-34,Android,Organic
5393,2026-06-05,Bengaluru,35-44,Android,Google Ads
5394,2026-04-28,Delhi,35-44,Android,Push Notification
5395,2026-06-02,Bengaluru,25-34,iOS,YouTube
5396,2026-06-16,Delhi,25-34,iOS,Organic
5397,2026-01-13,Pune,45+,Android,Referral
5398,2026-03-31,Delhi,45+,iOS,Push Notification
5399,2026-03-24,Bengaluru,35-44,iOS,YouTube
5400,2026-02-05,Hyderabad,35-44,Android,YouTube
5401,2026-06-04,Bengaluru,35-44,iOS,Google Ads
5402,2026-05-12,Hyderabad,18-24,Android,Push Notification
5403,2026-05-24,Hyderabad,45+,Android,Instagram
5404,2026-05-16,Visakhapatnam,35-44,iOS,Instagram
5405,2026-03-26,Chennai,45+,Android,Google Ads
5406,2026-06-02,Delhi,35-44,Android,Referral
5407,2026-06-07,Chennai,18-24,Android,Referral
5408,2026-04-08,Hyderabad,25-34,iOS,Referral
5409,2026-01-27,Delhi,45+,iOS,Instagram
5410,2026-05-19,Chennai,18-24,Android,Instagram
5411,2026-04-25,Delhi,25-34,iOS,Referral
5412,2026-01-05,Visakhapatnam,25-34,Android,Organic
5413,2026-04-04,Pune,35-44,Android,Instagram
5414,2026-02-20,Mumbai,18-24,Android,Google Ads
5415,2026-06-23,Mumbai,18-24,Android,Organic
5416,2026-03-22,Chennai,18-24,Android,Referral
5417,2026-05-27,Hyderabad,35-44,Android,Instagram
5418,2026-03-19,Hyderabad,25-34,Android,Instagram
5419,2026-03-20,Chennai,35-44,Android,Referral
5420,2026-03-09,Mumbai,35-44,Android,Push Notification
5421,2026-03-23,Mumbai,45+,Android,Instagram
5422,2026-04-28,Hyderabad,18-24,iOS,YouTube
5423,2026-06-13,Pune,45+,Android,Push Notification
5424,2026-03-18,Delhi,45+,Android,Referral
5425,2026-03-26,Chennai,18-24,Android,Google Ads
5426,2026-03-24,Mumbai,45+,Android,Push Notification
5427,2026-05-24,Chennai,45+,Android,Organic
5428,2026-04-06,Mumbai,45+,Android,Google Ads
5429,2026-03-04,Mumbai,45+,iOS,Push Notification
5430,2026-01-23,Pune,35-44,Android,Organic
5431,2026-06-14,Hyderabad,25-34,Android,YouTube
5432,2026-04-03,Chennai,45+,Android,Google Ads
5433,2026-02-06,Mumbai,45+,Android,Push Notification
5434,2026-02-04,Visakhapatnam,45+,Android,Organic
5435,2026-02-17,Delhi,25-34,Android,Google Ads
5436,2026-04-12,Delhi,45+,Android,YouTube
5437,2026-06-17,Visakhapatnam,35-44,Android,Referral
5438,2026-03-02,Pune,25-34,Android,YouTube
5439,2026-03-28,Mumbai,25-34,Android,Google Ads
5440,2026-06-25,Visakhapatnam,18-24,Android,Instagram
5441,2026-06-26,Hyderabad,18-24,Android,Google Ads
5442,2026-02-28,Delhi,25-34,Android,Instagram
5443,2026-02-05,Visakhapatnam,35-44,Android,Organic
5444,2026-06-04,Pune,25-34,iOS,Organic
5445,2026-06-22,Chennai,35-44,iOS,Organic
5446,2026-03-26,Delhi,35-44,Android,Google Ads
5447,2026-04-10,Hyderabad,45+,Android,YouTube
5448,2026-06-26,Pune,18-24,Android,Google Ads
5449,2026-02-01,Hyderabad,18-24,iOS,Referral
5450,2026-03-14,Visakhapatnam,25-34,Android,Google Ads
5451,2026-04-21,Mumbai,25-34,iOS,Referral
5452,2026-04-26,Chennai,45+,Android,Organic
5453,2026-04-17,Mumbai,18-24,iOS,Referral
5454,2026-03-18,Mumbai,45+,Android,Referral
5455,2026-01-01,Visakhapatnam,35-44,Android,Referral
5456,2026-01-09,Bengaluru,35-44,Android,YouTube
5457,2026-03-19,Visakhapatnam,35-44,Android,Organic
5458,2026-06-13,Chennai,35-44,iOS,Google Ads
5459,2026-05-07,Bengaluru,18-24,Android,Referral
5460,2026-05-02,Delhi,35-44,Android,Referral
5461,2026-04-27,Chennai,25-34,Android,Organic
5462,2026-04-21,Delhi,25-34,Android,Organic
5463,2026-03-04,Mumbai,45+,Android,YouTube
5464,2026-06-19,Bengaluru,45+,iOS,Instagram
5465,2026-04-16,Mumbai,18-24,Android,Referral
5466,2026-03-10,Bengaluru,45+,Android,Google Ads
5467,2026-01-27,Pune,25-34,iOS,Push Notification
5468,2026-05-27,Mumbai,45+,iOS,YouTube
5469,2026-03-13,Delhi,18-24,Android,Push Notification
5470,2026-05-10,Chennai,18-24,Android,YouTube
5471,2026-03-22,Delhi,35-44,Android,Instagram
5472,2026-06-02,Mumbai,25-34,Android,Referral
5473,2026-04-22,Bengaluru,25-34,Android,Push Notification
5474,2026-02-26,Pune,35-44,iOS,Organic
5475,2026-02-03,Hyderabad,25-34,iOS,YouTube
5476,2026-06-30,Pune,18-24,Android,Organic
5477,2026-03-26,Pune,35-44,Android,Instagram
5478,2026-02-28,Bengaluru,18-24,Android,Organic
5479,2026-02-16,Mumbai,45+,Android,Push Notification
5480,2026-02-11,Visakhapatnam,25-34,iOS,YouTube
5481,2026-06-30,Bengaluru,45+,Android,Push Notification
5482,2026-02-11,Bengaluru,45+,iOS,Push Notification
5483,2026-05-10,Mumbai,45+,Android,YouTube
5484,2026-05-09,Pune,25-34,iOS,Google Ads
5485,2026-02-22,Chennai,45+,Android,Push Notification
5486,2026-05-20,Delhi,35-44,Android,YouTube
5487,2026-01-13,Chennai,18-24,iOS,Google Ads
5488,2026-06-28,Mumbai,35-44,Android,Instagram
5489,2026-04-13,Bengaluru,45+,iOS,YouTube
5490,2026-06-03,Pune,35-44,Android,Push Notification
5491,2026-03-25,Pune,45+,Android,YouTube
5492,2026-03-10,Pune,45+,Android,Push Notification
5493,2026-05-19,Visakhapatnam,18-24,iOS,Referral
5494,2026-02-09,Visakhapatnam,45+,iOS,Organic
5495,2026-05-20,Hyderabad,25-34,Android,Referral
5496,2026-04-13,Visakhapatnam,18-24,Android,Instagram
5497,2026-04-02,Bengaluru,45+,Android,Referral
5498,2026-03-13,Bengaluru,45+,Android,YouTube
5499,2026-04-13,Bengaluru,35-44,iOS,Instagram
5500,2026-05-07,Bengaluru,18-24,iOS,Google Ads
5501,2026-03-07,Chennai,45+,Android,Organic
5502,2026-01-14,Chennai,45+,Android,Referral
5503,2026-05-16,Delhi,25-34,Android,Organic
5504,2026-04-02,Hyderabad,45+,Android,Instagram
5505,2026-03-25,Hyderabad,25-34,Android,Instagram
5506,2026-03-19,Bengaluru,18-24,iOS,YouTube
5507,2026-06-06,Chennai,35-44,Android,Google Ads
5508,2026-02-21,Pune,45+,iOS,Referral
5509,2026-01-05,Pune,25-34,iOS,Referral
5510,2026-01-11,Mumbai,18-24,Android,Google Ads
5511,2026-04-15,Visakhapatnam,18-24,iOS,Instagram
5512,2026-03-10,Visakhapatnam,25-34,Android,Referral
5513,2026-01-16,Visakhapatnam,18-24,iOS,Instagram
5514,2026-01-13,Pune,25-34,Android,YouTube
5515,2026-03-13,Mumbai,18-24,Android,Push Notification
5516,2026-05-29,Hyderabad,45+,Android,YouTube
5517,2026-05-02,Pune,45+,iOS,YouTube
5518,2026-05-05,Visakhapatnam,35-44,Android,Google Ads
5519,2026-05-23,Bengaluru,18-24,Android,Referral
5520,2026-06-06,Bengaluru,18-24,Android,Organic
5521,2026-04-29,Visakhapatnam,35-44,iOS,Referral
5522,2026-06-26,Chennai,35-44,iOS,Organic
5523,2026-05-27,Bengaluru,45+,Android,Google Ads
5524,2026-05-27,Bengaluru,18-24,iOS,YouTube
5525,2026-06-10,Delhi,18-24,Android,Referral
5526,2026-01-01,Visakhapatnam,35-44,Android,Push Notification
5527,2026-01-12,Delhi,25-34,iOS,Instagram
5528,2026-05-16,Pune,25-34,Android,Instagram
5529,2026-06-06,Delhi,18-24,Android,Instagram
5530,2026-02-09,Hyderabad,25-34,Android,Push Notification
5531,2026-04-23,Mumbai,45+,Android,YouTube
5532,2026-04-22,Chennai,35-44,Android,Organic
5533,2026-06-18,Bengaluru,18-24,Android,Referral
5534,2026-03-10,Mumbai,25-34,Android,YouTube
5535,2026-05-14,Delhi,25-34,iOS,Instagram
5536,2026-06-14,Pune,45+,Android,Instagram
5537,2026-01-28,Pune,45+,Android,Push Notification
5538,2026-02-26,Visakhapatnam,45+,Android,Push Notification
5539,2026-04-03,Mumbai,45+,iOS,Instagram
5540,2026-02-12,Chennai,45+,iOS,Instagram
5541,2026-05-13,Visakhapatnam,18-24,iOS,Referral
5542,2026-02-19,Mumbai,18-24,Android,Google Ads
5543,2026-06-01,Visakhapatnam,18-24,Android,YouTube
5544,2026-01-24,Chennai,25-34,Android,Google Ads
5545,2026-04-08,Delhi,35-44,iOS,YouTube
5546,2026-03-21,Chennai,18-24,iOS,Google Ads
5547,2026-03-02,Visakhapatnam,45+,iOS,Google Ads
5548,2026-06-17,Chennai,18-24,Android,YouTube
5549,2026-05-29,Hyderabad,25-34,iOS,Google Ads
5550,2026-05-01,Mumbai,18-24,Android,Referral
5551,2026-03-22,Delhi,35-44,iOS,Push Notification
5552,2026-05-19,Mumbai,45+,Android,YouTube
5553,2026-03-13,Delhi,45+,iOS,YouTube
5554,2026-03-24,Mumbai,35-44,Android,Referral
5555,2026-04-18,Chennai,35-44,Android,YouTube
5556,2026-05-15,Hyderabad,18-24,iOS,Push Notification
5557,2026-02-23,Chennai,18-24,Android,Organic
5558,2026-03-24,Chennai,18-24,Android,Instagram
5559,2026-04-05,Pune,45+,Android,YouTube
5560,2026-02-23,Pune,35-44,Android,Referral
5561,2026-04-16,Visakhapatnam,18-24,iOS,Organic
5562,2026-06-25,Chennai,45+,Android,Google Ads
5563,2026-06-01,Chennai,18-24,Android,Push Notification
5564,2026-06-20,Pune,18-24,Android,Instagram
5565,2026-01-23,Pune,18-24,Android,YouTube
5566,2026-06-15,Delhi,45+,iOS,Organic
5567,2026-05-11,Delhi,25-34,iOS,Organic
5568,2026-06-16,Delhi,45+,Android,Referral
5569,2026-04-10,Mumbai,18-24,iOS,Organic
5570,2026-04-27,Pune,25-34,Android,Google Ads
5571,2026-05-31,Pune,25-34,Android,YouTube
5572,2026-03-01,Visakhapatnam,35-44,iOS,YouTube
5573,2026-06-19,Delhi,45+,Android,YouTube
5574,2026-04-27,Hyderabad,25-34,iOS,Organic
5575,2026-04-18,Chennai,35-44,Android,YouTube
5576,2026-04-16,Delhi,25-34,iOS,Google Ads
5577,2026-03-28,Bengaluru,45+,Android,Referral
5578,2026-04-24,Visakhapatnam,18-24,iOS,Push Notification
5579,2026-02-25,Hyderabad,35-44,Android,Push Notification
5580,2026-01-11,Mumbai,35-44,Android,Organic
5581,2026-04-02,Visakhapatnam,18-24,Android,YouTube
5582,2026-06-04,Mumbai,25-34,Android,Push Notification
5583,2026-03-13,Bengaluru,18-24,Android,YouTube
5584,2026-05-18,Visakhapatnam,18-24,iOS,Instagram
5585,2026-01-17,Bengaluru,45+,iOS,Push Notification
5586,2026-06-29,Hyderabad,25-34,iOS,Push Notification
5587,2026-03-24,Delhi,18-24,Android,YouTube
5588,2026-04-24,Hyderabad,35-44,Android,Referral
5589,2026-05-17,Pune,18-24,iOS,YouTube
5590,2026-06-13,Chennai,45+,Android,YouTube
5591,2026-01-14,Delhi,25-34,Android,Instagram
5592,2026-06-10,Bengaluru,35-44,Android,Instagram
5593,2026-03-09,Chennai,45+,Android,Instagram
5594,2026-01-07,Delhi,25-34,iOS,Referral
5595,2026-04-20,Bengaluru,18-24,Android,Google Ads
5596,2026-02-04,Pune,35-44,Android,Referral
5597,2026-05-10,Mumbai,25-34,iOS,Instagram
5598,2026-05-30,Chennai,35-44,Android,Google Ads
5599,2026-06-03,Mumbai,25-34,Android,Google Ads
5600,2026-01-27,Pune,45+,iOS,Push Notification
5601,2026-02-23,Mumbai,18-24,Android,Organic
5602,2026-03-26,Pune,35-44,iOS,Push Notification
5603,2026-03-19,Mumbai,25-34,iOS,Google Ads
5604,2026-02-28,Visakhapatnam,35-44,Android,Push Notification
5605,2026-04-06,Hyderabad,35-44,Android,Instagram
5606,2026-05-18,Visakhapatnam,45+,iOS,Organic
5607,2026-04-30,Visakhapatnam,35-44,Android,Referral
5608,2026-05-01,Mumbai,35-44,Android,Push Notification
5609,2026-02-01,Bengaluru,35-44,Android,Push Notification
5610,2026-01-22,Mumbai,45+,Android,YouTube
5611,2026-01-30,Chennai,18-24,Android,Instagram
5612,2026-01-04,Visakhapatnam,25-34,Android,Push Notification
5613,2026-01-25,Chennai,18-24,Android,Instagram
5614,2026-01-26,Visakhapatnam,35-44,iOS,Push Notification
5615,2026-05-03,Chennai,18-24,iOS,Instagram
5616,2026-05-24,Visakhapatnam,45+,iOS,Instagram
5617,2026-01-07,Mumbai,25-34,Android,Push Notification
5618,2026-02-02,Pune,45+,Android,Push Notification
5619,2026-03-03,Visakhapatnam,18-24,iOS,Referral
5620,2026-06-12,Bengaluru,18-24,Android,Push Notification
5621,2026-05-30,Chennai,25-34,Android,Google Ads
5622,2026-04-17,Chennai,45+,Android,YouTube
5623,2026-04-07,Chennai,45+,Android,Organic
5624,2026-01-01,Visakhapatnam,35-44,iOS,Google Ads
5625,2026-03-13,Visakhapatnam,18-24,Android,Google Ads
5626,2026-02-04,Mumbai,25-34,Android,YouTube
5627,2026-05-20,Hyderabad,18-24,iOS,Google Ads
5628,2026-04-23,Chennai,25-34,iOS,Referral
5629,2026-04-02,Pune,18-24,Android,Referral
5630,2026-06-07,Hyderabad,35-44,Android,Instagram
5631,2026-03-12,Delhi,45+,Android,Instagram
5632,2026-01-07,Pune,25-34,Android,Instagram
5633,2026-01-17,Chennai,35-44,iOS,Instagram
5634,2026-04-22,Bengaluru,25-34,iOS,Referral
5635,2026-01-14,Hyderabad,45+,Android,Google Ads
5636,2026-04-08,Visakhapatnam,18-24,Android,Instagram
5637,2026-06-14,Chennai,35-44,Android,Google Ads
5638,2026-06-13,Visakhapatnam,45+,Android,Referral
5639,2026-03-09,Delhi,18-24,Android,Organic
5640,2026-01-07,Visakhapatnam,35-44,Android,Google Ads
5641,2026-03-27,Bengaluru,18-24,iOS,Google Ads
5642,2026-03-11,Delhi,35-44,iOS,Instagram
5643,2026-05-21,Chennai,45+,Android,YouTube
5644,2026-05-18,Visakhapatnam,18-24,Android,Google Ads
5645,2026-03-01,Hyderabad,35-44,iOS,Instagram
5646,2026-04-07,Mumbai,18-24,Android,Referral
5647,2026-03-16,Pune,25-34,Android,Organic
5648,2026-01-30,Bengaluru,45+,Android,Referral
5649,2026-05-31,Delhi,35-44,Android,Google Ads
5650,2026-06-26,Hyderabad,35-44,Android,Instagram
5651,2026-03-15,Visakhapatnam,45+,Android,Referral
5652,2026-04-19,Hyderabad,25-34,Android,YouTube
5653,2026-04-06,Pune,18-24,Android,Push Notification
5654,2026-06-28,Pune,45+,iOS,Organic
5655,2026-03-21,Visakhapatnam,18-24,Android,Organic
5656,2026-03-06,Visakhapatnam,45+,Android,Referral
5657,2026-02-13,Mumbai,18-24,iOS,Organic
5658,2026-05-05,Delhi,18-24,Android,Organic
5659,2026-01-12,Pune,45+,Android,Instagram
5660,2026-04-19,Bengaluru,25-34,Android,Referral
5661,2026-01-14,Chennai,18-24,Android,Referral
5662,2026-05-29,Mumbai,25-34,Android,Push Notification
5663,2026-01-19,Bengaluru,35-44,Android,Push Notification
5664,2026-02-20,Hyderabad,45+,Android,Google Ads
5665,2026-02-19,Hyderabad,25-34,iOS,Referral
5666,2026-03-27,Mumbai,35-44,iOS,Organic
5667,2026-06-22,Bengaluru,25-34,Android,Push Notification
5668,2026-01-25,Hyderabad,35-44,iOS,Organic
5669,2026-04-14,Chennai,45+,Android,Instagram
5670,2026-01-20,Bengaluru,35-44,iOS,YouTube
5671,2026-02-06,Hyderabad,18-24,iOS,Referral
5672,2026-04-19,Visakhapatnam,25-34,iOS,YouTube
5673,2026-02-06,Visakhapatnam,25-34,iOS,Instagram
5674,2026-01-10,Hyderabad,35-44,Android,YouTube
5675,2026-02-03,Visakhapatnam,25-34,Android,Referral
5676,2026-02-05,Mumbai,18-24,Android,Push Notification
5677,2026-06-07,Delhi,18-24,iOS,Organic
5678,2026-02-23,Bengaluru,35-44,Android,YouTube
5679,2026-01-26,Visakhapatnam,25-34,Android,Instagram
5680,2026-02-16,Pune,45+,iOS,Organic
5681,2026-02-24,Visakhapatnam,25-34,iOS,Instagram
5682,2026-03-27,Delhi,45+,Android,Instagram
5683,2026-02-02,Visakhapatnam,35-44,Android,Referral
5684,2026-03-18,Delhi,35-44,Android,Referral
5685,2026-01-02,Visakhapatnam,35-44,Android,Referral
5686,2026-04-20,Visakhapatnam,35-44,Android,Organic
5687,2026-05-30,Bengaluru,25-34,Android,Referral
5688,2026-06-12,Mumbai,45+,Android,Google Ads
5689,2026-03-12,Mumbai,35-44,Android,Referral
5690,2026-03-01,Bengaluru,45+,iOS,Organic
5691,2026-03-27,Mumbai,25-34,iOS,Referral
5692,2026-04-05,Delhi,35-44,Android,Organic
5693,2026-03-10,Chennai,45+,iOS,Instagram
5694,2026-03-05,Delhi,18-24,Android,Referral
5695,2026-04-17,Bengaluru,18-24,Android,Instagram
5696,2026-02-26,Visakhapatnam,45+,iOS,Push Notification
5697,2026-04-05,Visakhapatnam,35-44,iOS,Instagram
5698,2026-04-11,Chennai,35-44,Android,Instagram
5699,2026-02-23,Pune,45+,Android,Push Notification
5700,2026-05-28,Pune,35-44,iOS,Google Ads
5701,2026-03-16,Visakhapatnam,45+,Android,YouTube
5702,2026-02-08,Bengaluru,18-24,Android,Organic
5703,2026-02-10,Mumbai,45+,iOS,Push Notification
5704,2026-04-18,Visakhapatnam,25-34,Android,Google Ads
5705,2026-06-18,Bengaluru,45+,Android,YouTube
5706,2026-04-20,Visakhapatnam,18-24,Android,Organic
5707,2026-04-11,Mumbai,25-34,Android,Referral
5708,2026-06-01,Mumbai,25-34,Android,YouTube
5709,2026-06-18,Hyderabad,45+,Android,Google Ads
5710,2026-06-22,Pune,18-24,Android,YouTube
5711,2026-06-17,Visakhapatnam,45+,Android,Google Ads
5712,2026-01-06,Chennai,25-34,Android,Referral
5713,2026-01-16,Chennai,25-34,iOS,Organic
5714,2026-01-25,Bengaluru,45+,iOS,YouTube
5715,2026-01-05,Pune,25-34,Android,Instagram
5716,2026-05-27,Visakhapatnam,18-24,Android,Organic
5717,2026-03-15,Chennai,25-34,Android,Instagram
5718,2026-04-24,Chennai,25-34,Android,Instagram
5719,2026-02-06,Mumbai,25-34,Android,Push Notification
5720,2026-03-17,Bengaluru,45+,Android,Google Ads
5721,2026-06-03,Hyderabad,45+,Android,YouTube
5722,2026-05-31,Mumbai,35-44,Android,Referral
5723,2026-05-27,Bengaluru,18-24,iOS,Organic
5724,2026-02-16,Mumbai,45+,iOS,Referral
5725,2026-03-16,Pune,45+,Android,Referral
5726,2026-04-26,Mumbai,18-24,Android,YouTube
5727,2026-02-27,Visakhapatnam,35-44,Android,Organic
5728,2026-01-09,Hyderabad,45+,Android,Instagram
5729,2026-05-27,Hyderabad,18-24,Android,Push Notification
5730,2026-03-05,Pune,35-44,iOS,Organic
5731,2026-01-21,Visakhapatnam,25-34,Android,Instagram
5732,2026-02-25,Chennai,45+,iOS,Push Notification
5733,2026-02-22,Mumbai,35-44,Android,Organic
5734,2026-03-14,Hyderabad,35-44,Android,Organic
5735,2026-01-19,Delhi,45+,Android,Google Ads
5736,2026-01-10,Hyderabad,35-44,iOS,Organic
5737,2026-01-27,Chennai,18-24,iOS,YouTube
5738,2026-06-17,Mumbai,18-24,iOS,Organic
5739,2026-03-21,Mumbai,25-34,iOS,Organic
5740,2026-02-08,Pune,45+,iOS,Organic
5741,2026-04-14,Pune,18-24,iOS,Organic
5742,2026-06-08,Pune,18-24,Android,Google Ads
5743,2026-02-01,Delhi,25-34,Android,Push Notification
5744,2026-03-26,Bengaluru,35-44,iOS,Organic
5745,2026-02-23,Bengaluru,25-34,Android,Organic
5746,2026-06-28,Chennai,18-24,Android,YouTube
5747,2026-01-26,Visakhapatnam,45+,Android,Instagram
5748,2026-05-04,Hyderabad,18-24,iOS,Organic
5749,2026-02-22,Visakhapatnam,18-24,Android,Instagram
5750,2026-01-05,Visakhapatnam,35-44,iOS,Push Notification
5751,2026-01-02,Visakhapatnam,18-24,Android,Organic
5752,2026-02-03,Delhi,45+,iOS,Instagram
5753,2026-03-23,Visakhapatnam,45+,iOS,Organic
5754,2026-06-05,Visakhapatnam,45+,Android,YouTube
5755,2026-04-05,Chennai,45+,Android,Referral
5756,2026-02-18,Pune,18-24,Android,Organic
5757,2026-01-10,Mumbai,45+,Android,Organic
5758,2026-06-18,Chennai,18-24,iOS,Instagram
5759,2026-02-13,Visakhapatnam,25-34,Android,Instagram
5760,2026-01-13,Hyderabad,25-34,Android,Instagram
5761,2026-02-25,Bengaluru,18-24,Android,Push Notification
5762,2026-04-21,Mumbai,25-34,Android,Referral
5763,2026-05-21,Bengaluru,35-44,Android,Instagram
5764,2026-02-14,Delhi,45+,iOS,Organic
5765,2026-01-01,Visakhapatnam,35-44,Android,Push Notification
5766,2026-01-17,Mumbai,45+,Android,YouTube
5767,2026-06-30,Pune,35-44,Android,Instagram
5768,2026-04-20,Chennai,35-44,Android,YouTube
5769,2026-02-26,Hyderabad,18-24,Android,YouTube
5770,2026-06-10,Mumbai,35-44,Android,Instagram
5771,2026-06-19,Chennai,25-34,Android,YouTube
5772,2026-03-17,Visakhapatnam,25-34,Android,Push Notification
5773,2026-01-23,Chennai,25-34,Android,Google Ads
5774,2026-06-17,Bengaluru,45+,Android,Instagram
5775,2026-04-08,Delhi,18-24,Android,Push Notification
5776,2026-01-11,Hyderabad,35-44,iOS,Push Notification
5777,2026-03-12,Hyderabad,25-34,Android,Referral
5778,2026-05-11,Mumbai,45+,iOS,Instagram
5779,2026-01-11,Delhi,45+,iOS,Organic
5780,2026-01-02,Hyderabad,45+,Android,YouTube
5781,2026-01-16,Mumbai,35-44,iOS,Organic
5782,2026-05-05,Visakhapatnam,25-34,Android,Referral
5783,2026-02-13,Visakhapatnam,18-24,Android,Push Notification
5784,2026-02-11,Visakhapatnam,25-34,Android,Google Ads
5785,2026-02-16,Visakhapatnam,25-34,Android,YouTube
5786,2026-03-13,Chennai,35-44,iOS,YouTube
5787,2026-02-19,Bengaluru,35-44,Android,Instagram
5788,2026-01-24,Hyderabad,35-44,Android,Organic
5789,2026-02-28,Bengaluru,18-24,iOS,Google Ads
5790,2026-03-30,Mumbai,18-24,iOS,Instagram
5791,2026-02-19,Bengaluru,45+,iOS,Google Ads
5792,2026-06-14,Pune,25-34,iOS,Organic
5793,2026-04-22,Bengaluru,18-24,Android,Push Notification
5794,2026-04-03,Chennai,18-24,Android,Referral
5795,2026-05-15,Visakhapatnam,18-24,Android,YouTube
5796,2026-01-05,Delhi,18-24,Android,Instagram
5797,2026-01-27,Pune,35-44,iOS,Push Notification
5798,2026-03-26,Visakhapatnam,35-44,Android,Instagram
5799,2026-02-02,Delhi,18-24,iOS,Instagram
5800,2026-03-15,Chennai,45+,iOS,Instagram
5801,2026-06-10,Visakhapatnam,18-24,Android,Push Notification
5802,2026-05-11,Mumbai,25-34,Android,Google Ads
5803,2026-03-30,Chennai,18-24,Android,Google Ads
5804,2026-04-29,Pune,18-24,Android,Organic
5805,2026-02-26,Delhi,45+,Android,Google Ads
5806,2026-04-14,Pune,18-24,Android,Instagram
5807,2026-05-22,Bengaluru,35-44,iOS,Instagram
5808,2026-06-01,Pune,35-44,Android,Organic
5809,2026-05-20,Delhi,35-44,Android,Push Notification
5810,2026-01-01,Delhi,45+,Android,Referral
5811,2026-05-26,Mumbai,18-24,Android,Instagram
5812,2026-02-09,Pune,45+,Android,Organic
5813,2026-01-13,Chennai,35-44,Android,Google Ads
5814,2026-03-01,Chennai,35-44,Android,Organic
5815,2026-01-22,Chennai,35-44,Android,Referral
5816,2026-01-24,Visakhapatnam,45+,Android,Organic
5817,2026-03-18,Pune,18-24,Android,Google Ads
5818,2026-06-12,Hyderabad,35-44,Android,Push Notification
5819,2026-04-13,Pune,25-34,Android,Referral
5820,2026-03-17,Bengaluru,35-44,Android,Referral
5821,2026-02-16,Bengaluru,18-24,Android,Push Notification
5822,2026-02-17,Visakhapatnam,25-34,iOS,Google Ads
5823,2026-02-24,Bengaluru,18-24,iOS,Instagram
5824,2026-01-21,Chennai,25-34,Android,Push Notification
5825,2026-03-26,Bengaluru,25-34,iOS,Referral
5826,2026-06-03,Hyderabad,35-44,Android,Instagram
5827,2026-04-28,Bengaluru,18-24,Android,Referral
5828,2026-05-25,Delhi,45+,Android,Instagram
5829,2026-02-12,Bengaluru,45+,Android,Google Ads
5830,2026-02-26,Mumbai,25-34,Android,Instagram
5831,2026-06-22,Pune,35-44,Android,Google Ads
5832,2026-01-22,Bengaluru,25-34,Android,Google Ads
5833,2026-01-12,Bengaluru,18-24,iOS,Google Ads
5834,2026-06-04,Chennai,45+,Android,Push Notification
5835,2026-06-08,Pune,18-24,Android,Organic
5836,2026-05-05,Bengaluru,25-34,Android,Google Ads
5837,2026-01-07,Bengaluru,18-24,Android,YouTube
5838,2026-02-15,Hyderabad,35-44,Android,YouTube
5839,2026-02-15,Chennai,45+,Android,Referral
5840,2026-01-02,Chennai,25-34,iOS,Instagram
5841,2026-01-09,Visakhapatnam,18-24,iOS,YouTube
5842,2026-02-10,Pune,18-24,Android,Instagram
5843,2026-01-02,Visakhapatnam,25-34,Android,Organic
5844,2026-06-21,Pune,18-24,Android,Google Ads
5845,2026-06-14,Visakhapatnam,25-34,Android,Google Ads
5846,2026-05-06,Pune,45+,Android,Organic
5847,2026-01-01,Hyderabad,18-24,Android,YouTube
5848,2026-06-15,Bengaluru,45+,Android,Google Ads
5849,2026-02-17,Delhi,35-44,Android,Push Notification
5850,2026-06-23,Bengaluru,45+,Android,Push Notification
5851,2026-04-05,Bengaluru,35-44,Android,Referral
5852,2026-05-29,Pune,25-34,Android,Instagram
5853,2026-03-30,Mumbai,25-34,Android,Google Ads
5854,2026-01-22,Chennai,45+,Android,YouTube
5855,2026-01-20,Bengaluru,35-44,Android,Referral
5856,2026-03-15,Delhi,25-34,Android,Push Notification
5857,2026-01-31,Pune,35-44,iOS,Instagram
5858,2026-02-20,Mumbai,18-24,iOS,Push Notification
5859,2026-04-26,Chennai,45+,iOS,Push Notification
5860,2026-04-20,Bengaluru,18-24,Android,Push Notification
5861,2026-05-01,Mumbai,45+,Android,Organic
5862,2026-05-28,Visakhapatnam,18-24,iOS,Push Notification
5863,2026-03-24,Chennai,18-24,Android,Organic
5864,2026-06-09,Hyderabad,25-34,Android,Organic
5865,2026-06-22,Hyderabad,45+,Android,YouTube
5866,2026-06-24,Chennai,18-24,Android,Referral
5867,2026-06-11,Chennai,25-34,Android,Google Ads
5868,2026-02-08,Visakhapatnam,45+,Android,Instagram
5869,2026-05-30,Visakhapatnam,18-24,iOS,Referral
5870,2026-06-12,Pune,35-44,Android,Instagram
5871,2026-04-17,Visakhapatnam,45+,Android,Instagram
5872,2026-02-08,Pune,35-44,Android,Organic
5873,2026-01-08,Mumbai,25-34,Android,Instagram
5874,2026-03-04,Pune,25-34,iOS,Push Notification
5875,2026-06-28,Hyderabad,25-34,Android,Referral
5876,2026-03-30,Pune,45+,Android,Google Ads
5877,2026-02-02,Chennai,35-44,Android,Push Notification
5878,2026-05-22,Visakhapatnam,45+,Android,YouTube
5879,2026-01-19,Bengaluru,25-34,iOS,Google Ads
5880,2026-01-11,Hyderabad,18-24,iOS,Push Notification
5881,2026-01-08,Delhi,45+,iOS,Google Ads
5882,2026-06-29,Chennai,45+,Android,Referral
5883,2026-04-24,Delhi,25-34,iOS,Instagram
5884,2026-01-17,Delhi,25-34,Android,Instagram
5885,2026-03-22,Bengaluru,25-34,iOS,Google Ads
5886,2026-05-06,Delhi,35-44,Android,Instagram
5887,2026-04-09,Pune,45+,iOS,Instagram
5888,2026-05-16,Chennai,35-44,Android,Google Ads
5889,2026-02-12,Bengaluru,35-44,iOS,Organic
5890,2026-01-06,Bengaluru,45+,Android,Instagram
5891,2026-01-02,Chennai,25-34,iOS,Referral
5892,2026-03-25,Chennai,35-44,iOS,Google Ads
5893,2026-06-22,Hyderabad,45+,iOS,Referral
5894,2026-04-17,Mumbai,45+,Android,Google Ads
5895,2026-03-23,Mumbai,18-24,Android,YouTube
5896,2026-02-25,Bengaluru,35-44,iOS,Organic
5897,2026-02-03,Pune,18-24,Android,Push Notification
5898,2026-04-06,Hyderabad,25-34,Android,Google Ads
5899,2026-03-16,Chennai,45+,Android,Push Notification
5900,2026-06-29,Mumbai,18-24,Android,Instagram
5901,2026-05-07,Mumbai,45+,iOS,Google Ads
5902,2026-04-06,Hyderabad,35-44,Android,Organic
5903,2026-04-28,Hyderabad,25-34,Android,YouTube
5904,2026-05-16,Visakhapatnam,18-24,Android,YouTube
5905,2026-06-24,Delhi,25-34,iOS,Google Ads
5906,2026-04-24,Mumbai,25-34,Android,YouTube
5907,2026-06-28,Mumbai,35-44,Android,Push Notification
5908,2026-04-12,Chennai,45+,iOS,Referral
5909,2026-01-04,Chennai,25-34,Android,Google Ads
5910,2026-06-21,Visakhapatnam,45+,Android,Organic
5911,2026-01-18,Visakhapatnam,25-34,Android,Organic
5912,2026-06-23,Pune,35-44,Android,Instagram
5913,2026-02-02,Chennai,35-44,iOS,YouTube
5914,2026-02-22,Visakhapatnam,25-34,Android,Referral
5915,2026-06-22,Pune,45+,Android,YouTube
5916,2026-02-12,Mumbai,45+,Android,Push Notification
5917,2026-06-13,Hyderabad,25-34,Android,Instagram
5918,2026-06-13,Mumbai,35-44,Android,Instagram
5919,2026-04-22,Pune,25-34,Android,Instagram
5920,2026-04-18,Bengaluru,18-24,Android,Google Ads
5921,2026-02-07,Bengaluru,35-44,iOS,Organic
5922,2026-05-25,Visakhapatnam,35-44,Android,Push Notification
5923,2026-01-01,Hyderabad,18-24,iOS,Instagram
5924,2026-04-11,Hyderabad,45+,Android,YouTube
5925,2026-06-26,Mumbai,18-24,Android,Organic
5926,2026-02-25,Pune,18-24,Android,Push Notification
5927,2026-01-18,Hyderabad,35-44,Android,Google Ads
5928,2026-01-17,Bengaluru,45+,Android,YouTube
5929,2026-03-29,Hyderabad,25-34,iOS,Google Ads
5930,2026-05-14,Mumbai,18-24,Android,Push Notification
5931,2026-02-25,Chennai,35-44,Android,Instagram
5932,2026-05-10,Hyderabad,25-34,Android,Push Notification
5933,2026-01-04,Hyderabad,45+,Android,Instagram
5934,2026-04-08,Bengaluru,45+,Android,Referral
5935,2026-05-21,Bengaluru,18-24,Android,YouTube
5936,2026-01-10,Visakhapatnam,45+,iOS,Push Notification
5937,2026-01-27,Chennai,25-34,Android,Organic
5938,2026-04-22,Hyderabad,18-24,Android,Referral
5939,2026-04-19,Delhi,45+,Android,YouTube
5940,2026-05-27,Chennai,45+,Android,YouTube
5941,2026-05-14,Visakhapatnam,25-34,Android,Organic
5942,2026-05-02,Delhi,18-24,iOS,Organic
5943,2026-03-27,Pune,25-34,Android,Instagram
5944,2026-04-02,Mumbai,18-24,Android,Referral
5945,2026-03-25,Chennai,25-34,Android,Google Ads
5946,2026-04-04,Visakhapatnam,25-34,Android,YouTube
5947,2026-05-11,Visakhapatnam,35-44,Android,Referral
5948,2026-06-18,Visakhapatnam,18-24,Android,Push Notification
5949,2026-05-04,Bengaluru,18-24,Android,Instagram
5950,2026-05-19,Delhi,35-44,iOS,Referral
5951,2026-05-21,Chennai,25-34,Android,Google Ads
5952,2026-01-02,Visakhapatnam,35-44,Android,Referral
5953,2026-02-15,Chennai,45+,Android,YouTube
5954,2026-06-15,Visakhapatnam,35-44,Android,Push Notification
5955,2026-04-05,Delhi,18-24,Android,Google Ads
5956,2026-05-13,Bengaluru,35-44,Android,Google Ads
5957,2026-01-02,Delhi,45+,iOS,Organic
5958,2026-05-18,Pune,45+,Android,Push Notification
5959,2026-01-03,Mumbai,45+,iOS,Google Ads
5960,2026-05-23,Delhi,25-34,iOS,Referral
5961,2026-05-01,Chennai,18-24,Android,YouTube
5962,2026-03-16,Visakhapatnam,35-44,Android,Push Notification
5963,2026-05-04,Mumbai,45+,Android,YouTube
5964,2026-01-16,Hyderabad,45+,iOS,Google Ads
5965,2026-01-19,Hyderabad,25-34,iOS,Instagram
5966,2026-02-06,Visakhapatnam,35-44,Android,Referral
5967,2026-02-25,Mumbai,18-24,Android,Push Notification
5968,2026-05-04,Delhi,45+,iOS,Organic
5969,2026-06-08,Delhi,45+,iOS,Push Notification
5970,2026-05-29,Pune,45+,Android,Instagram
5971,2026-06-06,Chennai,35-44,iOS,Referral
5972,2026-04-27,Chennai,35-44,Android,YouTube
5973,2026-06-24,Chennai,25-34,Android,Instagram
5974,2026-01-05,Hyderabad,35-44,Android,Instagram
5975,2026-02-05,Mumbai,45+,Android,Instagram
5976,2026-02-20,Delhi,45+,Android,Push Notification
5977,2026-02-16,Visakhapatnam,18-24,Android,Instagram
5978,2026-03-04,Pune,18-24,Android,Instagram
5979,2026-06-27,Bengaluru,45+,Android,Referral
5980,2026-01-13,Delhi,18-24,Android,Push Notification
5981,2026-05-31,Hyderabad,18-24,iOS,Instagram
5982,2026-01-10,Mumbai,18-24,Android,Referral
5983,2026-02-08,Chennai,18-24,Android,Organic
5984,2026-02-04,Chennai,35-44,Android,Push Notification
5985,2026-02-23,Mumbai,35-44,iOS,Instagram
5986,2026-06-03,Chennai,25-34,Android,Instagram
5987,2026-05-10,Pune,25-34,Android,Organic
5988,2026-06-03,Visakhapatnam,18-24,Android,Referral
5989,2026-05-01,Pune,18-24,iOS,Referral
5990,2026-03-04,Mumbai,45+,iOS,Referral
5991,2026-03-14,Mumbai,25-34,iOS,Organic
5992,2026-02-23,Hyderabad,45+,Android,Push Notification
5993,2026-04-15,Chennai,35-44,Android,YouTube
5994,2026-02-06,Bengaluru,45+,Android,Instagram
5995,2026-06-01,Visakhapatnam,45+,Android,Instagram
5996,2026-01-01,Hyderabad,18-24,Android,Push Notification
5997,2026-06-22,Mumbai,25-34,Android,Referral
5998,2026-06-20,Hyderabad,18-24,Android,Push Notification
5999,2026-04-07,Delhi,18-24,Android,YouTube
6000,2026-01-07,Pune,35-44,Android,Google Ads
6001,2026-05-07,Hyderabad,45+,iOS,Google Ads
6002,2026-01-15,Mumbai,25-34,iOS,Instagram
6003,2026-04-18,Delhi,25-34,Android,Push Notification
6004,2026-02-21,Delhi,18-24,Android,Organic
6005,2026-01-15,Mumbai,18-24,Android,YouTube
6006,2026-06-02,Pune,25-34,Android,Referral
6007,2026-05-14,Hyderabad,18-24,iOS,Instagram
6008,2026-05-17,Hyderabad,25-34,Android,Google Ads
6009,2026-03-27,Mumbai,35-44,Android,YouTube
6010,2026-06-03,Delhi,25-34,Android,Organic
6011,2026-06-09,Mumbai,25-34,Android,Instagram
6012,2026-06-30,Visakhapatnam,45+,Android,Organic
6013,2026-03-04,Delhi,45+,Android,YouTube
6014,2026-06-14,Hyderabad,18-24,Android,Google Ads
6015,2026-06-22,Mumbai,45+,Android,Instagram
6016,2026-05-27,Bengaluru,45+,iOS,Instagram
6017,2026-04-28,Delhi,18-24,iOS,Push Notification
6018,2026-02-26,Hyderabad,18-24,Android,Instagram
6019,2026-06-24,Pune,25-34,Android,Push Notification
6020,2026-03-04,Hyderabad,45+,Android,Google Ads
6021,2026-06-04,Chennai,35-44,iOS,Organic
6022,2026-05-23,Pune,18-24,iOS,Google Ads
6023,2026-06-20,Chennai,25-34,Android,Referral
6024,2026-04-02,Mumbai,18-24,iOS,Organic
6025,2026-04-14,Delhi,45+,Android,Push Notification
6026,2026-01-26,Pune,45+,Android,Google Ads
6027,2026-06-18,Pune,25-34,Android,Google Ads
6028,2026-04-21,Pune,35-44,Android,Push Notification
6029,2026-06-17,Chennai,25-34,Android,Referral
6030,2026-02-14,Pune,25-34,Android,Referral
6031,2026-04-22,Chennai,18-24,Android,Push Notification
6032,2026-02-19,Chennai,45+,Android,Referral
6033,2026-03-25,Visakhapatnam,25-34,Android,Push Notification
6034,2026-06-04,Mumbai,18-24,Android,YouTube
6035,2026-05-30,Visakhapatnam,35-44,Android,Organic
6036,2026-02-04,Bengaluru,35-44,Android,Referral
6037,2026-04-30,Visakhapatnam,45+,Android,YouTube
6038,2026-05-07,Chennai,35-44,Android,Google Ads
6039,2026-05-23,Bengaluru,18-24,Android,Organic
6040,2026-03-16,Hyderabad,45+,Android,Referral
6041,2026-03-26,Chennai,25-34,Android,Google Ads
6042,2026-06-01,Delhi,35-44,iOS,Instagram
6043,2026-01-24,Pune,45+,Android,Organic
6044,2026-03-20,Pune,45+,Android,Push Notification
6045,2026-04-03,Delhi,18-24,Android,YouTube
6046,2026-02-17,Bengaluru,35-44,Android,Push Notification
6047,2026-02-16,Pune,45+,Android,Referral
6048,2026-03-31,Mumbai,45+,iOS,Push Notification
6049,2026-03-01,Mumbai,18-24,iOS,YouTube
6050,2026-02-20,Hyderabad,18-24,Android,Google Ads
6051,2026-03-29,Mumbai,18-24,Android,YouTube
6052,2026-04-11,Delhi,18-24,Android,Google Ads
6053,2026-05-27,Delhi,18-24,Android,Push Notification
6054,2026-06-03,Bengaluru,25-34,iOS,Google Ads
6055,2026-02-28,Delhi,25-34,Android,Google Ads
6056,2026-01-31,Mumbai,18-24,Android,Organic
6057,2026-01-04,Delhi,45+,Android,Organic
6058,2026-02-04,Delhi,35-44,iOS,Referral
6059,2026-06-16,Mumbai,45+,Android,Push Notification
6060,2026-05-27,Chennai,35-44,Android,Push Notification
6061,2026-06-12,Bengaluru,18-24,Android,Instagram
6062,2026-05-07,Delhi,18-24,iOS,Instagram
6063,2026-03-20,Chennai,35-44,iOS,Push Notification
6064,2026-05-07,Bengaluru,18-24,iOS,YouTube
6065,2026-05-07,Delhi,25-34,Android,Instagram
6066,2026-03-06,Bengaluru,25-34,Android,Push Notification
6067,2026-01-17,Bengaluru,45+,Android,YouTube
6068,2026-05-18,Mumbai,45+,Android,YouTube
6069,2026-02-20,Mumbai,35-44,Android,Instagram
6070,2026-05-24,Mumbai,25-34,Android,Instagram
6071,2026-06-17,Pune,45+,Android,Referral
6072,2026-05-07,Visakhapatnam,45+,iOS,Instagram
6073,2026-05-13,Bengaluru,25-34,Android,Push Notification
6074,2026-04-28,Chennai,35-44,Android,Organic
6075,2026-05-11,Pune,35-44,Android,Push Notification
6076,2026-04-15,Delhi,25-34,Android,Push Notification
6077,2026-03-06,Bengaluru,25-34,iOS,Push Notification
6078,2026-04-21,Pune,35-44,iOS,Organic
6079,2026-04-02,Hyderabad,35-44,Android,Organic
6080,2026-04-03,Mumbai,18-24,Android,YouTube
6081,2026-03-10,Chennai,45+,Android,Organic
6082,2026-01-14,Chennai,25-34,Android,YouTube
6083,2026-02-20,Pune,18-24,Android,Referral
6084,2026-02-28,Mumbai,45+,iOS,YouTube
6085,2026-03-22,Bengaluru,35-44,Android,Push Notification
6086,2026-01-02,Visakhapatnam,18-24,Android,Google Ads
6087,2026-03-27,Pune,35-44,Android,Organic
6088,2026-06-23,Visakhapatnam,18-24,Android,Instagram
6089,2026-01-06,Mumbai,25-34,iOS,Organic
6090,2026-03-21,Visakhapatnam,35-44,Android,Organic
6091,2026-02-05,Chennai,35-44,iOS,Push Notification
6092,2026-06-22,Mumbai,25-34,iOS,Referral
6093,2026-06-08,Delhi,35-44,Android,Push Notification
6094,2026-01-26,Hyderabad,25-34,Android,Instagram
6095,2026-05-28,Hyderabad,35-44,iOS,Google Ads
6096,2026-04-13,Bengaluru,25-34,iOS,Instagram
6097,2026-02-08,Pune,45+,iOS,Referral
6098,2026-02-16,Delhi,35-44,Android,Organic
6099,2026-05-15,Bengaluru,45+,Android,Google Ads
6100,2026-05-22,Mumbai,35-44,Android,Instagram
6101,2026-01-21,Bengaluru,45+,iOS,YouTube
6102,2026-06-10,Hyderabad,25-34,Android,Organic
6103,2026-05-03,Mumbai,35-44,Android,Instagram
6104,2026-03-22,Delhi,25-34,Android,Push Notification
6105,2026-01-09,Delhi,45+,Android,Google Ads
6106,2026-05-20,Delhi,18-24,Android,Google Ads
6107,2026-03-05,Chennai,35-44,Android,Google Ads
6108,2026-01-23,Mumbai,35-44,iOS,Instagram
6109,2026-04-19,Mumbai,25-34,iOS,Instagram
6110,2026-01-26,Visakhapatnam,45+,Android,Instagram
6111,2026-05-15,Hyderabad,45+,Android,Organic
6112,2026-05-31,Pune,18-24,Android,Google Ads
6113,2026-01-22,Pune,45+,Android,Google Ads
6114,2026-06-08,Pune,35-44,iOS,Referral
6115,2026-05-07,Hyderabad,35-44,Android,Push Notification
6116,2026-03-26,Mumbai,25-34,iOS,Google Ads
6117,2026-06-23,Mumbai,45+,Android,Push Notification
6118,2026-01-26,Visakhapatnam,25-34,Android,Google Ads
6119,2026-05-16,Pune,18-24,Android,Instagram
6120,2026-01-24,Mumbai,35-44,Android,Organic
6121,2026-02-07,Bengaluru,25-34,Android,Instagram
6122,2026-01-12,Delhi,25-34,Android,Push Notification
6123,2026-03-02,Hyderabad,25-34,Android,Referral
6124,2026-04-03,Delhi,35-44,Android,Referral
6125,2026-02-17,Pune,18-24,Android,Instagram
6126,2026-03-16,Pune,18-24,iOS,Push Notification
6127,2026-03-08,Visakhapatnam,18-24,Android,Push Notification
6128,2026-02-21,Mumbai,35-44,Android,YouTube
6129,2026-04-06,Visakhapatnam,18-24,iOS,Push Notification
6130,2026-06-17,Delhi,25-34,Android,YouTube
6131,2026-05-04,Chennai,18-24,Android,Organic
6132,2026-03-24,Hyderabad,45+,Android,YouTube
6133,2026-01-30,Mumbai,45+,Android,Referral
6134,2026-03-28,Delhi,18-24,iOS,Google Ads
6135,2026-02-11,Pune,18-24,iOS,Google Ads
6136,2026-06-25,Pune,18-24,iOS,Push Notification
6137,2026-05-09,Chennai,25-34,iOS,Google Ads
6138,2026-02-10,Hyderabad,25-34,Android,Organic
6139,2026-03-24,Chennai,25-34,Android,Referral
6140,2026-05-04,Hyderabad,18-24,Android,YouTube
6141,2026-05-12,Mumbai,45+,Android,Referral
6142,2026-06-14,Bengaluru,35-44,iOS,Push Notification
6143,2026-06-08,Delhi,18-24,Android,Google Ads
6144,2026-01-15,Bengaluru,35-44,Android,Organic
6145,2026-02-15,Hyderabad,25-34,iOS,Referral
6146,2026-05-14,Visakhapatnam,45+,Android,Organic
6147,2026-02-24,Mumbai,35-44,Android,Organic
6148,2026-02-13,Pune,35-44,Android,Referral
6149,2026-04-12,Hyderabad,25-34,Android,Organic
6150,2026-03-11,Hyderabad,25-34,Android,Push Notification
6151,2026-06-26,Chennai,35-44,Android,Organic
6152,2026-05-18,Mumbai,25-34,Android,Referral
6153,2026-05-19,Pune,18-24,Android,Google Ads
6154,2026-05-21,Mumbai,25-34,Android,Organic
6155,2026-01-13,Delhi,35-44,Android,Google Ads
6156,2026-03-13,Chennai,18-24,Android,Instagram
6157,2026-02-10,Visakhapatnam,18-24,Android,YouTube
6158,2026-06-18,Pune,25-34,Android,Google Ads
6159,2026-02-14,Hyderabad,25-34,Android,Organic
6160,2026-06-22,Chennai,18-24,iOS,Push Notification
6161,2026-04-16,Visakhapatnam,45+,iOS,Google Ads
6162,2026-05-18,Pune,18-24,Android,Push Notification
6163,2026-05-03,Visakhapatnam,45+,Android,Referral
6164,2026-05-11,Pune,35-44,Android,Referral
6165,2026-05-04,Visakhapatnam,18-24,Android,Instagram
6166,2026-02-03,Hyderabad,35-44,Android,Organic
6167,2026-01-13,Chennai,18-24,Android,Referral
6168,2026-03-03,Bengaluru,35-44,iOS,Organic
6169,2026-06-17,Mumbai,35-44,Android,Google Ads
6170,2026-04-28,Hyderabad,35-44,Android,Organic
6171,2026-05-30,Delhi,18-24,Android,Push Notification
6172,2026-03-19,Bengaluru,35-44,iOS,Referral
6173,2026-06-05,Chennai,25-34,Android,Instagram
6174,2026-03-28,Chennai,18-24,Android,Referral
6175,2026-04-20,Chennai,18-24,Android,Referral
6176,2026-06-25,Delhi,18-24,Android,Push Notification
6177,2026-05-09,Pune,45+,iOS,Referral
6178,2026-03-03,Pune,35-44,Android,Google Ads
6179,2026-04-13,Delhi,45+,iOS,Referral
6180,2026-05-20,Visakhapatnam,18-24,Android,Referral
6181,2026-02-23,Chennai,18-24,Android,YouTube
6182,2026-05-03,Mumbai,35-44,iOS,Organic
6183,2026-02-12,Mumbai,25-34,Android,Push Notification
6184,2026-03-15,Mumbai,45+,iOS,Instagram
6185,2026-03-18,Delhi,45+,iOS,Google Ads
6186,2026-05-07,Chennai,25-34,iOS,Organic
6187,2026-03-17,Mumbai,18-24,Android,Referral
6188,2026-04-17,Delhi,18-24,Android,Google Ads
6189,2026-06-10,Mumbai,18-24,Android,Instagram
6190,2026-05-11,Visakhapatnam,18-24,Android,YouTube
6191,2026-04-18,Visakhapatnam,45+,Android,Organic
6192,2026-03-06,Chennai,35-44,Android,YouTube
6193,2026-04-10,Pune,45+,iOS,Google Ads
6194,2026-04-07,Pune,25-34,Android,Instagram
6195,2026-05-19,Visakhapatnam,45+,Android,Push Notification
6196,2026-02-28,Chennai,25-34,Android,Organic
6197,2026-03-30,Pune,25-34,iOS,Google Ads
6198,2026-06-30,Pune,18-24,Android,Google Ads
6199,2026-05-04,Hyderabad,45+,Android,Google Ads
6200,2026-03-13,Hyderabad,18-24,iOS,Organic
6201,2026-04-07,Mumbai,25-34,Android,Organic
6202,2026-05-20,Chennai,25-34,Android,Google Ads
6203,2026-03-13,Chennai,18-24,Android,Organic
6204,2026-01-23,Pune,18-24,Android,YouTube
6205,2026-04-13,Mumbai,18-24,iOS,Referral
6206,2026-03-27,Mumbai,45+,Android,Push Notification
6207,2026-05-14,Mumbai,35-44,iOS,Referral
6208,2026-03-14,Pune,45+,Android,Organic
6209,2026-03-22,Visakhapatnam,25-34,Android,Organic
6210,2026-01-29,Bengaluru,45+,iOS,Referral
6211,2026-04-02,Pune,18-24,Android,YouTube
6212,2026-06-19,Hyderabad,18-24,Android,Referral
6213,2026-02-24,Mumbai,35-44,Android,Google Ads
6214,2026-01-25,Chennai,25-34,iOS,Google Ads
6215,2026-06-02,Chennai,35-44,iOS,Referral
6216,2026-02-15,Mumbai,45+,Android,YouTube
6217,2026-03-20,Pune,45+,Android,YouTube
6218,2026-05-10,Hyderabad,18-24,Android,Google Ads
6219,2026-05-15,Delhi,18-24,Android,Google Ads
6220,2026-06-28,Hyderabad,18-24,iOS,Push Notification
6221,2026-01-04,Chennai,18-24,Android,Referral
6222,2026-03-31,Visakhapatnam,25-34,Android,Google Ads
6223,2026-06-26,Visakhapatnam,45+,iOS,Google Ads
6224,2026-01-20,Chennai,35-44,Android,Organic
6225,2026-01-12,Bengaluru,18-24,Android,Push Notification
6226,2026-02-11,Pune,35-44,iOS,Instagram
6227,2026-05-13,Delhi,35-44,Android,Instagram
6228,2026-06-27,Chennai,25-34,Android,YouTube
6229,2026-05-21,Delhi,18-24,Android,Instagram
6230,2026-02-25,Pune,25-34,Android,Instagram
6231,2026-03-29,Hyderabad,45+,iOS,Organic
6232,2026-06-03,Mumbai,25-34,Android,Organic
6233,2026-06-11,Mumbai,35-44,iOS,Referral
6234,2026-02-15,Hyderabad,25-34,iOS,Referral
6235,2026-01-10,Hyderabad,45+,Android,YouTube
6236,2026-03-08,Bengaluru,35-44,Android,Google Ads
6237,2026-05-23,Bengaluru,35-44,Android,Instagram
6238,2026-04-10,Visakhapatnam,18-24,Android,Organic
6239,2026-05-01,Pune,45+,Android,Push Notification
6240,2026-03-28,Delhi,18-24,Android,Referral
6241,2026-06-28,Mumbai,35-44,Android,YouTube
6242,2026-05-18,Chennai,25-34,Android,Push Notification
6243,2026-01-09,Pune,25-34,iOS,Referral
6244,2026-05-04,Mumbai,25-34,Android,Organic
6245,2026-04-18,Chennai,18-24,Android,Google Ads
6246,2026-02-25,Pune,45+,Android,Referral
6247,2026-04-26,Hyderabad,45+,Android,Organic
6248,2026-05-03,Mumbai,25-34,iOS,Organic
6249,2026-06-30,Visakhapatnam,35-44,Android,Google Ads
6250,2026-06-15,Visakhapatnam,35-44,Android,YouTube
6251,2026-05-15,Delhi,25-34,iOS,Organic
6252,2026-04-16,Mumbai,25-34,Android,Google Ads
6253,2026-04-22,Bengaluru,35-44,iOS,Organic
6254,2026-05-20,Hyderabad,35-44,Android,Google Ads
6255,2026-03-17,Delhi,35-44,Android,Push Notification
6256,2026-01-08,Visakhapatnam,35-44,Android,Instagram
6257,2026-01-02,Mumbai,35-44,Android,Instagram
6258,2026-06-29,Hyderabad,18-24,Android,YouTube
6259,2026-04-20,Mumbai,18-24,iOS,Referral
6260,2026-03-12,Hyderabad,35-44,Android,Referral
6261,2026-03-31,Visakhapatnam,18-24,iOS,Referral
6262,2026-01-10,Bengaluru,35-44,iOS,Google Ads
6263,2026-03-18,Delhi,35-44,iOS,Push Notification
6264,2026-06-12,Pune,18-24,Android,Google Ads
6265,2026-04-09,Delhi,18-24,Android,Organic
6266,2026-01-07,Mumbai,25-34,Android,Instagram
6267,2026-06-07,Bengaluru,25-34,iOS,YouTube
6268,2026-02-14,Hyderabad,25-34,Android,Referral
6269,2026-04-08,Chennai,45+,Android,Google Ads
6270,2026-05-26,Bengaluru,25-34,Android,Referral
6271,2026-01-24,Pune,35-44,Android,Organic
6272,2026-06-10,Delhi,25-34,Android,Organic
6273,2026-06-09,Delhi,25-34,iOS,Instagram
6274,2026-02-02,Bengaluru,25-34,Android,Referral
6275,2026-04-19,Mumbai,25-34,Android,Google Ads
6276,2026-03-11,Chennai,25-34,Android,Instagram
6277,2026-06-22,Pune,25-34,iOS,Instagram
6278,2026-02-23,Chennai,35-44,Android,Push Notification
6279,2026-05-15,Chennai,45+,iOS,Instagram
6280,2026-01-10,Pune,45+,iOS,Instagram
6281,2026-03-15,Visakhapatnam,35-44,Android,YouTube
6282,2026-02-15,Chennai,25-34,Android,Instagram
6283,2026-01-06,Chennai,35-44,Android,Organic
6284,2026-05-28,Delhi,35-44,Android,YouTube
6285,2026-06-12,Pune,35-44,Android,Referral
6286,2026-06-11,Delhi,18-24,Android,Referral
6287,2026-06-04,Delhi,45+,Android,Google Ads
6288,2026-03-24,Pune,18-24,iOS,Referral
6289,2026-04-14,Bengaluru,18-24,Android,Organic
6290,2026-05-21,Pune,25-34,Android,YouTube
6291,2026-05-31,Bengaluru,35-44,Android,YouTube
6292,2026-04-27,Visakhapatnam,35-44,iOS,Push Notification
6293,2026-06-06,Mumbai,45+,Android,YouTube
6294,2026-04-22,Chennai,45+,Android,YouTube
6295,2026-05-29,Bengaluru,45+,Android,Push Notification
6296,2026-01-28,Chennai,18-24,iOS,Referral
6297,2026-05-30,Hyderabad,18-24,iOS,YouTube
6298,2026-04-23,Hyderabad,18-24,Android,Google Ads
6299,2026-05-15,Bengaluru,45+,Android,Referral
6300,2026-05-03,Delhi,35-44,Android,Push Notification
6301,2026-03-25,Hyderabad,35-44,Android,Push Notification
6302,2026-05-10,Chennai,18-24,Android,Referral
6303,2026-05-06,Mumbai,35-44,Android,Push Notification
6304,2026-06-24,Visakhapatnam,25-34,Android,Google Ads
6305,2026-04-05,Pune,45+,Android,Instagram
6306,2026-01-05,Bengaluru,35-44,iOS,Organic
6307,2026-06-15,Bengaluru,45+,Android,Push Notification
6308,2026-05-28,Delhi,25-34,Android,Instagram
6309,2026-01-12,Visakhapatnam,35-44,iOS,YouTube
6310,2026-04-22,Hyderabad,45+,iOS,YouTube
6311,2026-05-31,Visakhapatnam,35-44,iOS,Organic
6312,2026-03-18,Hyderabad,25-34,Android,Push Notification
6313,2026-03-03,Pune,35-44,iOS,Referral
6314,2026-04-20,Mumbai,25-34,iOS,Instagram
6315,2026-05-12,Delhi,18-24,Android,Google Ads
6316,2026-05-13,Mumbai,35-44,Android,Push Notification
6317,2026-04-15,Delhi,18-24,Android,Google Ads
6318,2026-03-24,Pune,35-44,Android,Push Notification
6319,2026-01-22,Hyderabad,18-24,iOS,Google Ads
6320,2026-04-23,Pune,45+,Android,Organic
6321,2026-06-06,Mumbai,25-34,Android,Instagram
6322,2026-06-14,Pune,35-44,Android,Push Notification
6323,2026-05-06,Chennai,35-44,Android,Referral
6324,2026-01-13,Visakhapatnam,45+,Android,Google Ads
6325,2026-01-14,Visakhapatnam,45+,Android,Instagram
6326,2026-06-24,Bengaluru,25-34,Android,Instagram
6327,2026-04-14,Pune,45+,iOS,Push Notification
6328,2026-03-04,Visakhapatnam,18-24,Android,Push Notification
6329,2026-02-08,Visakhapatnam,25-34,Android,Push Notification
6330,2026-04-18,Hyderabad,45+,iOS,Push Notification
6331,2026-01-13,Chennai,25-34,iOS,Referral
6332,2026-03-19,Bengaluru,35-44,Android,Referral
6333,2026-02-14,Mumbai,45+,iOS,Referral
6334,2026-03-04,Chennai,45+,Android,Push Notification
6335,2026-01-11,Pune,45+,iOS,Instagram
6336,2026-05-07,Delhi,35-44,Android,Push Notification
6337,2026-03-15,Mumbai,25-34,iOS,YouTube
6338,2026-03-27,Visakhapatnam,35-44,iOS,Referral
6339,2026-04-28,Delhi,35-44,iOS,Organic
6340,2026-03-03,Chennai,45+,Android,YouTube
6341,2026-05-02,Bengaluru,18-24,Android,Google Ads
6342,2026-01-06,Delhi,45+,Android,Instagram
6343,2026-01-21,Bengaluru,45+,Android,Instagram
6344,2026-01-23,Hyderabad,35-44,iOS,Google Ads
6345,2026-06-16,Delhi,25-34,Android,YouTube
6346,2026-01-15,Delhi,18-24,Android,Organic
6347,2026-05-27,Delhi,35-44,iOS,Referral
6348,2026-04-06,Chennai,35-44,iOS,Google Ads
6349,2026-03-03,Mumbai,35-44,iOS,Instagram
6350,2026-03-04,Pune,35-44,Android,Referral
6351,2026-04-04,Visakhapatnam,35-44,iOS,Google Ads
6352,2026-06-23,Visakhapatnam,45+,Android,Organic
6353,2026-06-11,Mumbai,18-24,iOS,Organic
6354,2026-03-08,Chennai,18-24,iOS,YouTube
6355,2026-01-21,Hyderabad,18-24,iOS,Instagram
6356,2026-05-30,Delhi,35-44,iOS,Organic
6357,2026-01-21,Pune,45+,iOS,Organic
6358,2026-01-23,Pune,18-24,Android,Instagram
6359,2026-05-09,Visakhapatnam,45+,iOS,Instagram
6360,2026-04-13,Chennai,18-24,Android,Instagram
6361,2026-05-01,Chennai,45+,iOS,YouTube
6362,2026-06-14,Delhi,45+,Android,Push Notification
6363,2026-01-01,Bengaluru,45+,iOS,Referral
6364,2026-04-13,Mumbai,45+,Android,Google Ads
6365,2026-06-07,Hyderabad,35-44,iOS,Instagram
6366,2026-04-14,Bengaluru,35-44,Android,Push Notification
6367,2026-06-08,Hyderabad,35-44,iOS,Push Notification
6368,2026-03-01,Mumbai,25-34,Android,Google Ads
6369,2026-05-28,Mumbai,25-34,Android,Instagram
6370,2026-01-05,Bengaluru,35-44,iOS,Push Notification
6371,2026-03-03,Pune,45+,Android,Google Ads
6372,2026-01-18,Bengaluru,18-24,Android,Google Ads
6373,2026-01-23,Pune,45+,Android,Instagram
6374,2026-05-05,Bengaluru,45+,iOS,Google Ads
6375,2026-05-22,Pune,18-24,Android,Push Notification
6376,2026-05-09,Bengaluru,25-34,Android,Instagram
6377,2026-03-19,Delhi,25-34,Android,Instagram
6378,2026-06-05,Bengaluru,35-44,Android,Push Notification
6379,2026-06-22,Visakhapatnam,25-34,iOS,Referral
6380,2026-06-15,Visakhapatnam,35-44,iOS,YouTube
6381,2026-06-24,Mumbai,45+,Android,Referral
6382,2026-05-03,Bengaluru,18-24,Android,Google Ads
6383,2026-04-04,Hyderabad,25-34,Android,Instagram
6384,2026-05-12,Bengaluru,25-34,Android,Referral
6385,2026-03-23,Pune,18-24,Android,YouTube
6386,2026-05-15,Delhi,35-44,Android,Push Notification
6387,2026-01-31,Chennai,35-44,Android,YouTube
6388,2026-06-08,Hyderabad,35-44,iOS,Push Notification
6389,2026-01-20,Visakhapatnam,45+,Android,YouTube
6390,2026-01-29,Chennai,45+,Android,YouTube
6391,2026-02-15,Visakhapatnam,25-34,iOS,Organic
6392,2026-05-31,Visakhapatnam,35-44,Android,YouTube
6393,2026-01-24,Pune,18-24,iOS,Google Ads
6394,2026-05-17,Hyderabad,35-44,iOS,Google Ads
6395,2026-03-08,Visakhapatnam,25-34,Android,Google Ads
6396,2026-01-27,Mumbai,35-44,Android,Push Notification
6397,2026-03-03,Delhi,18-24,iOS,Push Notification
6398,2026-01-27,Visakhapatnam,18-24,Android,Google Ads
6399,2026-05-01,Visakhapatnam,35-44,Android,Organic
6400,2026-03-17,Mumbai,45+,Android,Google Ads
6401,2026-01-22,Bengaluru,35-44,Android,Organic
6402,2026-01-17,Bengaluru,25-34,Android,Organic
6403,2026-03-20,Bengaluru,18-24,Android,YouTube
6404,2026-01-23,Mumbai,18-24,iOS,YouTube
6405,2026-04-15,Bengaluru,35-44,Android,Instagram
6406,2026-03-23,Chennai,45+,iOS,Push Notification
6407,2026-04-21,Visakhapatnam,35-44,Android,Instagram
6408,2026-01-31,Delhi,25-34,Android,Organic
6409,2026-02-06,Chennai,35-44,Android,Organic
6410,2026-04-17,Bengaluru,18-24,iOS,Push Notification
6411,2026-01-27,Hyderabad,45+,iOS,Push Notification
6412,2026-04-08,Mumbai,45+,Android,Organic
6413,2026-01-05,Hyderabad,25-34,Android,Instagram
6414,2026-02-04,Delhi,18-24,Android,Google Ads
6415,2026-04-17,Delhi,25-34,Android,Organic
6416,2026-06-12,Delhi,45+,Android,Push Notification
6417,2026-04-13,Visakhapatnam,45+,iOS,YouTube
6418,2026-04-08,Visakhapatnam,18-24,Android,Push Notification
6419,2026-03-11,Chennai,18-24,iOS,Organic
6420,2026-03-30,Pune,25-34,Android,Push Notification
6421,2026-06-12,Mumbai,35-44,Android,Google Ads
6422,2026-05-22,Mumbai,45+,Android,Google Ads
6423,2026-02-10,Visakhapatnam,18-24,Android,Push Notification
6424,2026-06-19,Chennai,35-44,Android,YouTube
6425,2026-05-07,Mumbai,25-34,Android,Google Ads
6426,2026-05-23,Chennai,18-24,Android,Instagram
6427,2026-01-23,Bengaluru,35-44,Android,Push Notification
6428,2026-01-12,Bengaluru,18-24,iOS,Google Ads
6429,2026-06-11,Pune,45+,Android,Referral
6430,2026-01-12,Bengaluru,18-24,Android,Google Ads
6431,2026-03-09,Hyderabad,45+,iOS,Instagram
6432,2026-05-03,Bengaluru,45+,iOS,Referral
6433,2026-06-27,Pune,35-44,Android,YouTube
6434,2026-01-06,Bengaluru,18-24,Android,Push Notification
6435,2026-05-30,Pune,35-44,Android,Push Notification
6436,2026-03-08,Visakhapatnam,18-24,Android,Referral
6437,2026-03-26,Mumbai,35-44,Android,Google Ads
6438,2026-02-26,Pune,45+,Android,YouTube
6439,2026-04-24,Mumbai,45+,Android,Push Notification
6440,2026-06-07,Pune,25-34,Android,Referral
6441,2026-06-18,Hyderabad,45+,Android,Google Ads
6442,2026-06-01,Hyderabad,18-24,iOS,Push Notification
6443,2026-02-19,Pune,45+,Android,Instagram
6444,2026-05-04,Delhi,35-44,Android,Referral
6445,2026-01-21,Delhi,18-24,Android,Organic
6446,2026-02-23,Bengaluru,18-24,iOS,Push Notification
6447,2026-03-07,Delhi,35-44,iOS,YouTube
6448,2026-02-13,Mumbai,35-44,Android,YouTube
6449,2026-02-01,Bengaluru,45+,iOS,Push Notification
6450,2026-01-13,Bengaluru,25-34,Android,Google Ads
6451,2026-05-24,Visakhapatnam,35-44,iOS,Push Notification
6452,2026-04-15,Chennai,25-34,Android,YouTube
6453,2026-03-26,Mumbai,25-34,Android,Push Notification
6454,2026-04-11,Chennai,18-24,iOS,Instagram
6455,2026-05-11,Delhi,45+,iOS,YouTube
6456,2026-04-16,Delhi,35-44,Android,Push Notification
6457,2026-02-08,Pune,25-34,Android,Push Notification
6458,2026-06-19,Pune,25-34,iOS,Google Ads
6459,2026-05-15,Visakhapatnam,18-24,iOS,Organic
6460,2026-05-15,Visakhapatnam,25-34,Android,Google Ads
6461,2026-01-11,Chennai,35-44,Android,Push Notification
6462,2026-03-18,Mumbai,45+,Android,Referral
6463,2026-06-13,Chennai,18-24,Android,Referral
6464,2026-03-13,Bengaluru,25-34,Android,Instagram
6465,2026-03-13,Pune,35-44,iOS,Referral
6466,2026-03-27,Visakhapatnam,18-24,Android,Push Notification
6467,2026-02-21,Hyderabad,45+,Android,Instagram
6468,2026-06-25,Delhi,35-44,Android,Google Ads
6469,2026-05-09,Mumbai,45+,Android,Push Notification
6470,2026-04-28,Bengaluru,18-24,iOS,Organic
6471,2026-06-30,Mumbai,35-44,iOS,Referral
6472,2026-06-25,Visakhapatnam,45+,Android,Organic
6473,2026-06-16,Hyderabad,45+,Android,Instagram
6474,2026-02-27,Bengaluru,45+,Android,Instagram
6475,2026-01-19,Delhi,35-44,iOS,Referral
6476,2026-03-21,Hyderabad,45+,Android,YouTube
6477,2026-04-20,Visakhapatnam,18-24,iOS,Organic
6478,2026-05-25,Visakhapatnam,35-44,iOS,Google Ads
6479,2026-01-16,Delhi,18-24,Android,Google Ads
6480,2026-01-10,Hyderabad,35-44,Android,Push Notification
6481,2026-06-13,Visakhapatnam,25-34,iOS,Google Ads
6482,2026-02-02,Pune,35-44,iOS,Push Notification
6483,2026-02-25,Bengaluru,25-34,Android,Referral
6484,2026-05-22,Hyderabad,35-44,Android,Push Notification
6485,2026-01-13,Hyderabad,18-24,Android,Google Ads
6486,2026-02-20,Bengaluru,18-24,Android,Instagram
6487,2026-02-26,Chennai,25-34,Android,YouTube
6488,2026-04-13,Chennai,45+,Android,Instagram
6489,2026-03-25,Bengaluru,35-44,Android,Organic
6490,2026-03-30,Visakhapatnam,25-34,iOS,Organic
6491,2026-06-07,Chennai,45+,iOS,Push Notification
6492,2026-04-14,Mumbai,25-34,Android,Organic
6493,2026-06-11,Bengaluru,25-34,Android,Push Notification
6494,2026-03-18,Pune,18-24,Android,Push Notification
6495,2026-02-09,Mumbai,35-44,Android,Push Notification
6496,2026-06-10,Mumbai,25-34,iOS,Instagram
6497,2026-01-11,Visakhapatnam,18-24,iOS,Instagram
6498,2026-03-24,Mumbai,25-34,Android,Organic
6499,2026-06-22,Chennai,45+,Android,Instagram
6500,2026-05-21,Visakhapatnam,18-24,iOS,Referral
6501,2026-02-16,Chennai,35-44,Android,YouTube
6502,2026-04-05,Chennai,45+,Android,Instagram
6503,2026-03-15,Mumbai,45+,Android,YouTube
6504,2026-06-06,Delhi,18-24,iOS,Instagram
6505,2026-01-22,Mumbai,18-24,Android,Organic
6506,2026-04-27,Chennai,35-44,Android,Google Ads
6507,2026-05-27,Mumbai,35-44,Android,Instagram
6508,2026-06-04,Delhi,25-34,Android,Push Notification
6509,2026-01-26,Chennai,35-44,Android,Google Ads
6510,2026-05-14,Delhi,25-34,Android,Push Notification
6511,2026-03-28,Mumbai,45+,Android,Referral
6512,2026-04-22,Bengaluru,45+,iOS,YouTube
6513,2026-01-10,Chennai,18-24,Android,Instagram
6514,2026-06-06,Bengaluru,25-34,Android,Instagram
6515,2026-02-26,Delhi,45+,Android,Push Notification
6516,2026-05-07,Hyderabad,35-44,iOS,YouTube
6517,2026-02-14,Visakhapatnam,18-24,iOS,Instagram
6518,2026-06-06,Delhi,18-24,Android,Push Notification
6519,2026-03-03,Bengaluru,18-24,Android,Instagram
6520,2026-06-01,Chennai,45+,Android,Organic
6521,2026-06-19,Hyderabad,18-24,Android,Instagram
6522,2026-06-14,Bengaluru,45+,Android,Google Ads
6523,2026-03-15,Pune,35-44,Android,Organic
6524,2026-06-18,Bengaluru,45+,Android,Instagram
6525,2026-04-04,Chennai,35-44,Android,Organic
6526,2026-02-27,Bengaluru,35-44,Android,Push Notification
6527,2026-06-12,Chennai,35-44,Android,YouTube
6528,2026-03-26,Mumbai,35-44,Android,YouTube
6529,2026-06-20,Bengaluru,25-34,Android,Google Ads
6530,2026-05-18,Bengaluru,35-44,Android,Organic
6531,2026-06-22,Mumbai,35-44,Android,YouTube
6532,2026-03-19,Delhi,45+,Android,YouTube
6533,2026-01-26,Mumbai,45+,Android,Google Ads
6534,2026-05-16,Delhi,35-44,Android,Organic
6535,2026-02-19,Chennai,25-34,Android,Push Notification
6536,2026-06-17,Delhi,35-44,Android,Instagram
6537,2026-01-05,Chennai,18-24,Android,YouTube
6538,2026-04-24,Mumbai,18-24,Android,Referral
6539,2026-06-21,Pune,45+,iOS,Push Notification
6540,2026-03-04,Bengaluru,18-24,Android,Push Notification
6541,2026-03-23,Pune,35-44,iOS,YouTube
6542,2026-02-25,Chennai,35-44,Android,Referral
6543,2026-01-10,Hyderabad,45+,Android,YouTube
6544,2026-04-10,Hyderabad,18-24,Android,Instagram
6545,2026-06-07,Mumbai,18-24,Android,Organic
6546,2026-01-27,Chennai,18-24,iOS,Referral
6547,2026-05-27,Delhi,35-44,Android,Referral
6548,2026-05-20,Chennai,25-34,iOS,Instagram
6549,2026-03-22,Mumbai,18-24,Android,Push Notification
6550,2026-02-09,Hyderabad,35-44,Android,Google Ads
6551,2026-06-20,Pune,45+,Android,Push Notification
6552,2026-03-05,Bengaluru,25-34,iOS,Referral
6553,2026-03-03,Bengaluru,35-44,iOS,YouTube
6554,2026-04-15,Hyderabad,45+,Android,Google Ads
6555,2026-02-04,Pune,25-34,Android,Organic
6556,2026-02-24,Visakhapatnam,35-44,iOS,Google Ads
6557,2026-06-06,Hyderabad,18-24,Android,Organic
6558,2026-06-04,Chennai,35-44,Android,Push Notification
6559,2026-03-21,Pune,25-34,Android,Push Notification
6560,2026-02-27,Bengaluru,45+,iOS,Push Notification
6561,2026-05-26,Chennai,45+,iOS,Organic
6562,2026-06-27,Bengaluru,18-24,Android,Push Notification
6563,2026-01-03,Mumbai,18-24,iOS,Push Notification
6564,2026-02-28,Delhi,35-44,iOS,Referral
6565,2026-04-04,Pune,25-34,Android,Organic
6566,2026-05-12,Visakhapatnam,35-44,Android,Push Notification
6567,2026-04-17,Visakhapatnam,45+,iOS,Instagram
6568,2026-01-18,Visakhapatnam,45+,Android,YouTube
6569,2026-01-27,Hyderabad,25-34,Android,Google Ads
6570,2026-02-12,Hyderabad,35-44,Android,Google Ads
6571,2026-03-24,Delhi,25-34,iOS,Organic
6572,2026-01-28,Pune,45+,iOS,YouTube
6573,2026-05-26,Delhi,25-34,iOS,YouTube
6574,2026-03-20,Chennai,35-44,Android,Instagram
6575,2026-06-11,Mumbai,35-44,Android,Instagram
6576,2026-06-29,Visakhapatnam,25-34,Android,Instagram
6577,2026-03-13,Bengaluru,18-24,Android,Organic
6578,2026-06-26,Pune,35-44,Android,Referral
6579,2026-04-26,Visakhapatnam,18-24,Android,Google Ads
6580,2026-01-15,Visakhapatnam,18-24,Android,Google Ads
6581,2026-04-24,Delhi,45+,Android,Organic
6582,2026-05-18,Delhi,35-44,iOS,Organic
6583,2026-03-08,Chennai,25-34,Android,Organic
6584,2026-03-08,Mumbai,25-34,Android,Instagram
6585,2026-03-10,Hyderabad,18-24,Android,Referral
6586,2026-02-13,Pune,25-34,iOS,Organic
6587,2026-02-20,Hyderabad,45+,iOS,Referral
6588,2026-03-16,Chennai,45+,Android,YouTube
6589,2026-01-03,Chennai,45+,Android,YouTube
6590,2026-03-02,Delhi,45+,Android,Push Notification
6591,2026-06-04,Bengaluru,18-24,Android,Push Notification
6592,2026-05-04,Mumbai,18-24,Android,Google Ads
6593,2026-01-25,Chennai,25-34,Android,YouTube
6594,2026-05-15,Delhi,45+,Android,Push Notification
6595,2026-03-18,Hyderabad,45+,iOS,Google Ads
6596,2026-01-12,Visakhapatnam,25-34,Android,Instagram
6597,2026-06-17,Bengaluru,45+,Android,Referral
6598,2026-04-30,Bengaluru,18-24,Android,Organic
6599,2026-04-13,Hyderabad,35-44,iOS,Push Notification
6600,2026-03-01,Pune,18-24,Android,Instagram
6601,2026-05-26,Hyderabad,45+,Android,Google Ads
6602,2026-03-18,Visakhapatnam,35-44,iOS,Organic
6603,2026-06-30,Pune,45+,Android,Organic
6604,2026-05-22,Hyderabad,35-44,Android,Organic
6605,2026-02-18,Chennai,25-34,Android,Referral
6606,2026-01-03,Chennai,35-44,Android,Instagram
6607,2026-03-05,Hyderabad,25-34,Android,Referral
6608,2026-02-05,Delhi,35-44,iOS,Referral
6609,2026-01-01,Visakhapatnam,25-34,Android,YouTube
6610,2026-01-07,Pune,45+,Android,Instagram
6611,2026-05-12,Hyderabad,25-34,iOS,YouTube
6612,2026-03-01,Visakhapatnam,35-44,Android,YouTube
6613,2026-03-18,Visakhapatnam,18-24,Android,Instagram
6614,2026-04-25,Visakhapatnam,35-44,iOS,Referral
6615,2026-03-21,Bengaluru,35-44,Android,Google Ads
6616,2026-06-26,Mumbai,35-44,Android,Google Ads
6617,2026-01-21,Bengaluru,18-24,iOS,Organic
6618,2026-02-08,Pune,25-34,Android,YouTube
6619,2026-03-26,Bengaluru,45+,Android,Organic
6620,2026-02-26,Bengaluru,45+,Android,Referral
6621,2026-01-21,Delhi,45+,Android,Google Ads
6622,2026-01-09,Bengaluru,45+,Android,Organic
6623,2026-05-27,Bengaluru,18-24,Android,Push Notification
6624,2026-04-08,Hyderabad,35-44,Android,Referral
6625,2026-03-06,Pune,25-34,iOS,Push Notification
6626,2026-05-23,Pune,35-44,Android,Referral
6627,2026-04-09,Pune,35-44,Android,YouTube
6628,2026-04-27,Delhi,45+,Android,Push Notification
6629,2026-04-22,Delhi,18-24,Android,Instagram
6630,2026-02-27,Bengaluru,35-44,iOS,Push Notification
6631,2026-05-31,Delhi,45+,Android,Push Notification
6632,2026-03-01,Delhi,18-24,Android,Referral
6633,2026-03-02,Hyderabad,25-34,Android,Instagram
6634,2026-05-29,Delhi,45+,iOS,Push Notification
6635,2026-04-26,Bengaluru,45+,iOS,Instagram
6636,2026-03-29,Hyderabad,18-24,Android,Instagram
6637,2026-05-17,Delhi,18-24,Android,Push Notification
6638,2026-04-23,Mumbai,25-34,iOS,YouTube
6639,2026-01-24,Bengaluru,45+,Android,Instagram
6640,2026-03-16,Visakhapatnam,45+,Android,YouTube
6641,2026-05-30,Bengaluru,35-44,iOS,Referral
6642,2026-01-31,Hyderabad,18-24,Android,YouTube
6643,2026-05-02,Chennai,35-44,iOS,Instagram
6644,2026-03-16,Mumbai,35-44,Android,Referral
6645,2026-02-08,Pune,45+,Android,Referral
6646,2026-06-24,Pune,25-34,Android,Instagram
6647,2026-03-10,Mumbai,18-24,iOS,YouTube
6648,2026-01-03,Pune,35-44,iOS,Referral
6649,2026-05-16,Delhi,35-44,iOS,Organic
6650,2026-04-22,Chennai,25-34,iOS,Push Notification
6651,2026-04-15,Hyderabad,25-34,Android,Referral
6652,2026-05-21,Chennai,18-24,Android,Referral
6653,2026-04-23,Chennai,45+,Android,Referral
6654,2026-01-11,Delhi,25-34,Android,Referral
6655,2026-02-06,Chennai,25-34,Android,YouTube
6656,2026-02-17,Mumbai,45+,Android,Organic
6657,2026-01-15,Chennai,25-34,iOS,Organic
6658,2026-02-03,Pune,45+,Android,Push Notification
6659,2026-01-09,Chennai,25-34,Android,Google Ads
6660,2026-03-01,Visakhapatnam,25-34,Android,Google Ads
6661,2026-02-25,Pune,25-34,Android,Referral
6662,2026-01-06,Delhi,45+,iOS,Organic
6663,2026-04-07,Pune,35-44,iOS,Push Notification
6664,2026-01-01,Chennai,35-44,Android,Google Ads
6665,2026-03-29,Chennai,45+,Android,Google Ads
6666,2026-06-03,Bengaluru,18-24,Android,Instagram
6667,2026-03-04,Chennai,18-24,Android,Referral
6668,2026-03-09,Bengaluru,35-44,Android,Referral
6669,2026-03-29,Visakhapatnam,18-24,Android,YouTube
6670,2026-06-11,Delhi,18-24,Android,Instagram
6671,2026-03-31,Bengaluru,25-34,Android,Organic
6672,2026-03-24,Visakhapatnam,45+,Android,Instagram
6673,2026-02-03,Bengaluru,35-44,iOS,Referral
6674,2026-05-23,Delhi,45+,Android,Push Notification
6675,2026-04-25,Pune,45+,Android,Google Ads
6676,2026-01-11,Visakhapatnam,25-34,Android,Google Ads
6677,2026-01-20,Chennai,18-24,iOS,Organic
6678,2026-06-09,Mumbai,35-44,Android,Referral
6679,2026-02-23,Pune,25-34,Android,Referral
6680,2026-05-25,Pune,45+,Android,YouTube
6681,2026-05-08,Visakhapatnam,18-24,Android,Google Ads
6682,2026-03-21,Pune,35-44,iOS,Google Ads
6683,2026-05-28,Delhi,18-24,Android,Push Notification
6684,2026-05-28,Chennai,35-44,Android,Referral
6685,2026-01-03,Visakhapatnam,25-34,iOS,YouTube
6686,2026-05-23,Pune,18-24,Android,Organic
6687,2026-03-24,Hyderabad,18-24,Android,Referral
6688,2026-03-21,Bengaluru,18-24,Android,Organic
6689,2026-02-07,Mumbai,25-34,iOS,Push Notification
6690,2026-01-01,Hyderabad,45+,Android,Instagram
6691,2026-03-11,Hyderabad,45+,Android,Referral
6692,2026-06-08,Visakhapatnam,18-24,Android,Instagram
6693,2026-04-14,Chennai,25-34,iOS,Instagram
6694,2026-06-16,Mumbai,18-24,iOS,Instagram
6695,2026-02-13,Chennai,45+,Android,Google Ads
6696,2026-01-14,Visakhapatnam,45+,Android,YouTube
6697,2026-03-29,Bengaluru,25-34,Android,YouTube
6698,2026-04-06,Pune,45+,Android,Google Ads
6699,2026-06-26,Pune,25-34,Android,Push Notification
6700,2026-06-14,Hyderabad,45+,Android,Organic
6701,2026-03-08,Bengaluru,45+,iOS,Google Ads
6702,2026-02-28,Visakhapatnam,45+,Android,Instagram
6703,2026-06-19,Pune,35-44,Android,Organic
6704,2026-06-08,Mumbai,45+,Android,Instagram
6705,2026-01-12,Mumbai,18-24,Android,Referral
6706,2026-06-05,Delhi,45+,Android,Organic
6707,2026-06-08,Visakhapatnam,35-44,Android,Google Ads
6708,2026-01-12,Hyderabad,25-34,Android,Push Notification
6709,2026-04-01,Visakhapatnam,25-34,Android,Google Ads
6710,2026-05-25,Chennai,18-24,iOS,YouTube
6711,2026-06-15,Delhi,25-34,iOS,YouTube
6712,2026-03-29,Pune,25-34,Android,Organic
6713,2026-03-29,Pune,35-44,iOS,Organic
6714,2026-01-20,Chennai,25-34,iOS,Push Notification
6715,2026-04-24,Hyderabad,35-44,Android,Organic
6716,2026-04-30,Bengaluru,45+,Android,Organic
6717,2026-03-21,Visakhapatnam,35-44,Android,Referral
6718,2026-03-02,Pune,45+,Android,Google Ads
6719,2026-03-30,Pune,18-24,Android,YouTube
6720,2026-03-02,Mumbai,18-24,Android,Push Notification
6721,2026-05-28,Delhi,45+,iOS,Google Ads
6722,2026-06-15,Chennai,45+,Android,Instagram
6723,2026-03-18,Visakhapatnam,35-44,Android,Instagram
6724,2026-03-19,Pune,45+,Android,Google Ads
6725,2026-06-04,Delhi,45+,Android,Organic
6726,2026-03-28,Chennai,35-44,Android,YouTube
6727,2026-06-23,Mumbai,18-24,iOS,YouTube
6728,2026-05-27,Hyderabad,25-34,Android,YouTube
6729,2026-06-15,Hyderabad,35-44,Android,Referral
6730,2026-05-29,Delhi,45+,iOS,Push Notification
6731,2026-01-08,Mumbai,18-24,Android,Organic
6732,2026-06-03,Hyderabad,45+,Android,Referral
6733,2026-02-28,Chennai,45+,Android,Google Ads
6734,2026-04-14,Chennai,25-34,Android,Instagram
6735,2026-06-02,Visakhapatnam,18-24,Android,YouTube
6736,2026-03-01,Hyderabad,18-24,iOS,Instagram
6737,2026-06-11,Hyderabad,18-24,Android,Google Ads
6738,2026-04-30,Visakhapatnam,18-24,iOS,Organic
6739,2026-04-28,Visakhapatnam,25-34,Android,Organic
6740,2026-03-08,Chennai,35-44,Android,Organic
6741,2026-01-03,Mumbai,18-24,Android,Google Ads
6742,2026-06-06,Delhi,25-34,Android,Instagram
6743,2026-06-06,Pune,35-44,Android,Instagram
6744,2026-02-11,Visakhapatnam,25-34,iOS,Push Notification
6745,2026-03-24,Pune,45+,Android,Push Notification
6746,2026-05-04,Delhi,45+,iOS,Organic
6747,2026-04-01,Visakhapatnam,18-24,iOS,Google Ads
6748,2026-04-21,Delhi,25-34,iOS,Referral
6749,2026-03-02,Chennai,35-44,Android,Push Notification
6750,2026-02-21,Visakhapatnam,18-24,Android,Push Notification
6751,2026-06-12,Hyderabad,45+,Android,Referral
6752,2026-04-15,Hyderabad,35-44,Android,Referral
6753,2026-05-09,Chennai,25-34,iOS,Push Notification
6754,2026-03-25,Bengaluru,35-44,Android,Organic
6755,2026-03-14,Visakhapatnam,25-34,Android,YouTube
6756,2026-05-07,Pune,25-34,iOS,Push Notification
6757,2026-01-16,Mumbai,45+,Android,Instagram
6758,2026-03-10,Pune,25-34,Android,Instagram
6759,2026-03-01,Mumbai,45+,Android,Instagram
6760,2026-03-23,Delhi,25-34,iOS,Push Notification
6761,2026-06-01,Delhi,25-34,iOS,Push Notification
6762,2026-03-30,Visakhapatnam,45+,Android,Google Ads
6763,2026-03-27,Chennai,25-34,Android,YouTube
6764,2026-01-26,Visakhapatnam,25-34,Android,Referral
6765,2026-03-01,Bengaluru,35-44,Android,Push Notification
6766,2026-02-23,Hyderabad,25-34,iOS,Referral
6767,2026-03-21,Hyderabad,25-34,Android,Referral
6768,2026-03-06,Hyderabad,35-44,Android,Referral
6769,2026-02-10,Hyderabad,25-34,Android,Organic
6770,2026-03-24,Hyderabad,45+,Android,Google Ads
6771,2026-02-03,Bengaluru,18-24,iOS,Referral
6772,2026-01-23,Bengaluru,35-44,Android,Referral
6773,2026-01-14,Delhi,35-44,Android,Push Notification
6774,2026-01-14,Bengaluru,25-34,Android,Push Notification
6775,2026-06-25,Mumbai,35-44,iOS,Referral
6776,2026-03-20,Hyderabad,18-24,Android,Google Ads
6777,2026-04-06,Delhi,35-44,iOS,Google Ads
6778,2026-03-24,Visakhapatnam,18-24,iOS,YouTube
6779,2026-01-20,Pune,18-24,iOS,Push Notification
6780,2026-03-30,Hyderabad,35-44,iOS,Google Ads
6781,2026-06-26,Bengaluru,35-44,iOS,Organic
6782,2026-06-07,Mumbai,45+,Android,Push Notification
6783,2026-05-08,Delhi,35-44,Android,Organic
6784,2026-04-11,Chennai,25-34,Android,YouTube
6785,2026-06-11,Mumbai,25-34,iOS,Referral
6786,2026-03-04,Hyderabad,45+,Android,Referral
6787,2026-02-04,Delhi,18-24,Android,YouTube
6788,2026-06-18,Bengaluru,45+,Android,Google Ads
6789,2026-01-03,Delhi,18-24,Android,Organic
6790,2026-03-22,Hyderabad,35-44,Android,Instagram
6791,2026-06-05,Pune,45+,Android,Instagram
6792,2026-06-20,Mumbai,45+,Android,Referral
6793,2026-01-20,Bengaluru,25-34,Android,Push Notification
6794,2026-04-19,Hyderabad,18-24,iOS,YouTube
6795,2026-01-10,Hyderabad,18-24,Android,Instagram
6796,2026-04-17,Mumbai,18-24,iOS,Push Notification
6797,2026-02-25,Pune,25-34,Android,YouTube
6798,2026-05-15,Pune,18-24,Android,Google Ads
6799,2026-01-10,Bengaluru,45+,Android,Referral
6800,2026-03-04,Pune,18-24,Android,YouTube
6801,2026-05-02,Mumbai,35-44,Android,Push Notification
6802,2026-04-01,Chennai,18-24,iOS,Push Notification
6803,2026-01-10,Mumbai,45+,Android,Referral
6804,2026-05-23,Pune,25-34,Android,Google Ads
6805,2026-05-15,Hyderabad,18-24,Android,Google Ads
6806,2026-05-05,Visakhapatnam,18-24,iOS,YouTube
6807,2026-01-29,Mumbai,35-44,Android,Push Notification
6808,2026-02-19,Chennai,25-34,Android,Instagram
6809,2026-01-05,Chennai,25-34,iOS,Push Notification
6810,2026-01-08,Pune,25-34,Android,Referral
6811,2026-06-04,Chennai,35-44,Android,Instagram
6812,2026-03-30,Bengaluru,25-34,Android,Organic
6813,2026-03-08,Chennai,45+,Android,Organic
6814,2026-04-22,Chennai,45+,Android,Organic
6815,2026-05-24,Bengaluru,45+,iOS,Organic
6816,2026-04-19,Bengaluru,35-44,Android,Instagram
6817,2026-06-21,Pune,35-44,iOS,Google Ads
6818,2026-03-19,Visakhapatnam,18-24,Android,Push Notification
6819,2026-06-17,Chennai,25-34,Android,Google Ads
6820,2026-01-05,Mumbai,18-24,Android,YouTube
6821,2026-03-30,Chennai,35-44,iOS,Google Ads
6822,2026-03-03,Delhi,45+,iOS,Referral
6823,2026-03-03,Hyderabad,25-34,Android,Referral
6824,2026-06-26,Pune,45+,Android,Google Ads
6825,2026-04-17,Hyderabad,35-44,Android,Referral
6826,2026-06-22,Visakhapatnam,18-24,iOS,Google Ads
6827,2026-03-09,Mumbai,18-24,Android,Instagram
6828,2026-03-16,Bengaluru,35-44,Android,Organic
6829,2026-03-29,Bengaluru,18-24,Android,Push Notification
6830,2026-01-10,Mumbai,25-34,Android,Referral
6831,2026-04-13,Mumbai,45+,Android,YouTube
6832,2026-05-03,Visakhapatnam,35-44,Android,Referral
6833,2026-02-24,Hyderabad,25-34,iOS,Instagram
6834,2026-03-05,Pune,25-34,iOS,Organic
6835,2026-01-08,Hyderabad,18-24,Android,Instagram
6836,2026-02-10,Pune,35-44,Android,Google Ads
6837,2026-01-05,Chennai,35-44,Android,YouTube
6838,2026-05-25,Mumbai,45+,Android,Instagram
6839,2026-04-16,Delhi,45+,Android,YouTube
6840,2026-05-08,Mumbai,25-34,Android,YouTube
6841,2026-06-05,Delhi,45+,Android,Instagram
6842,2026-02-09,Chennai,35-44,Android,Organic
6843,2026-01-02,Visakhapatnam,25-34,Android,Google Ads
6844,2026-02-27,Bengaluru,18-24,Android,Push Notification
6845,2026-04-30,Chennai,18-24,Android,Organic
6846,2026-06-18,Bengaluru,18-24,iOS,Organic
6847,2026-05-13,Delhi,25-34,iOS,YouTube
6848,2026-01-04,Bengaluru,18-24,Android,Referral
6849,2026-01-12,Mumbai,18-24,iOS,Google Ads
6850,2026-05-29,Visakhapatnam,45+,Android,Instagram
6851,2026-03-12,Chennai,18-24,Android,Referral
6852,2026-02-19,Chennai,18-24,Android,Referral
6853,2026-04-11,Pune,35-44,iOS,Instagram
6854,2026-03-19,Bengaluru,25-34,Android,Google Ads
6855,2026-03-08,Mumbai,25-34,Android,YouTube
6856,2026-04-11,Visakhapatnam,18-24,Android,Referral
6857,2026-03-02,Chennai,18-24,Android,Organic
6858,2026-02-27,Hyderabad,18-24,iOS,Organic
6859,2026-06-28,Visakhapatnam,45+,Android,Push Notification
6860,2026-05-31,Delhi,18-24,iOS,Organic
6861,2026-06-04,Delhi,25-34,Android,Referral
6862,2026-01-02,Chennai,18-24,Android,Referral
6863,2026-01-24,Delhi,18-24,iOS,YouTube
6864,2026-06-07,Visakhapatnam,35-44,iOS,Referral
6865,2026-06-18,Mumbai,25-34,iOS,Push Notification
6866,2026-05-05,Chennai,25-34,Android,Organic
6867,2026-02-26,Bengaluru,18-24,Android,Google Ads
6868,2026-01-18,Pune,18-24,Android,YouTube
6869,2026-06-12,Hyderabad,35-44,Android,Instagram
6870,2026-01-22,Mumbai,25-34,Android,Push Notification
6871,2026-01-30,Chennai,18-24,Android,Referral
6872,2026-01-10,Pune,35-44,Android,YouTube
6873,2026-03-12,Delhi,18-24,iOS,Referral
6874,2026-04-27,Hyderabad,35-44,Android,YouTube
6875,2026-04-28,Pune,25-34,Android,Google Ads
6876,2026-01-27,Bengaluru,35-44,iOS,Referral
6877,2026-03-11,Bengaluru,45+,Android,Google Ads
6878,2026-04-28,Bengaluru,45+,Android,Organic
6879,2026-04-27,Mumbai,35-44,Android,Google Ads
6880,2026-04-26,Bengaluru,35-44,Android,YouTube
6881,2026-06-07,Pune,45+,Android,Google Ads
6882,2026-03-05,Pune,18-24,iOS,Referral
6883,2026-06-07,Bengaluru,18-24,Android,Push Notification
6884,2026-04-14,Bengaluru,18-24,Android,Referral
6885,2026-01-05,Visakhapatnam,25-34,Android,Referral
6886,2026-03-31,Visakhapatnam,18-24,iOS,YouTube
6887,2026-01-12,Bengaluru,45+,iOS,Referral
6888,2026-03-03,Hyderabad,18-24,Android,YouTube
6889,2026-06-04,Chennai,35-44,Android,Organic
6890,2026-02-12,Bengaluru,25-34,Android,Referral
6891,2026-03-15,Hyderabad,18-24,Android,Instagram
6892,2026-05-14,Chennai,45+,Android,YouTube
6893,2026-04-07,Delhi,35-44,Android,YouTube
6894,2026-01-18,Chennai,18-24,iOS,Google Ads
6895,2026-04-14,Delhi,18-24,Android,Organic
6896,2026-04-27,Delhi,45+,Android,Organic
6897,2026-04-24,Chennai,25-34,Android,Instagram
6898,2026-05-27,Bengaluru,25-34,iOS,Organic
6899,2026-04-24,Pune,18-24,Android,Organic
6900,2026-04-24,Hyderabad,45+,iOS,Organic
6901,2026-03-13,Pune,18-24,Android,Organic
6902,2026-03-10,Bengaluru,35-44,Android,Instagram
6903,2026-03-27,Delhi,45+,Android,Google Ads
6904,2026-03-01,Visakhapatnam,35-44,Android,Push Notification
6905,2026-04-15,Mumbai,35-44,Android,Google Ads
6906,2026-02-28,Pune,18-24,Android,Push Notification
6907,2026-01-07,Delhi,25-34,iOS,Instagram
6908,2026-03-04,Hyderabad,18-24,Android,Push Notification
6909,2026-05-30,Pune,25-34,Android,Referral
6910,2026-03-31,Visakhapatnam,45+,iOS,Push Notification
6911,2026-06-07,Chennai,45+,Android,Referral
6912,2026-02-25,Pune,35-44,iOS,Push Notification
6913,2026-02-09,Bengaluru,45+,iOS,Google Ads
6914,2026-02-20,Delhi,35-44,iOS,Referral
6915,2026-03-26,Mumbai,25-34,iOS,Google Ads
6916,2026-05-03,Mumbai,45+,Android,Push Notification
6917,2026-01-24,Bengaluru,18-24,iOS,Google Ads
6918,2026-03-12,Pune,25-34,iOS,Referral
6919,2026-06-05,Chennai,45+,iOS,Referral
6920,2026-01-02,Bengaluru,35-44,Android,Organic
6921,2026-05-03,Delhi,25-34,iOS,Referral
6922,2026-06-05,Visakhapatnam,18-24,iOS,Organic
6923,2026-04-10,Visakhapatnam,35-44,Android,Push Notification
6924,2026-05-31,Pune,25-34,iOS,Instagram
6925,2026-03-09,Chennai,35-44,Android,YouTube
6926,2026-05-17,Mumbai,45+,Android,Instagram
6927,2026-06-19,Mumbai,35-44,Android,Organic
6928,2026-03-01,Pune,25-34,Android,Google Ads
6929,2026-05-02,Mumbai,18-24,iOS,Referral
6930,2026-04-12,Mumbai,25-34,Android,Google Ads
6931,2026-06-04,Delhi,18-24,Android,YouTube
6932,2026-02-14,Chennai,18-24,Android,Push Notification
6933,2026-01-21,Delhi,18-24,Android,Push Notification
6934,2026-01-15,Hyderabad,35-44,Android,Referral
6935,2026-01-19,Delhi,45+,Android,Instagram
6936,2026-03-06,Delhi,18-24,Android,Organic
6937,2026-03-01,Hyderabad,18-24,Android,YouTube
6938,2026-05-12,Visakhapatnam,25-34,Android,Instagram
6939,2026-06-20,Chennai,18-24,iOS,Push Notification
6940,2026-05-24,Delhi,45+,Android,Google Ads
6941,2026-06-22,Visakhapatnam,18-24,Android,Push Notification
6942,2026-03-09,Pune,18-24,Android,Referral
6943,2026-06-10,Visakhapatnam,45+,iOS,Instagram
6944,2026-03-23,Mumbai,45+,Android,Google Ads
6945,2026-02-02,Hyderabad,25-34,iOS,Organic
6946,2026-04-16,Visakhapatnam,18-24,Android,Referral
6947,2026-03-15,Hyderabad,45+,Android,Push Notification
6948,2026-06-11,Mumbai,25-34,iOS,Google Ads
6949,2026-02-18,Chennai,35-44,iOS,Push Notification
6950,2026-06-10,Chennai,25-34,Android,Google Ads
6951,2026-03-23,Mumbai,18-24,Android,Referral
6952,2026-04-22,Bengaluru,18-24,iOS,Google Ads
6953,2026-02-27,Delhi,18-24,iOS,Push Notification
6954,2026-02-28,Mumbai,25-34,iOS,Google Ads
6955,2026-05-17,Visakhapatnam,45+,iOS,Organic
6956,2026-02-14,Chennai,25-34,Android,Instagram
6957,2026-06-04,Delhi,35-44,iOS,Google Ads
6958,2026-02-17,Bengaluru,25-34,iOS,Referral
6959,2026-03-07,Bengaluru,35-44,Android,Instagram
6960,2026-03-05,Delhi,45+,iOS,Push Notification
6961,2026-05-19,Chennai,18-24,iOS,Organic
6962,2026-01-20,Bengaluru,25-34,Android,Referral
6963,2026-03-07,Hyderabad,18-24,Android,Referral
6964,2026-05-03,Hyderabad,35-44,Android,Instagram
6965,2026-06-02,Mumbai,18-24,iOS,Referral
6966,2026-06-28,Visakhapatnam,45+,Android,YouTube
6967,2026-01-14,Visakhapatnam,35-44,Android,Push Notification
6968,2026-02-08,Hyderabad,35-44,iOS,Google Ads
6969,2026-04-30,Visakhapatnam,18-24,Android,Push Notification
6970,2026-04-12,Chennai,18-24,Android,Google Ads
6971,2026-03-24,Pune,35-44,Android,Organic
6972,2026-02-14,Pune,35-44,Android,YouTube
6973,2026-05-31,Pune,45+,Android,Google Ads
6974,2026-04-27,Delhi,25-34,Android,Instagram
6975,2026-05-06,Delhi,35-44,iOS,Organic
6976,2026-05-25,Mumbai,25-34,Android,Referral
6977,2026-03-10,Mumbai,18-24,Android,Referral
6978,2026-06-22,Visakhapatnam,45+,iOS,Referral
6979,2026-01-04,Visakhapatnam,45+,Android,Instagram
6980,2026-04-11,Mumbai,45+,iOS,Organic
6981,2026-01-27,Visakhapatnam,35-44,iOS,Instagram
6982,2026-02-11,Visakhapatnam,25-34,Android,Organic
6983,2026-05-20,Hyderabad,35-44,Android,Google Ads
6984,2026-01-09,Mumbai,25-34,Android,Google Ads
6985,2026-06-10,Bengaluru,25-34,Android,Google Ads
6986,2026-02-13,Delhi,18-24,Android,Referral
6987,2026-06-24,Mumbai,25-34,Android,Push Notification
6988,2026-04-23,Visakhapatnam,45+,iOS,Instagram
6989,2026-05-20,Bengaluru,25-34,Android,Referral
6990,2026-02-04,Hyderabad,18-24,Android,Organic
6991,2026-05-21,Bengaluru,25-34,Android,Instagram
6992,2026-06-22,Hyderabad,45+,Android,Google Ads
6993,2026-05-06,Pune,45+,iOS,Google Ads
6994,2026-06-11,Chennai,35-44,Android,YouTube
6995,2026-03-25,Bengaluru,35-44,Android,Push Notification
6996,2026-01-05,Hyderabad,35-44,iOS,Organic
6997,2026-05-12,Hyderabad,35-44,Android,Instagram
6998,2026-02-02,Visakhapatnam,45+,iOS,Google Ads
6999,2026-06-26,Hyderabad,18-24,Android,Organic
7000,2026-04-26,Visakhapatnam,25-34,Android,Organic
7001,2026-02-09,Mumbai,25-34,Android,Google Ads
7002,2026-06-21,Bengaluru,25-34,iOS,Push Notification
7003,2026-03-12,Visakhapatnam,45+,Android,Google Ads
7004,2026-05-28,Hyderabad,45+,iOS,Google Ads
7005,2026-05-24,Hyderabad,18-24,iOS,Push Notification
7006,2026-04-12,Visakhapatnam,18-24,Android,Referral
7007,2026-06-06,Chennai,45+,iOS,Instagram
7008,2026-01-03,Visakhapatnam,25-34,iOS,Instagram
7009,2026-04-06,Bengaluru,35-44,Android,Organic
7010,2026-04-10,Hyderabad,45+,Android,YouTube
7011,2026-04-29,Hyderabad,18-24,Android,Instagram
7012,2026-03-16,Delhi,35-44,Android,Organic
7013,2026-03-26,Mumbai,18-24,Android,Instagram
7014,2026-02-06,Pune,45+,iOS,Google Ads
7015,2026-05-13,Hyderabad,25-34,Android,Organic
7016,2026-04-02,Hyderabad,35-44,iOS,Push Notification
7017,2026-06-06,Delhi,45+,Android,Push Notification
7018,2026-04-17,Hyderabad,25-34,Android,Google Ads
7019,2026-03-26,Bengaluru,25-34,Android,Push Notification
7020,2026-02-11,Visakhapatnam,18-24,Android,YouTube
7021,2026-02-19,Chennai,45+,Android,Google Ads
7022,2026-03-31,Bengaluru,18-24,iOS,Push Notification
7023,2026-03-20,Chennai,45+,Android,Instagram
7024,2026-06-23,Visakhapatnam,35-44,Android,Organic
7025,2026-01-23,Hyderabad,35-44,iOS,Instagram
7026,2026-03-23,Pune,45+,iOS,Referral
7027,2026-04-25,Mumbai,25-34,Android,Google Ads
7028,2026-01-22,Chennai,35-44,Android,Organic
7029,2026-03-02,Hyderabad,35-44,iOS,Instagram
7030,2026-05-17,Delhi,18-24,iOS,YouTube
7031,2026-05-01,Hyderabad,45+,Android,Instagram
7032,2026-02-03,Visakhapatnam,25-34,Android,Push Notification
7033,2026-03-26,Mumbai,35-44,Android,Instagram
7034,2026-06-02,Visakhapatnam,18-24,Android,Instagram
7035,2026-05-25,Chennai,45+,Android,Referral
7036,2026-06-03,Pune,18-24,Android,Google Ads
7037,2026-04-25,Pune,25-34,Android,Instagram
7038,2026-03-26,Chennai,45+,iOS,Referral
7039,2026-03-06,Bengaluru,18-24,Android,Referral
7040,2026-01-01,Pune,35-44,iOS,YouTube
7041,2026-04-29,Hyderabad,18-24,iOS,Push Notification
7042,2026-02-12,Visakhapatnam,18-24,iOS,Google Ads
7043,2026-04-08,Mumbai,45+,Android,YouTube
7044,2026-02-20,Bengaluru,45+,Android,Push Notification
7045,2026-01-19,Visakhapatnam,25-34,Android,Referral
7046,2026-03-13,Chennai,18-24,iOS,Push Notification
7047,2026-03-05,Mumbai,45+,Android,YouTube
7048,2026-02-02,Chennai,18-24,Android,Instagram
7049,2026-06-28,Chennai,18-24,iOS,Google Ads
7050,2026-02-24,Pune,45+,iOS,YouTube
7051,2026-06-23,Bengaluru,25-34,Android,Push Notification
7052,2026-06-14,Pune,45+,Android,Organic
7053,2026-05-20,Delhi,35-44,iOS,YouTube
7054,2026-04-30,Chennai,25-34,Android,YouTube
7055,2026-01-03,Mumbai,18-24,Android,Referral
7056,2026-05-31,Bengaluru,35-44,iOS,Instagram
7057,2026-04-29,Mumbai,35-44,iOS,Instagram
7058,2026-03-12,Hyderabad,18-24,Android,YouTube
7059,2026-02-13,Mumbai,45+,Android,Push Notification
7060,2026-03-29,Bengaluru,25-34,Android,Referral
7061,2026-04-01,Pune,18-24,Android,Organic
7062,2026-03-08,Visakhapatnam,35-44,Android,YouTube
7063,2026-02-23,Pune,35-44,iOS,Push Notification
7064,2026-05-26,Mumbai,18-24,Android,YouTube
7065,2026-06-30,Delhi,45+,Android,Instagram
7066,2026-04-26,Pune,25-34,iOS,Referral
7067,2026-03-26,Chennai,18-24,Android,YouTube
7068,2026-03-21,Delhi,25-34,iOS,Push Notification
7069,2026-01-10,Chennai,25-34,Android,Referral
7070,2026-06-16,Mumbai,18-24,iOS,Referral
7071,2026-04-30,Chennai,18-24,iOS,Push Notification
7072,2026-06-13,Delhi,25-34,Android,Organic
7073,2026-06-14,Mumbai,18-24,Android,YouTube
7074,2026-02-25,Chennai,25-34,Android,Google Ads
7075,2026-05-09,Bengaluru,35-44,Android,Google Ads
7076,2026-04-15,Pune,35-44,Android,YouTube
7077,2026-03-27,Mumbai,18-24,iOS,Google Ads
7078,2026-01-23,Delhi,25-34,iOS,Push Notification
7079,2026-04-11,Bengaluru,25-34,Android,Google Ads
7080,2026-03-22,Mumbai,35-44,iOS,Instagram
7081,2026-06-09,Chennai,25-34,Android,Push Notification
7082,2026-01-14,Visakhapatnam,25-34,iOS,Google Ads
7083,2026-03-10,Chennai,45+,Android,Referral
7084,2026-06-06,Bengaluru,18-24,Android,Push Notification
7085,2026-04-02,Bengaluru,35-44,Android,Referral
7086,2026-01-11,Visakhapatnam,18-24,Android,Organic
7087,2026-05-01,Bengaluru,18-24,Android,Instagram
7088,2026-03-09,Delhi,35-44,Android,Referral
7089,2026-04-11,Hyderabad,25-34,Android,YouTube
7090,2026-03-05,Mumbai,18-24,iOS,Google Ads
7091,2026-05-03,Mumbai,18-24,iOS,Instagram
7092,2026-01-08,Chennai,45+,Android,Google Ads
7093,2026-02-13,Delhi,25-34,iOS,YouTube
7094,2026-06-16,Visakhapatnam,18-24,Android,Instagram
7095,2026-03-14,Chennai,35-44,Android,Organic
7096,2026-03-07,Bengaluru,35-44,Android,Instagram
7097,2026-05-29,Bengaluru,18-24,Android,Referral
7098,2026-02-24,Mumbai,35-44,Android,Referral
7099,2026-05-08,Chennai,35-44,iOS,Google Ads
7100,2026-03-01,Mumbai,25-34,Android,Google Ads
7101,2026-05-28,Mumbai,18-24,Android,Referral
7102,2026-01-10,Hyderabad,25-34,Android,Google Ads
7103,2026-04-13,Pune,45+,iOS,Google Ads
7104,2026-04-19,Pune,18-24,Android,Push Notification
7105,2026-02-17,Visakhapatnam,18-24,Android,Instagram
7106,2026-03-28,Mumbai,18-24,Android,Referral
7107,2026-06-05,Hyderabad,45+,Android,Referral
7108,2026-01-07,Mumbai,18-24,iOS,Push Notification
7109,2026-01-28,Visakhapatnam,18-24,Android,YouTube
7110,2026-02-23,Bengaluru,35-44,Android,Referral
7111,2026-04-22,Pune,45+,iOS,Organic
7112,2026-04-08,Visakhapatnam,18-24,Android,Google Ads
7113,2026-06-25,Visakhapatnam,25-34,Android,Push Notification
7114,2026-01-19,Mumbai,25-34,Android,Referral
7115,2026-06-16,Pune,25-34,Android,Instagram
7116,2026-02-27,Hyderabad,45+,Android,Google Ads
7117,2026-04-17,Hyderabad,18-24,iOS,Google Ads
7118,2026-02-07,Pune,25-34,Android,Referral
7119,2026-03-13,Visakhapatnam,45+,iOS,Instagram
7120,2026-03-15,Pune,35-44,Android,YouTube
7121,2026-05-18,Chennai,25-34,iOS,Google Ads
7122,2026-01-16,Chennai,25-34,Android,Push Notification
7123,2026-06-19,Pune,18-24,iOS,Google Ads
7124,2026-04-18,Pune,18-24,iOS,Instagram
7125,2026-04-17,Mumbai,45+,Android,YouTube
7126,2026-03-24,Visakhapatnam,35-44,Android,Organic
7127,2026-05-26,Chennai,18-24,Android,Instagram
7128,2026-04-23,Visakhapatnam,35-44,iOS,Instagram
7129,2026-02-15,Bengaluru,45+,Android,YouTube
7130,2026-04-30,Mumbai,35-44,Android,YouTube
7131,2026-05-18,Bengaluru,18-24,Android,Push Notification
7132,2026-06-28,Pune,35-44,Android,Referral
7133,2026-04-30,Chennai,18-24,iOS,Organic
7134,2026-02-06,Pune,45+,iOS,Google Ads
7135,2026-05-20,Bengaluru,25-34,Android,Organic
7136,2026-06-03,Visakhapatnam,25-34,iOS,Push Notification
7137,2026-01-19,Mumbai,45+,Android,Referral
7138,2026-01-07,Hyderabad,35-44,Android,Referral
7139,2026-01-20,Mumbai,45+,Android,Referral
7140,2026-04-12,Pune,18-24,iOS,Organic
7141,2026-06-26,Delhi,45+,Android,Referral
7142,2026-05-28,Delhi,35-44,Android,Google Ads
7143,2026-04-30,Pune,25-34,iOS,Google Ads
7144,2026-03-09,Visakhapatnam,35-44,Android,Instagram
7145,2026-06-22,Mumbai,35-44,Android,Referral
7146,2026-01-05,Hyderabad,18-24,iOS,YouTube
7147,2026-06-24,Bengaluru,18-24,Android,Organic
7148,2026-06-29,Hyderabad,45+,Android,YouTube
7149,2026-06-25,Chennai,45+,iOS,Organic
7150,2026-04-04,Visakhapatnam,18-24,Android,Push Notification
7151,2026-01-27,Mumbai,18-24,Android,Instagram
7152,2026-01-15,Bengaluru,25-34,Android,YouTube
7153,2026-05-29,Bengaluru,45+,Android,Referral
7154,2026-06-29,Visakhapatnam,35-44,Android,Push Notification
7155,2026-01-14,Bengaluru,18-24,Android,YouTube
7156,2026-01-01,Hyderabad,45+,Android,Organic
7157,2026-05-08,Pune,35-44,Android,Google Ads
7158,2026-01-04,Bengaluru,18-24,Android,Push Notification
7159,2026-03-15,Pune,45+,Android,Push Notification
7160,2026-02-28,Mumbai,25-34,Android,Organic
7161,2026-06-22,Visakhapatnam,45+,Android,YouTube
7162,2026-06-04,Chennai,35-44,Android,Push Notification
7163,2026-06-27,Mumbai,35-44,Android,YouTube
7164,2026-04-19,Bengaluru,45+,iOS,Instagram
7165,2026-02-12,Bengaluru,25-34,Android,Push Notification
7166,2026-06-24,Pune,35-44,Android,Google Ads
7167,2026-01-15,Bengaluru,18-24,Android,Organic
7168,2026-03-31,Delhi,25-34,Android,Organic
7169,2026-06-24,Delhi,35-44,Android,Google Ads
7170,2026-03-03,Chennai,25-34,iOS,Referral
7171,2026-04-12,Mumbai,45+,Android,Organic
7172,2026-06-23,Chennai,18-24,iOS,Instagram
7173,2026-03-29,Chennai,18-24,iOS,Referral
7174,2026-03-19,Pune,18-24,iOS,YouTube
7175,2026-03-18,Pune,45+,Android,Organic
7176,2026-03-12,Bengaluru,18-24,Android,Google Ads
7177,2026-03-28,Pune,45+,Android,Push Notification
7178,2026-01-12,Mumbai,35-44,Android,Instagram
7179,2026-03-26,Hyderabad,45+,Android,Instagram
7180,2026-04-06,Delhi,25-34,Android,Referral
7181,2026-06-01,Hyderabad,18-24,iOS,Organic
7182,2026-06-27,Hyderabad,35-44,iOS,Organic
7183,2026-05-17,Bengaluru,45+,Android,YouTube
7184,2026-06-06,Pune,35-44,Android,Google Ads
7185,2026-01-20,Visakhapatnam,35-44,iOS,Referral
7186,2026-01-31,Pune,25-34,Android,Push Notification
7187,2026-04-27,Mumbai,25-34,Android,Push Notification
7188,2026-05-17,Hyderabad,18-24,iOS,Google Ads
7189,2026-06-18,Delhi,45+,Android,Instagram
7190,2026-06-07,Chennai,25-34,Android,Instagram
7191,2026-03-17,Pune,25-34,iOS,YouTube
7192,2026-05-04,Delhi,18-24,iOS,Google Ads
7193,2026-01-17,Delhi,35-44,Android,Push Notification
7194,2026-03-07,Pune,35-44,Android,Referral
7195,2026-01-02,Bengaluru,25-34,Android,Referral
7196,2026-01-27,Chennai,35-44,Android,Google Ads
7197,2026-01-21,Bengaluru,45+,Android,Google Ads
7198,2026-05-08,Bengaluru,18-24,iOS,Instagram
7199,2026-02-06,Pune,25-34,Android,Referral
7200,2026-06-08,Pune,45+,Android,YouTube
7201,2026-05-15,Chennai,45+,Android,Instagram
7202,2026-03-26,Pune,35-44,iOS,Instagram
7203,2026-01-18,Visakhapatnam,35-44,Android,YouTube
7204,2026-02-04,Mumbai,25-34,Android,Organic
7205,2026-06-26,Bengaluru,45+,Android,Referral
7206,2026-03-27,Mumbai,18-24,iOS,YouTube
7207,2026-02-23,Bengaluru,45+,iOS,YouTube
7208,2026-06-04,Hyderabad,18-24,Android,Instagram
7209,2026-05-16,Bengaluru,35-44,Android,Google Ads
7210,2026-04-19,Mumbai,35-44,Android,Organic
7211,2026-04-03,Chennai,45+,Android,Google Ads
7212,2026-06-29,Visakhapatnam,18-24,iOS,Referral
7213,2026-01-08,Mumbai,45+,Android,Instagram
7214,2026-05-13,Hyderabad,35-44,iOS,Organic
7215,2026-04-07,Hyderabad,25-34,iOS,Referral
7216,2026-06-12,Bengaluru,25-34,Android,Google Ads
7217,2026-04-23,Mumbai,25-34,iOS,Push Notification
7218,2026-05-06,Hyderabad,45+,Android,Google Ads
7219,2026-03-14,Bengaluru,45+,iOS,Instagram
7220,2026-04-18,Visakhapatnam,18-24,iOS,Organic
7221,2026-02-03,Mumbai,18-24,Android,Push Notification
7222,2026-01-04,Chennai,25-34,Android,Referral
7223,2026-05-19,Delhi,18-24,iOS,Referral
7224,2026-01-20,Bengaluru,35-44,Android,YouTube
7225,2026-03-26,Pune,45+,Android,Instagram
7226,2026-04-21,Bengaluru,35-44,Android,Organic
7227,2026-02-12,Mumbai,25-34,Android,Organic
7228,2026-02-13,Mumbai,45+,Android,Organic
7229,2026-03-22,Delhi,35-44,Android,Push Notification
7230,2026-06-05,Pune,35-44,Android,YouTube
7231,2026-02-10,Mumbai,35-44,Android,Organic
7232,2026-03-26,Visakhapatnam,18-24,Android,Push Notification
7233,2026-02-26,Delhi,25-34,iOS,YouTube
7234,2026-05-23,Delhi,45+,Android,Push Notification
7235,2026-02-12,Visakhapatnam,25-34,iOS,Google Ads
7236,2026-04-21,Chennai,45+,iOS,Google Ads
7237,2026-04-24,Delhi,45+,Android,Google Ads
7238,2026-04-20,Pune,35-44,Android,Google Ads
7239,2026-05-16,Chennai,45+,iOS,Push Notification
7240,2026-03-04,Visakhapatnam,18-24,Android,Referral
7241,2026-04-25,Pune,25-34,iOS,Referral
7242,2026-01-21,Mumbai,18-24,Android,Push Notification
7243,2026-05-18,Visakhapatnam,25-34,Android,Push Notification
7244,2026-03-30,Delhi,35-44,Android,Instagram
7245,2026-04-19,Visakhapatnam,25-34,iOS,Google Ads
7246,2026-04-26,Chennai,18-24,Android,Instagram
7247,2026-02-24,Bengaluru,35-44,iOS,Referral
7248,2026-02-25,Hyderabad,25-34,iOS,Google Ads
7249,2026-06-12,Mumbai,25-34,Android,Instagram
7250,2026-04-25,Hyderabad,35-44,iOS,Instagram
7251,2026-01-11,Delhi,25-34,Android,Instagram
7252,2026-03-16,Chennai,25-34,iOS,Referral
7253,2026-04-28,Mumbai,18-24,Android,Organic
7254,2026-04-17,Chennai,18-24,Android,YouTube
7255,2026-04-18,Mumbai,35-44,Android,Push Notification
7256,2026-04-28,Visakhapatnam,45+,iOS,Instagram
7257,2026-04-08,Pune,18-24,Android,Instagram
7258,2026-05-12,Mumbai,35-44,iOS,Referral
7259,2026-05-08,Mumbai,25-34,Android,Push Notification
7260,2026-02-15,Pune,18-24,iOS,Google Ads
7261,2026-03-14,Pune,35-44,Android,Referral
7262,2026-06-26,Chennai,18-24,Android,Referral
7263,2026-02-11,Visakhapatnam,35-44,iOS,YouTube
7264,2026-06-01,Mumbai,35-44,iOS,Referral
7265,2026-03-12,Hyderabad,45+,Android,Push Notification
7266,2026-05-23,Pune,35-44,Android,Organic
7267,2026-02-02,Mumbai,18-24,Android,Google Ads
7268,2026-05-28,Pune,18-24,Android,Google Ads
7269,2026-05-10,Chennai,18-24,iOS,Referral
7270,2026-02-06,Pune,25-34,Android,Referral
7271,2026-05-21,Pune,18-24,Android,YouTube
7272,2026-01-20,Hyderabad,18-24,iOS,Instagram
7273,2026-02-25,Visakhapatnam,45+,Android,Google Ads
7274,2026-03-25,Chennai,45+,Android,Push Notification
7275,2026-06-17,Chennai,45+,Android,Referral
7276,2026-01-19,Bengaluru,45+,Android,Referral
7277,2026-06-18,Pune,35-44,Android,YouTube
7278,2026-06-20,Bengaluru,35-44,iOS,Instagram
7279,2026-05-26,Bengaluru,35-44,iOS,Organic
7280,2026-03-29,Bengaluru,25-34,Android,Referral
7281,2026-02-04,Pune,18-24,Android,Instagram
7282,2026-05-12,Bengaluru,35-44,iOS,YouTube
7283,2026-02-27,Pune,35-44,iOS,Push Notification
7284,2026-03-22,Visakhapatnam,35-44,Android,Organic
7285,2026-04-27,Mumbai,25-34,iOS,Organic
7286,2026-04-11,Mumbai,35-44,Android,Organic
7287,2026-06-06,Mumbai,25-34,Android,Instagram
7288,2026-05-06,Bengaluru,35-44,Android,Organic
7289,2026-02-22,Hyderabad,25-34,Android,Referral
7290,2026-06-09,Bengaluru,45+,Android,YouTube
7291,2026-05-21,Visakhapatnam,35-44,iOS,Google Ads
7292,2026-04-03,Mumbai,25-34,Android,Organic
7293,2026-02-13,Mumbai,35-44,iOS,Instagram
7294,2026-01-03,Mumbai,25-34,Android,Referral
7295,2026-03-01,Bengaluru,18-24,Android,Organic
7296,2026-02-15,Delhi,18-24,iOS,Organic
7297,2026-04-03,Mumbai,25-34,Android,YouTube
7298,2026-03-23,Pune,18-24,iOS,Instagram
7299,2026-05-03,Pune,35-44,Android,Push Notification
7300,2026-03-02,Visakhapatnam,35-44,Android,Organic
7301,2026-01-23,Pune,18-24,iOS,Organic
7302,2026-02-22,Delhi,35-44,iOS,Push Notification
7303,2026-03-01,Bengaluru,35-44,Android,Google Ads
7304,2026-02-24,Pune,45+,Android,Referral
7305,2026-04-20,Pune,45+,Android,Referral
7306,2026-03-03,Bengaluru,25-34,Android,Organic
7307,2026-02-08,Hyderabad,25-34,Android,Push Notification
7308,2026-02-22,Pune,18-24,iOS,Organic
7309,2026-01-24,Bengaluru,35-44,Android,Google Ads
7310,2026-06-08,Pune,18-24,Android,Push Notification
7311,2026-05-16,Mumbai,18-24,Android,Push Notification
7312,2026-04-16,Bengaluru,35-44,Android,Organic
7313,2026-05-27,Hyderabad,18-24,Android,Organic
7314,2026-06-21,Visakhapatnam,25-34,Android,YouTube
7315,2026-06-28,Visakhapatnam,18-24,Android,Google Ads
7316,2026-03-01,Delhi,45+,iOS,Push Notification
7317,2026-04-13,Chennai,18-24,iOS,Push Notification
7318,2026-06-28,Hyderabad,45+,Android,Push Notification
7319,2026-02-25,Mumbai,18-24,Android,YouTube
7320,2026-05-03,Bengaluru,18-24,Android,Organic
7321,2026-01-29,Visakhapatnam,25-34,iOS,Organic
7322,2026-03-05,Bengaluru,35-44,Android,Referral
7323,2026-01-08,Chennai,18-24,Android,YouTube
7324,2026-05-02,Delhi,45+,Android,Push Notification
7325,2026-05-07,Chennai,35-44,iOS,Google Ads
7326,2026-04-02,Mumbai,45+,Android,Organic
7327,2026-04-07,Delhi,25-34,Android,Organic
7328,2026-02-20,Mumbai,45+,iOS,YouTube
7329,2026-01-20,Hyderabad,18-24,Android,Push Notification
7330,2026-04-23,Delhi,18-24,iOS,YouTube
7331,2026-06-06,Chennai,25-34,Android,Referral
7332,2026-04-29,Hyderabad,18-24,Android,YouTube
7333,2026-03-13,Chennai,45+,Android,YouTube
7334,2026-03-04,Delhi,25-34,iOS,Google Ads
7335,2026-02-25,Mumbai,45+,Android,Referral
7336,2026-01-28,Mumbai,35-44,Android,Organic
7337,2026-01-07,Pune,45+,iOS,Organic
7338,2026-03-12,Mumbai,18-24,Android,Google Ads
7339,2026-03-05,Visakhapatnam,25-34,Android,Organic
7340,2026-04-14,Bengaluru,45+,Android,Push Notification
7341,2026-05-19,Mumbai,25-34,Android,Push Notification
7342,2026-02-13,Visakhapatnam,45+,Android,Push Notification
7343,2026-01-02,Delhi,45+,Android,YouTube
7344,2026-03-25,Pune,25-34,Android,YouTube
7345,2026-03-28,Mumbai,35-44,Android,Organic
7346,2026-02-24,Pune,18-24,iOS,Referral
7347,2026-01-07,Visakhapatnam,35-44,Android,Google Ads
7348,2026-03-02,Chennai,45+,Android,Google Ads
7349,2026-05-21,Mumbai,45+,Android,YouTube
7350,2026-06-12,Visakhapatnam,25-34,iOS,YouTube
7351,2026-01-05,Hyderabad,35-44,Android,Referral
7352,2026-03-07,Chennai,35-44,Android,Referral
7353,2026-04-18,Delhi,35-44,Android,Push Notification
7354,2026-05-03,Mumbai,35-44,Android,Google Ads
7355,2026-05-06,Delhi,18-24,Android,Referral
7356,2026-02-28,Hyderabad,45+,Android,Google Ads
7357,2026-05-28,Chennai,45+,Android,Organic
7358,2026-03-08,Bengaluru,35-44,Android,Organic
7359,2026-01-29,Mumbai,35-44,Android,Organic
7360,2026-04-05,Chennai,25-34,Android,Push Notification
7361,2026-03-21,Mumbai,25-34,iOS,Organic
7362,2026-01-19,Chennai,45+,Android,Instagram
7363,2026-04-09,Hyderabad,25-34,iOS,Organic
7364,2026-01-23,Pune,25-34,Android,Push Notification
7365,2026-01-06,Delhi,35-44,Android,Push Notification
7366,2026-06-11,Bengaluru,45+,iOS,Instagram
7367,2026-02-14,Mumbai,45+,Android,Google Ads
7368,2026-04-08,Pune,35-44,iOS,Google Ads
7369,2026-05-08,Chennai,18-24,iOS,Organic
7370,2026-02-20,Bengaluru,35-44,Android,Instagram
7371,2026-03-13,Bengaluru,35-44,Android,Referral
7372,2026-01-08,Hyderabad,25-34,iOS,Organic
7373,2026-01-24,Pune,45+,Android,Google Ads
7374,2026-02-08,Chennai,25-34,iOS,YouTube
7375,2026-04-07,Delhi,45+,iOS,Push Notification
7376,2026-02-02,Mumbai,18-24,Android,Push Notification
7377,2026-04-24,Mumbai,25-34,Android,YouTube
7378,2026-03-01,Pune,35-44,Android,Organic
7379,2026-05-29,Bengaluru,45+,Android,YouTube
7380,2026-02-19,Bengaluru,18-24,iOS,YouTube
7381,2026-05-27,Hyderabad,45+,Android,Instagram
7382,2026-01-09,Pune,18-24,Android,Referral
7383,2026-06-27,Delhi,35-44,iOS,Organic
7384,2026-03-03,Bengaluru,35-44,Android,Google Ads
7385,2026-05-02,Delhi,45+,Android,Push Notification
7386,2026-04-18,Visakhapatnam,45+,iOS,Instagram
7387,2026-06-19,Pune,35-44,iOS,Organic
7388,2026-03-20,Delhi,25-34,Android,Instagram
7389,2026-03-07,Bengaluru,45+,Android,Instagram
7390,2026-03-17,Visakhapatnam,18-24,iOS,Push Notification
7391,2026-05-02,Delhi,35-44,iOS,Google Ads
7392,2026-05-02,Bengaluru,25-34,Android,Organic
7393,2026-01-29,Chennai,18-24,Android,Referral
7394,2026-02-22,Bengaluru,35-44,Android,Push Notification
7395,2026-03-14,Mumbai,35-44,Android,Google Ads
7396,2026-03-22,Mumbai,18-24,iOS,Push Notification
7397,2026-02-24,Pune,25-34,iOS,Referral
7398,2026-03-13,Mumbai,45+,iOS,Push Notification
7399,2026-06-24,Delhi,18-24,Android,Referral
7400,2026-01-04,Chennai,18-24,Android,Push Notification
7401,2026-06-09,Bengaluru,35-44,Android,Organic
7402,2026-03-03,Hyderabad,35-44,iOS,YouTube
7403,2026-03-19,Pune,35-44,Android,Instagram
7404,2026-02-14,Mumbai,25-34,Android,Instagram
7405,2026-02-08,Delhi,25-34,Android,Referral
7406,2026-02-13,Mumbai,45+,iOS,Referral
7407,2026-06-18,Chennai,18-24,Android,Organic
7408,2026-02-05,Chennai,35-44,Android,Push Notification
7409,2026-04-27,Mumbai,45+,Android,Organic
7410,2026-03-29,Pune,25-34,iOS,Push Notification
7411,2026-01-17,Delhi,45+,iOS,Push Notification
7412,2026-05-14,Delhi,35-44,Android,Push Notification
7413,2026-01-01,Chennai,18-24,Android,Referral
7414,2026-01-31,Hyderabad,35-44,iOS,Instagram
7415,2026-03-07,Chennai,18-24,iOS,YouTube
7416,2026-05-10,Visakhapatnam,18-24,iOS,Referral
7417,2026-04-03,Delhi,35-44,Android,Instagram
7418,2026-05-06,Visakhapatnam,35-44,iOS,Google Ads
7419,2026-03-03,Chennai,45+,iOS,YouTube
7420,2026-06-22,Delhi,45+,Android,Organic
7421,2026-05-01,Pune,18-24,Android,Instagram
7422,2026-03-04,Visakhapatnam,35-44,iOS,Google Ads
7423,2026-01-23,Delhi,18-24,Android,Google Ads
7424,2026-02-12,Chennai,45+,Android,YouTube
7425,2026-01-16,Pune,45+,Android,Referral
7426,2026-01-05,Visakhapatnam,45+,Android,Push Notification
7427,2026-02-22,Pune,25-34,iOS,Push Notification
7428,2026-04-03,Chennai,18-24,Android,Referral
7429,2026-06-21,Pune,25-34,iOS,Push Notification
7430,2026-01-01,Delhi,18-24,Android,Push Notification
7431,2026-05-01,Hyderabad,18-24,Android,Google Ads
7432,2026-05-05,Pune,18-24,Android,YouTube
7433,2026-04-17,Mumbai,45+,iOS,YouTube
7434,2026-02-27,Visakhapatnam,18-24,Android,Push Notification
7435,2026-01-09,Pune,25-34,Android,Instagram
7436,2026-06-02,Visakhapatnam,45+,Android,Instagram
7437,2026-05-19,Chennai,45+,iOS,Google Ads
7438,2026-06-07,Chennai,35-44,Android,Referral
7439,2026-03-15,Mumbai,35-44,iOS,Referral
7440,2026-03-23,Chennai,25-34,Android,Referral
7441,2026-04-03,Mumbai,35-44,Android,YouTube
7442,2026-05-11,Visakhapatnam,18-24,Android,YouTube
7443,2026-03-11,Chennai,45+,Android,Organic
7444,2026-01-11,Visakhapatnam,35-44,Android,Google Ads
7445,2026-02-08,Hyderabad,25-34,Android,Google Ads
7446,2026-04-12,Pune,25-34,Android,Google Ads
7447,2026-04-10,Mumbai,35-44,Android,Instagram
7448,2026-04-24,Visakhapatnam,25-34,Android,Push Notification
7449,2026-01-09,Chennai,35-44,iOS,Organic
7450,2026-04-08,Visakhapatnam,35-44,Android,YouTube
7451,2026-03-29,Visakhapatnam,25-34,Android,Referral
7452,2026-05-03,Bengaluru,18-24,Android,Push Notification
7453,2026-05-23,Visakhapatnam,45+,iOS,YouTube
7454,2026-06-01,Hyderabad,18-24,iOS,Instagram
7455,2026-02-23,Chennai,45+,Android,Google Ads
7456,2026-02-19,Visakhapatnam,45+,Android,Google Ads
7457,2026-03-08,Visakhapatnam,25-34,Android,Instagram
7458,2026-06-28,Chennai,25-34,iOS,YouTube
7459,2026-03-01,Chennai,25-34,iOS,Google Ads
7460,2026-05-08,Mumbai,25-34,Android,YouTube
7461,2026-02-23,Hyderabad,18-24,Android,Google Ads
7462,2026-05-01,Delhi,18-24,Android,Push Notification
7463,2026-05-30,Bengaluru,25-34,Android,Instagram
7464,2026-01-09,Visakhapatnam,45+,Android,Google Ads
7465,2026-02-18,Visakhapatnam,25-34,Android,Push Notification
7466,2026-06-10,Pune,25-34,Android,Instagram
7467,2026-04-13,Mumbai,18-24,Android,Push Notification
7468,2026-05-05,Pune,18-24,Android,Google Ads
7469,2026-04-23,Hyderabad,35-44,iOS,Push Notification
7470,2026-06-23,Hyderabad,45+,iOS,YouTube
7471,2026-06-18,Chennai,18-24,iOS,Push Notification
7472,2026-06-10,Chennai,35-44,Android,Push Notification
7473,2026-04-02,Bengaluru,35-44,iOS,Push Notification
7474,2026-02-06,Hyderabad,35-44,Android,Push Notification
7475,2026-05-19,Delhi,25-34,Android,Push Notification
7476,2026-02-10,Chennai,35-44,Android,Google Ads
7477,2026-02-07,Mumbai,45+,Android,YouTube
7478,2026-04-20,Pune,35-44,Android,Instagram
7479,2026-02-03,Pune,25-34,Android,YouTube
7480,2026-01-10,Visakhapatnam,45+,Android,YouTube
7481,2026-04-30,Mumbai,25-34,Android,Organic
7482,2026-06-27,Bengaluru,18-24,Android,Organic
7483,2026-06-02,Pune,35-44,iOS,Push Notification
7484,2026-04-18,Bengaluru,35-44,iOS,Push Notification
7485,2026-06-25,Mumbai,18-24,Android,Organic
7486,2026-04-12,Chennai,45+,iOS,Push Notification
7487,2026-06-16,Pune,45+,Android,Organic
7488,2026-04-14,Mumbai,45+,Android,Instagram
7489,2026-05-07,Chennai,45+,Android,Instagram
7490,2026-05-26,Pune,45+,Android,YouTube
7491,2026-05-30,Bengaluru,18-24,iOS,Organic
7492,2026-03-01,Pune,35-44,Android,Google Ads
7493,2026-05-01,Chennai,25-34,Android,Instagram
7494,2026-04-01,Pune,45+,Android,Push Notification
7495,2026-04-24,Bengaluru,25-34,Android,Referral
7496,2026-02-28,Pune,35-44,Android,YouTube
7497,2026-03-15,Hyderabad,25-34,Android,Instagram
7498,2026-03-24,Delhi,35-44,Android,Referral
7499,2026-06-19,Mumbai,35-44,Android,Referral
7500,2026-01-15,Pune,45+,Android,Organic
7501,2026-02-08,Mumbai,18-24,Android,Google Ads
7502,2026-04-30,Visakhapatnam,45+,Android,Google Ads
7503,2026-06-24,Mumbai,25-34,Android,Referral
7504,2026-06-18,Delhi,45+,Android,Push Notification
7505,2026-02-17,Visakhapatnam,25-34,Android,YouTube
7506,2026-04-26,Bengaluru,25-34,Android,Organic
7507,2026-04-20,Mumbai,45+,Android,Organic
7508,2026-05-29,Hyderabad,18-24,Android,Instagram
7509,2026-05-21,Pune,45+,Android,Push Notification
7510,2026-01-06,Mumbai,45+,Android,Push Notification
7511,2026-02-09,Chennai,35-44,Android,Referral
7512,2026-05-23,Pune,25-34,Android,YouTube
7513,2026-04-02,Pune,35-44,Android,Instagram
7514,2026-01-24,Chennai,45+,iOS,YouTube
7515,2026-06-21,Hyderabad,25-34,Android,Referral
7516,2026-03-16,Delhi,35-44,Android,YouTube
7517,2026-01-28,Hyderabad,35-44,Android,Referral
7518,2026-03-05,Mumbai,35-44,Android,YouTube
7519,2026-03-18,Bengaluru,45+,iOS,Push Notification
7520,2026-03-01,Pune,45+,iOS,Organic
7521,2026-03-25,Visakhapatnam,18-24,Android,Referral
7522,2026-04-22,Bengaluru,18-24,Android,Referral
7523,2026-05-19,Delhi,35-44,iOS,Referral
7524,2026-01-24,Pune,25-34,iOS,Instagram
7525,2026-03-04,Delhi,35-44,Android,YouTube
7526,2026-04-14,Pune,35-44,Android,YouTube
7527,2026-01-11,Chennai,25-34,iOS,Organic
7528,2026-02-08,Visakhapatnam,18-24,Android,YouTube
7529,2026-06-15,Pune,45+,Android,YouTube
7530,2026-06-13,Visakhapatnam,35-44,iOS,Instagram
7531,2026-03-01,Bengaluru,35-44,Android,YouTube
7532,2026-03-26,Visakhapatnam,18-24,Android,Organic
7533,2026-06-25,Bengaluru,45+,Android,Google Ads
7534,2026-05-10,Chennai,18-24,Android,YouTube
7535,2026-01-12,Visakhapatnam,35-44,iOS,Referral
7536,2026-06-09,Bengaluru,45+,Android,Instagram
7537,2026-05-31,Delhi,18-24,Android,Referral
7538,2026-03-08,Chennai,35-44,Android,Push Notification
7539,2026-05-30,Hyderabad,18-24,Android,Google Ads
7540,2026-02-15,Hyderabad,35-44,Android,Google Ads
7541,2026-05-28,Delhi,45+,Android,Instagram
7542,2026-05-22,Delhi,45+,iOS,Push Notification
7543,2026-06-29,Hyderabad,18-24,Android,Instagram
7544,2026-02-01,Bengaluru,25-34,Android,Instagram
7545,2026-02-03,Delhi,45+,iOS,Push Notification
7546,2026-04-13,Hyderabad,18-24,iOS,YouTube
7547,2026-03-22,Bengaluru,18-24,iOS,Organic
7548,2026-02-12,Pune,35-44,iOS,Referral
7549,2026-02-19,Delhi,18-24,Android,Organic
7550,2026-01-18,Visakhapatnam,35-44,iOS,Referral
7551,2026-01-25,Pune,18-24,iOS,YouTube
7552,2026-01-15,Chennai,18-24,Android,YouTube
7553,2026-05-26,Delhi,18-24,Android,Referral
7554,2026-06-10,Delhi,35-44,Android,Instagram
7555,2026-03-28,Hyderabad,18-24,Android,Push Notification
7556,2026-06-01,Visakhapatnam,45+,Android,Organic
7557,2026-05-09,Chennai,45+,Android,Organic
7558,2026-05-18,Hyderabad,35-44,Android,Google Ads
7559,2026-06-02,Delhi,25-34,iOS,YouTube
7560,2026-04-04,Hyderabad,45+,iOS,Push Notification
7561,2026-01-26,Pune,45+,Android,YouTube
7562,2026-02-26,Visakhapatnam,25-34,Android,Google Ads
7563,2026-03-13,Pune,35-44,Android,Google Ads
7564,2026-01-11,Pune,35-44,Android,Organic
7565,2026-02-24,Chennai,18-24,iOS,Referral
7566,2026-05-07,Bengaluru,35-44,Android,Push Notification
7567,2026-04-25,Bengaluru,18-24,Android,Organic
7568,2026-01-18,Mumbai,25-34,iOS,Push Notification
7569,2026-02-03,Mumbai,18-24,Android,Organic
7570,2026-04-10,Pune,35-44,iOS,Referral
7571,2026-03-23,Chennai,18-24,Android,Organic
7572,2026-05-22,Chennai,18-24,iOS,Organic
7573,2026-05-19,Hyderabad,18-24,Android,Google Ads
7574,2026-06-21,Mumbai,25-34,iOS,YouTube
7575,2026-06-05,Visakhapatnam,25-34,Android,Instagram
7576,2026-04-02,Pune,45+,Android,Google Ads
7577,2026-01-16,Chennai,25-34,Android,Instagram
7578,2026-06-19,Bengaluru,45+,Android,Push Notification
7579,2026-05-10,Mumbai,18-24,iOS,YouTube
7580,2026-06-30,Chennai,18-24,Android,Referral
7581,2026-05-21,Hyderabad,35-44,Android,Instagram
7582,2026-02-11,Hyderabad,18-24,Android,Organic
7583,2026-02-25,Delhi,45+,Android,Organic
7584,2026-04-14,Delhi,35-44,iOS,Push Notification
7585,2026-05-23,Delhi,18-24,Android,Push Notification
7586,2026-04-15,Delhi,18-24,iOS,Push Notification
7587,2026-01-20,Mumbai,45+,iOS,Instagram
7588,2026-01-10,Delhi,25-34,Android,YouTube
7589,2026-03-25,Bengaluru,35-44,Android,Instagram
7590,2026-01-08,Delhi,45+,Android,Push Notification
7591,2026-03-27,Delhi,18-24,Android,Google Ads
7592,2026-06-27,Chennai,35-44,Android,Referral
7593,2026-06-02,Pune,25-34,Android,Push Notification
7594,2026-05-20,Delhi,35-44,Android,Organic
7595,2026-05-05,Bengaluru,25-34,Android,Instagram
7596,2026-01-21,Bengaluru,25-34,Android,Push Notification
7597,2026-01-05,Bengaluru,35-44,Android,Push Notification
7598,2026-04-24,Chennai,25-34,Android,Google Ads
7599,2026-06-22,Delhi,35-44,Android,Referral
7600,2026-06-04,Hyderabad,35-44,Android,Organic
7601,2026-04-11,Delhi,35-44,Android,YouTube
7602,2026-06-11,Chennai,18-24,Android,Instagram
7603,2026-06-22,Mumbai,45+,iOS,Instagram
7604,2026-05-30,Hyderabad,25-34,iOS,Push Notification
7605,2026-04-10,Visakhapatnam,45+,iOS,Organic
7606,2026-01-31,Delhi,45+,Android,Push Notification
7607,2026-05-19,Chennai,45+,Android,Google Ads
7608,2026-03-20,Pune,25-34,Android,Referral
7609,2026-05-21,Pune,45+,Android,Organic
7610,2026-02-01,Chennai,35-44,Android,Referral
7611,2026-05-06,Delhi,35-44,Android,Organic
7612,2026-04-04,Delhi,45+,iOS,Google Ads
7613,2026-01-23,Mumbai,25-34,Android,Instagram
7614,2026-02-15,Visakhapatnam,35-44,Android,Push Notification
7615,2026-04-10,Delhi,18-24,Android,Instagram
7616,2026-05-14,Delhi,35-44,Android,Organic
7617,2026-04-26,Visakhapatnam,18-24,Android,Organic
7618,2026-03-28,Delhi,25-34,Android,Instagram
7619,2026-02-28,Bengaluru,25-34,iOS,Google Ads
7620,2026-01-31,Pune,35-44,Android,Referral
7621,2026-01-05,Bengaluru,25-34,Android,Google Ads
7622,2026-03-04,Visakhapatnam,25-34,iOS,Push Notification
7623,2026-02-01,Hyderabad,18-24,iOS,YouTube
7624,2026-03-11,Bengaluru,25-34,iOS,Instagram
7625,2026-06-28,Mumbai,18-24,Android,Organic
7626,2026-05-18,Delhi,45+,Android,Instagram
7627,2026-06-27,Delhi,25-34,Android,Push Notification
7628,2026-04-30,Delhi,45+,Android,YouTube
7629,2026-02-08,Mumbai,35-44,Android,Google Ads
7630,2026-01-25,Hyderabad,45+,iOS,Google Ads
7631,2026-02-28,Hyderabad,25-34,Android,YouTube
7632,2026-06-24,Mumbai,18-24,Android,Push Notification
7633,2026-01-04,Hyderabad,45+,Android,Instagram
7634,2026-02-11,Chennai,35-44,iOS,YouTube
7635,2026-06-07,Delhi,45+,iOS,Push Notification
7636,2026-03-27,Bengaluru,45+,Android,Instagram
7637,2026-03-30,Delhi,25-34,Android,Push Notification
7638,2026-03-18,Pune,25-34,Android,Referral
7639,2026-06-10,Visakhapatnam,35-44,Android,Push Notification
7640,2026-02-17,Visakhapatnam,35-44,Android,Organic
7641,2026-01-18,Chennai,25-34,Android,Instagram
7642,2026-01-12,Visakhapatnam,35-44,Android,Google Ads
7643,2026-05-22,Mumbai,25-34,Android,Referral
7644,2026-02-10,Hyderabad,35-44,Android,Referral
7645,2026-04-22,Chennai,45+,iOS,YouTube
7646,2026-02-02,Pune,45+,Android,Push Notification
7647,2026-06-28,Delhi,45+,Android,Push Notification
7648,2026-02-03,Hyderabad,45+,Android,Organic
7649,2026-06-25,Delhi,25-34,iOS,Referral
7650,2026-05-23,Bengaluru,25-34,Android,Push Notification
7651,2026-02-04,Chennai,25-34,Android,Push Notification
7652,2026-01-09,Chennai,35-44,iOS,Organic
7653,2026-03-07,Delhi,35-44,Android,Push Notification
7654,2026-02-01,Hyderabad,45+,Android,Instagram
7655,2026-04-02,Visakhapatnam,45+,iOS,Instagram
7656,2026-04-29,Bengaluru,35-44,iOS,Google Ads
7657,2026-01-18,Pune,45+,Android,Organic
7658,2026-06-24,Delhi,35-44,Android,Google Ads
7659,2026-03-12,Delhi,45+,Android,Referral
7660,2026-06-07,Chennai,18-24,Android,Organic
7661,2026-02-22,Delhi,35-44,Android,Instagram
7662,2026-06-03,Pune,45+,Android,Push Notification
7663,2026-05-19,Mumbai,35-44,iOS,Push Notification
7664,2026-04-16,Mumbai,18-24,iOS,YouTube
7665,2026-05-10,Hyderabad,45+,Android,Organic
7666,2026-02-03,Hyderabad,35-44,Android,Google Ads
7667,2026-05-08,Pune,35-44,Android,Referral
7668,2026-02-26,Pune,25-34,Android,Instagram
7669,2026-05-30,Delhi,18-24,iOS,Google Ads
7670,2026-02-24,Hyderabad,25-34,Android,Google Ads
7671,2026-06-04,Bengaluru,35-44,Android,Referral
7672,2026-01-04,Bengaluru,45+,Android,Organic
7673,2026-03-21,Mumbai,25-34,iOS,YouTube
7674,2026-04-29,Bengaluru,45+,Android,Referral
7675,2026-03-07,Hyderabad,45+,Android,Referral
7676,2026-04-09,Chennai,35-44,Android,Organic
7677,2026-06-22,Chennai,45+,iOS,Google Ads
7678,2026-02-11,Delhi,25-34,Android,Google Ads
7679,2026-06-25,Mumbai,25-34,Android,Google Ads
7680,2026-05-09,Chennai,25-34,Android,Instagram
7681,2026-04-23,Visakhapatnam,45+,Android,Google Ads
7682,2026-06-03,Visakhapatnam,25-34,iOS,Instagram
7683,2026-04-03,Mumbai,45+,Android,Push Notification
7684,2026-01-10,Chennai,45+,Android,Referral
7685,2026-01-09,Bengaluru,35-44,iOS,Organic
7686,2026-02-16,Visakhapatnam,35-44,Android,Instagram
7687,2026-02-22,Bengaluru,35-44,Android,YouTube
7688,2026-01-24,Hyderabad,35-44,iOS,Referral
7689,2026-03-31,Hyderabad,25-34,iOS,Google Ads
7690,2026-01-31,Hyderabad,45+,iOS,Referral
7691,2026-05-23,Mumbai,18-24,Android,Push Notification
7692,2026-01-05,Bengaluru,25-34,iOS,Instagram
7693,2026-06-10,Pune,18-24,Android,Referral
7694,2026-03-28,Pune,35-44,iOS,Push Notification
7695,2026-05-22,Delhi,35-44,Android,Instagram
7696,2026-02-12,Hyderabad,25-34,Android,Google Ads
7697,2026-01-27,Visakhapatnam,45+,Android,Push Notification
7698,2026-04-11,Bengaluru,45+,Android,Referral
7699,2026-04-29,Chennai,45+,Android,Instagram
7700,2026-05-26,Visakhapatnam,35-44,iOS,Referral
7701,2026-01-19,Visakhapatnam,35-44,Android,Instagram
7702,2026-06-02,Hyderabad,35-44,Android,YouTube
7703,2026-01-07,Pune,35-44,Android,Referral
7704,2026-02-03,Visakhapatnam,25-34,Android,Organic
7705,2026-06-23,Delhi,45+,iOS,Organic
7706,2026-04-04,Delhi,18-24,Android,Organic
7707,2026-01-21,Visakhapatnam,18-24,Android,YouTube
7708,2026-01-01,Bengaluru,35-44,Android,Google Ads
7709,2026-04-16,Bengaluru,45+,Android,Organic
7710,2026-03-08,Pune,18-24,Android,Push Notification
7711,2026-05-15,Chennai,18-24,iOS,Referral
7712,2026-03-06,Delhi,45+,iOS,Organic
7713,2026-03-21,Delhi,18-24,Android,Referral
7714,2026-02-27,Pune,18-24,Android,YouTube
7715,2026-05-27,Chennai,45+,Android,Referral
7716,2026-04-26,Visakhapatnam,18-24,Android,Referral
7717,2026-01-31,Hyderabad,25-34,iOS,Referral
7718,2026-02-16,Chennai,35-44,Android,Google Ads
7719,2026-01-15,Bengaluru,45+,Android,Referral
7720,2026-02-10,Bengaluru,35-44,Android,Referral
7721,2026-01-27,Mumbai,35-44,Android,Push Notification
7722,2026-04-24,Pune,25-34,Android,Referral
7723,2026-04-30,Hyderabad,18-24,Android,Instagram
7724,2026-03-20,Mumbai,18-24,iOS,Referral
7725,2026-06-23,Chennai,25-34,Android,Google Ads
7726,2026-04-16,Hyderabad,45+,Android,Referral
7727,2026-05-11,Pune,45+,iOS,Organic
7728,2026-05-15,Bengaluru,45+,Android,Instagram
7729,2026-05-09,Chennai,45+,iOS,YouTube
7730,2026-03-17,Delhi,25-34,iOS,Google Ads
7731,2026-04-16,Bengaluru,35-44,iOS,Organic
7732,2026-02-13,Chennai,25-34,Android,Referral
7733,2026-05-07,Mumbai,45+,iOS,Instagram
7734,2026-06-02,Chennai,35-44,iOS,YouTube
7735,2026-04-24,Mumbai,45+,Android,Instagram
7736,2026-05-30,Mumbai,35-44,iOS,Push Notification
7737,2026-01-21,Bengaluru,35-44,iOS,Push Notification
7738,2026-03-03,Bengaluru,45+,iOS,Instagram
7739,2026-06-15,Hyderabad,25-34,Android,Instagram
7740,2026-03-03,Chennai,45+,Android,Push Notification
7741,2026-01-02,Pune,35-44,Android,Push Notification
7742,2026-05-15,Pune,45+,Android,Google Ads
7743,2026-06-14,Pune,35-44,Android,Organic
7744,2026-03-02,Chennai,35-44,Android,Organic
7745,2026-05-04,Pune,18-24,Android,YouTube
7746,2026-02-25,Visakhapatnam,35-44,iOS,YouTube
7747,2026-02-18,Visakhapatnam,18-24,Android,YouTube
7748,2026-04-08,Bengaluru,18-24,Android,Instagram
7749,2026-01-08,Chennai,25-34,Android,Organic
7750,2026-03-12,Hyderabad,35-44,Android,Referral
7751,2026-02-25,Visakhapatnam,35-44,iOS,Instagram
7752,2026-01-27,Hyderabad,25-34,Android,YouTube
7753,2026-02-28,Delhi,45+,Android,Referral
7754,2026-02-22,Visakhapatnam,35-44,iOS,Referral
7755,2026-03-13,Mumbai,45+,Android,Referral
7756,2026-04-21,Mumbai,18-24,Android,Google Ads
7757,2026-05-05,Visakhapatnam,45+,Android,Instagram
7758,2026-06-02,Visakhapatnam,18-24,iOS,YouTube
7759,2026-03-14,Delhi,18-24,Android,Organic
7760,2026-01-06,Visakhapatnam,45+,Android,Referral
7761,2026-05-17,Hyderabad,35-44,Android,Instagram
7762,2026-05-13,Bengaluru,45+,Android,Push Notification
7763,2026-05-01,Visakhapatnam,25-34,iOS,Organic
7764,2026-04-20,Hyderabad,35-44,Android,Instagram
7765,2026-04-25,Delhi,35-44,Android,Referral
7766,2026-05-16,Pune,25-34,iOS,Organic
7767,2026-03-30,Mumbai,25-34,Android,Google Ads
7768,2026-04-30,Hyderabad,45+,iOS,Referral
7769,2026-03-27,Chennai,45+,Android,Organic
7770,2026-06-12,Delhi,18-24,iOS,YouTube
7771,2026-02-16,Visakhapatnam,45+,iOS,Google Ads
7772,2026-05-26,Hyderabad,25-34,Android,Referral
7773,2026-03-06,Bengaluru,35-44,iOS,Organic
7774,2026-06-29,Mumbai,25-34,iOS,Google Ads
7775,2026-05-08,Chennai,45+,Android,Push Notification
7776,2026-05-10,Delhi,18-24,Android,Organic
7777,2026-01-12,Mumbai,45+,iOS,Instagram
7778,2026-01-31,Hyderabad,45+,Android,Referral
7779,2026-01-10,Chennai,25-34,iOS,Push Notification
7780,2026-06-15,Bengaluru,45+,Android,Instagram
7781,2026-05-12,Visakhapatnam,18-24,Android,YouTube
7782,2026-03-31,Chennai,25-34,Android,Instagram
7783,2026-06-18,Bengaluru,18-24,iOS,Instagram
7784,2026-06-08,Visakhapatnam,45+,Android,Organic
7785,2026-06-07,Hyderabad,25-34,Android,Referral
7786,2026-05-22,Delhi,25-34,iOS,Referral
7787,2026-03-07,Visakhapatnam,18-24,Android,Push Notification
7788,2026-05-13,Bengaluru,35-44,iOS,Instagram
7789,2026-01-11,Pune,35-44,iOS,YouTube
7790,2026-02-25,Hyderabad,25-34,iOS,Push Notification
7791,2026-01-09,Chennai,35-44,Android,Push Notification
7792,2026-03-29,Visakhapatnam,45+,Android,Organic
7793,2026-02-01,Mumbai,35-44,Android,Push Notification
7794,2026-01-10,Visakhapatnam,45+,Android,Google Ads
7795,2026-01-06,Pune,25-34,iOS,Instagram
7796,2026-04-13,Bengaluru,35-44,iOS,Google Ads
7797,2026-01-08,Chennai,18-24,iOS,Instagram
7798,2026-01-16,Delhi,25-34,Android,Google Ads
7799,2026-02-11,Hyderabad,18-24,Android,Push Notification
7800,2026-06-05,Bengaluru,25-34,Android,Instagram
7801,2026-01-02,Hyderabad,35-44,Android,Organic
7802,2026-06-20,Pune,25-34,Android,Push Notification
7803,2026-04-09,Pune,25-34,iOS,Organic
7804,2026-03-19,Pune,18-24,iOS,Organic
7805,2026-05-26,Visakhapatnam,18-24,iOS,Instagram
7806,2026-03-18,Pune,35-44,iOS,Google Ads
7807,2026-05-13,Bengaluru,45+,iOS,Referral
7808,2026-06-03,Chennai,25-34,Android,YouTube
7809,2026-02-08,Bengaluru,35-44,Android,Instagram
7810,2026-03-02,Pune,18-24,Android,Organic
7811,2026-05-18,Visakhapatnam,45+,Android,Push Notification
7812,2026-02-18,Delhi,25-34,Android,Instagram
7813,2026-02-03,Pune,35-44,iOS,Organic
7814,2026-05-10,Bengaluru,25-34,iOS,Instagram
7815,2026-06-15,Chennai,45+,iOS,YouTube
7816,2026-06-19,Mumbai,18-24,Android,Instagram
7817,2026-06-01,Hyderabad,25-34,Android,YouTube
7818,2026-02-01,Pune,45+,iOS,YouTube
7819,2026-03-26,Delhi,35-44,Android,YouTube
7820,2026-04-27,Chennai,18-24,Android,Instagram
7821,2026-01-04,Delhi,35-44,Android,Instagram
7822,2026-05-30,Mumbai,18-24,iOS,Instagram
7823,2026-01-08,Pune,25-34,Android,Instagram
7824,2026-04-15,Mumbai,35-44,Android,Instagram
7825,2026-01-07,Chennai,45+,Android,Instagram
7826,2026-03-30,Delhi,35-44,Android,Google Ads
7827,2026-04-05,Delhi,35-44,Android,Organic
7828,2026-01-16,Pune,25-34,Android,Referral
7829,2026-04-23,Delhi,35-44,Android,Referral
7830,2026-06-10,Chennai,45+,Android,YouTube
7831,2026-02-16,Bengaluru,35-44,iOS,Organic
7832,2026-02-02,Visakhapatnam,45+,Android,Instagram
7833,2026-05-31,Delhi,25-34,Android,Referral
7834,2026-06-07,Hyderabad,18-24,Android,Push Notification
7835,2026-03-14,Delhi,35-44,iOS,YouTube
7836,2026-03-14,Pune,35-44,Android,Push Notification
7837,2026-04-17,Chennai,35-44,iOS,Organic
7838,2026-04-22,Chennai,25-34,Android,YouTube
7839,2026-03-29,Delhi,45+,Android,Referral
7840,2026-01-31,Visakhapatnam,35-44,Android,Google Ads
7841,2026-03-29,Hyderabad,25-34,iOS,Referral
7842,2026-04-25,Bengaluru,18-24,Android,Organic
7843,2026-02-09,Delhi,25-34,Android,Push Notification
7844,2026-05-04,Chennai,35-44,Android,Organic
7845,2026-03-14,Delhi,35-44,iOS,Push Notification
7846,2026-06-10,Visakhapatnam,35-44,Android,Push Notification
7847,2026-01-13,Hyderabad,35-44,Android,Instagram
7848,2026-03-28,Pune,25-34,iOS,Instagram
7849,2026-04-02,Pune,35-44,iOS,Instagram
7850,2026-04-22,Delhi,25-34,iOS,Referral
7851,2026-05-23,Mumbai,25-34,Android,Push Notification
7852,2026-05-04,Mumbai,45+,Android,Organic
7853,2026-05-24,Delhi,35-44,iOS,Instagram
7854,2026-05-29,Hyderabad,18-24,Android,Push Notification
7855,2026-01-14,Bengaluru,25-34,Android,Organic
7856,2026-04-05,Bengaluru,45+,Android,Google Ads
7857,2026-01-24,Mumbai,45+,Android,Google Ads
7858,2026-04-11,Pune,45+,iOS,YouTube
7859,2026-06-24,Visakhapatnam,18-24,Android,Referral
7860,2026-01-10,Pune,35-44,Android,Organic
7861,2026-01-23,Hyderabad,35-44,Android,YouTube
7862,2026-02-20,Pune,18-24,Android,Instagram
7863,2026-02-22,Visakhapatnam,18-24,Android,Instagram
7864,2026-01-13,Hyderabad,25-34,Android,Push Notification
7865,2026-03-02,Mumbai,25-34,iOS,Referral
7866,2026-03-04,Chennai,18-24,Android,Organic
7867,2026-06-20,Mumbai,25-34,Android,Push Notification
7868,2026-04-25,Pune,25-34,iOS,Organic
7869,2026-05-24,Pune,25-34,Android,Instagram
7870,2026-04-26,Pune,18-24,iOS,Referral
7871,2026-04-26,Chennai,45+,Android,Instagram
7872,2026-02-04,Mumbai,18-24,Android,Instagram
7873,2026-05-12,Mumbai,18-24,Android,Google Ads
7874,2026-04-14,Chennai,35-44,Android,Google Ads
7875,2026-04-16,Bengaluru,35-44,iOS,Instagram
7876,2026-04-29,Mumbai,25-34,iOS,Google Ads
7877,2026-05-07,Pune,45+,Android,Referral
7878,2026-06-02,Delhi,35-44,Android,Push Notification
7879,2026-06-27,Pune,45+,Android,Instagram
7880,2026-03-11,Pune,25-34,Android,YouTube
7881,2026-04-25,Mumbai,18-24,Android,Instagram
7882,2026-04-09,Delhi,25-34,iOS,YouTube
7883,2026-06-07,Mumbai,35-44,Android,Instagram
7884,2026-03-26,Delhi,45+,Android,Push Notification
7885,2026-02-06,Visakhapatnam,35-44,Android,Google Ads
7886,2026-06-10,Chennai,18-24,iOS,YouTube
7887,2026-04-07,Bengaluru,45+,Android,Push Notification
7888,2026-05-13,Hyderabad,18-24,Android,YouTube
7889,2026-02-16,Delhi,25-34,Android,Google Ads
7890,2026-03-04,Mumbai,25-34,Android,YouTube
7891,2026-05-06,Visakhapatnam,25-34,iOS,Google Ads
7892,2026-04-30,Visakhapatnam,25-34,Android,YouTube
7893,2026-03-11,Hyderabad,45+,Android,Organic
7894,2026-02-22,Pune,45+,Android,Instagram
7895,2026-06-30,Pune,35-44,Android,Google Ads
7896,2026-01-14,Bengaluru,35-44,Android,Referral
7897,2026-06-25,Delhi,35-44,Android,Referral
7898,2026-06-19,Chennai,35-44,iOS,Referral
7899,2026-05-09,Chennai,18-24,Android,Instagram
7900,2026-03-28,Hyderabad,25-34,iOS,Push Notification
7901,2026-05-03,Mumbai,45+,Android,Instagram
7902,2026-06-04,Bengaluru,25-34,iOS,Google Ads
7903,2026-02-12,Chennai,18-24,Android,Organic
7904,2026-03-07,Chennai,35-44,Android,Instagram
7905,2026-03-06,Visakhapatnam,18-24,Android,Google Ads
7906,2026-01-23,Mumbai,45+,Android,Referral
7907,2026-01-26,Delhi,35-44,Android,Google Ads
7908,2026-03-25,Hyderabad,18-24,Android,YouTube
7909,2026-03-30,Mumbai,18-24,iOS,Referral
7910,2026-04-06,Mumbai,18-24,Android,Instagram
7911,2026-05-21,Bengaluru,18-24,Android,Push Notification
7912,2026-03-09,Visakhapatnam,25-34,iOS,Push Notification
7913,2026-05-25,Pune,45+,iOS,Referral
7914,2026-02-22,Visakhapatnam,45+,Android,Push Notification
7915,2026-01-13,Delhi,35-44,Android,Google Ads
7916,2026-05-21,Hyderabad,18-24,Android,Push Notification
7917,2026-05-10,Pune,18-24,iOS,Referral
7918,2026-01-12,Hyderabad,35-44,Android,YouTube
7919,2026-01-21,Pune,35-44,Android,Push Notification
7920,2026-03-17,Pune,45+,Android,YouTube
7921,2026-01-06,Bengaluru,25-34,Android,Push Notification
7922,2026-02-16,Bengaluru,45+,Android,Organic
7923,2026-03-16,Visakhapatnam,35-44,iOS,YouTube
7924,2026-02-19,Hyderabad,35-44,iOS,Organic
7925,2026-06-10,Chennai,45+,iOS,Push Notification
7926,2026-04-04,Hyderabad,25-34,Android,Organic
7927,2026-01-03,Pune,25-34,iOS,Google Ads
7928,2026-01-28,Chennai,45+,Android,Google Ads
7929,2026-04-28,Hyderabad,35-44,iOS,Google Ads
7930,2026-02-09,Hyderabad,35-44,Android,YouTube
7931,2026-02-02,Chennai,35-44,Android,Organic
7932,2026-02-15,Chennai,45+,Android,Referral
7933,2026-01-12,Visakhapatnam,25-34,Android,Organic
7934,2026-04-16,Bengaluru,35-44,Android,Referral
7935,2026-02-07,Bengaluru,45+,Android,Instagram
7936,2026-02-08,Chennai,45+,iOS,Organic
7937,2026-06-22,Visakhapatnam,45+,Android,Referral
7938,2026-01-15,Visakhapatnam,45+,iOS,Organic
7939,2026-01-02,Hyderabad,35-44,iOS,Push Notification
7940,2026-04-22,Pune,45+,Android,YouTube
7941,2026-01-01,Bengaluru,45+,iOS,Organic
7942,2026-02-15,Hyderabad,18-24,iOS,Referral
7943,2026-06-26,Pune,25-34,iOS,Google Ads
7944,2026-04-04,Delhi,25-34,Android,Google Ads
7945,2026-06-28,Visakhapatnam,18-24,Android,Instagram
7946,2026-03-11,Pune,35-44,iOS,Push Notification
7947,2026-03-23,Hyderabad,45+,Android,Organic
7948,2026-04-24,Pune,35-44,Android,Organic
7949,2026-06-30,Pune,25-34,Android,Instagram
7950,2026-02-15,Chennai,35-44,Android,YouTube
7951,2026-03-27,Mumbai,35-44,iOS,YouTube
7952,2026-01-07,Visakhapatnam,18-24,Android,Push Notification
7953,2026-01-17,Bengaluru,35-44,Android,Organic
7954,2026-03-22,Hyderabad,18-24,Android,Google Ads
7955,2026-03-14,Chennai,35-44,iOS,Google Ads
7956,2026-04-17,Visakhapatnam,25-34,Android,Referral
7957,2026-04-05,Mumbai,35-44,Android,Push Notification
7958,2026-01-14,Hyderabad,35-44,Android,Instagram
7959,2026-03-01,Chennai,45+,Android,Push Notification
7960,2026-02-07,Hyderabad,45+,Android,Push Notification
7961,2026-03-11,Chennai,18-24,Android,Google Ads
7962,2026-03-29,Mumbai,25-34,Android,Push Notification
7963,2026-02-27,Delhi,25-34,iOS,Push Notification
7964,2026-05-25,Mumbai,45+,Android,Push Notification
7965,2026-05-19,Bengaluru,45+,Android,Referral
7966,2026-04-07,Pune,45+,Android,Instagram
7967,2026-06-04,Hyderabad,45+,iOS,Google Ads
7968,2026-06-26,Delhi,25-34,Android,Push Notification
7969,2026-01-18,Hyderabad,35-44,iOS,YouTube
7970,2026-01-22,Delhi,45+,Android,YouTube
7971,2026-02-18,Visakhapatnam,18-24,Android,Google Ads
7972,2026-04-07,Bengaluru,45+,Android,YouTube
7973,2026-03-07,Mumbai,35-44,Android,Instagram
7974,2026-06-30,Mumbai,35-44,iOS,Instagram
7975,2026-02-08,Mumbai,35-44,Android,Instagram
7976,2026-04-30,Hyderabad,45+,iOS,Referral
7977,2026-04-05,Hyderabad,35-44,Android,Organic
7978,2026-05-01,Pune,35-44,Android,Push Notification
7979,2026-02-16,Chennai,18-24,Android,Google Ads
7980,2026-04-16,Hyderabad,25-34,iOS,Push Notification
7981,2026-06-18,Chennai,18-24,Android,Referral
7982,2026-05-12,Delhi,18-24,iOS,Organic
7983,2026-06-05,Delhi,25-34,Android,Organic
7984,2026-05-31,Mumbai,18-24,Android,YouTube
7985,2026-01-01,Delhi,18-24,Android,Organic
7986,2026-01-13,Delhi,25-34,iOS,Referral
7987,2026-06-26,Chennai,25-34,Android,Instagram
7988,2026-06-21,Mumbai,45+,Android,Referral
7989,2026-05-07,Delhi,18-24,Android,Push Notification
7990,2026-05-31,Chennai,25-34,Android,YouTube
7991,2026-02-03,Hyderabad,18-24,Android,Referral
7992,2026-06-15,Mumbai,45+,Android,Organic
7993,2026-05-06,Chennai,25-34,Android,YouTube
7994,2026-04-03,Chennai,18-24,iOS,Google Ads
7995,2026-02-08,Hyderabad,35-44,iOS,Organic
7996,2026-02-22,Bengaluru,45+,Android,Push Notification
7997,2026-05-26,Mumbai,45+,iOS,Push Notification
7998,2026-05-16,Delhi,25-34,Android,Organic
7999,2026-05-07,Bengaluru,18-24,Android,Push Notification
8000,2026-03-10,Delhi,45+,Android,Google Ads
8001,2026-04-03,Pune,18-24,Android,Push Notification
8002,2026-01-29,Chennai,45+,Android,Referral
8003,2026-03-14,Chennai,45+,Android,Instagram
8004,2026-06-07,Pune,35-44,Android,Instagram
8005,2026-02-25,Pune,25-34,Android,YouTube
8006,2026-05-29,Pune,45+,iOS,Google Ads
8007,2026-03-31,Visakhapatnam,18-24,iOS,YouTube
8008,2026-02-21,Hyderabad,45+,iOS,Referral
8009,2026-06-13,Pune,18-24,Android,Referral
8010,2026-01-29,Pune,18-24,Android,YouTube
8011,2026-05-28,Visakhapatnam,25-34,Android,Push Notification
8012,2026-01-10,Visakhapatnam,18-24,Android,YouTube
8013,2026-05-03,Pune,25-34,Android,Push Notification
8014,2026-04-11,Pune,25-34,Android,Push Notification
8015,2026-05-03,Bengaluru,25-34,Android,Instagram
8016,2026-02-15,Chennai,25-34,Android,YouTube
8017,2026-06-22,Bengaluru,45+,Android,YouTube
8018,2026-02-01,Hyderabad,25-34,Android,Referral
8019,2026-06-01,Delhi,25-34,Android,Instagram
8020,2026-02-01,Chennai,25-34,Android,Google Ads
8021,2026-02-02,Visakhapatnam,25-34,Android,Push Notification
8022,2026-04-28,Pune,45+,Android,Organic
8023,2026-03-04,Pune,35-44,Android,Referral
8024,2026-04-06,Delhi,18-24,Android,Referral
8025,2026-06-27,Mumbai,45+,iOS,YouTube
8026,2026-01-21,Chennai,35-44,Android,Google Ads
8027,2026-06-21,Bengaluru,25-34,Android,Instagram
8028,2026-02-22,Bengaluru,25-34,Android,Push Notification
8029,2026-01-20,Hyderabad,35-44,Android,Organic
8030,2026-05-31,Visakhapatnam,45+,Android,YouTube
8031,2026-03-11,Pune,18-24,iOS,Google Ads
8032,2026-04-08,Pune,35-44,Android,Instagram
8033,2026-04-17,Visakhapatnam,35-44,Android,YouTube
8034,2026-01-26,Chennai,45+,iOS,Referral
8035,2026-01-02,Delhi,35-44,Android,Referral
8036,2026-05-27,Delhi,35-44,Android,YouTube
8037,2026-06-14,Bengaluru,35-44,iOS,Organic
8038,2026-01-18,Hyderabad,35-44,Android,Referral
8039,2026-06-01,Chennai,35-44,Android,Instagram
8040,2026-03-13,Delhi,25-34,Android,Organic
8041,2026-01-28,Delhi,18-24,Android,Push Notification
8042,2026-06-07,Chennai,18-24,Android,Google Ads
8043,2026-06-10,Pune,25-34,Android,Instagram
8044,2026-02-23,Pune,35-44,iOS,Push Notification
8045,2026-01-20,Hyderabad,18-24,Android,Referral
8046,2026-01-10,Delhi,25-34,Android,Instagram
8047,2026-04-12,Hyderabad,18-24,iOS,Referral
8048,2026-03-15,Delhi,25-34,Android,Instagram
8049,2026-03-27,Bengaluru,35-44,Android,Google Ads
8050,2026-01-01,Visakhapatnam,18-24,iOS,Instagram
8051,2026-03-06,Delhi,45+,Android,Push Notification
8052,2026-02-13,Visakhapatnam,25-34,Android,Organic
8053,2026-05-06,Delhi,18-24,iOS,Google Ads
8054,2026-06-20,Bengaluru,25-34,Android,Referral
8055,2026-01-16,Delhi,35-44,iOS,Instagram
8056,2026-05-01,Mumbai,18-24,iOS,Organic
8057,2026-04-17,Hyderabad,25-34,iOS,YouTube
8058,2026-01-20,Hyderabad,45+,Android,Instagram
8059,2026-01-28,Chennai,25-34,Android,Organic
8060,2026-03-08,Mumbai,18-24,iOS,Organic
8061,2026-02-13,Visakhapatnam,35-44,Android,Referral
8062,2026-03-28,Chennai,18-24,Android,Organic
8063,2026-06-05,Bengaluru,45+,Android,Organic
8064,2026-05-16,Mumbai,35-44,Android,Google Ads
8065,2026-02-25,Mumbai,25-34,Android,Instagram
8066,2026-01-04,Visakhapatnam,35-44,iOS,YouTube
8067,2026-01-18,Bengaluru,45+,Android,Instagram
8068,2026-05-22,Hyderabad,45+,Android,Organic
8069,2026-06-20,Bengaluru,45+,Android,YouTube
8070,2026-01-16,Mumbai,35-44,Android,Instagram
8071,2026-06-01,Visakhapatnam,25-34,Android,YouTube
8072,2026-01-30,Mumbai,18-24,Android,Google Ads
8073,2026-05-27,Pune,35-44,Android,Instagram
8074,2026-01-29,Bengaluru,18-24,iOS,Google Ads
8075,2026-05-12,Bengaluru,45+,iOS,YouTube
8076,2026-02-18,Pune,18-24,Android,Google Ads
8077,2026-04-16,Bengaluru,25-34,Android,Organic
8078,2026-02-11,Delhi,18-24,Android,Instagram
8079,2026-01-11,Visakhapatnam,18-24,Android,YouTube
8080,2026-06-15,Bengaluru,35-44,Android,YouTube
8081,2026-05-12,Pune,45+,Android,YouTube
8082,2026-03-18,Pune,18-24,Android,Google Ads
8083,2026-04-29,Visakhapatnam,18-24,Android,Referral
8084,2026-04-28,Mumbai,35-44,iOS,Organic
8085,2026-04-17,Bengaluru,35-44,Android,YouTube
8086,2026-02-01,Bengaluru,25-34,iOS,Push Notification
8087,2026-01-30,Pune,18-24,iOS,Organic
8088,2026-02-18,Hyderabad,35-44,iOS,Google Ads
8089,2026-01-27,Bengaluru,45+,iOS,YouTube
8090,2026-02-13,Visakhapatnam,35-44,Android,Instagram
8091,2026-01-04,Mumbai,25-34,Android,Push Notification
8092,2026-03-06,Chennai,25-34,iOS,Referral
8093,2026-01-21,Mumbai,25-34,iOS,Google Ads
8094,2026-01-03,Visakhapatnam,35-44,Android,Instagram
8095,2026-02-10,Visakhapatnam,45+,Android,Organic
8096,2026-04-25,Chennai,45+,Android,Google Ads
8097,2026-06-08,Mumbai,25-34,Android,Push Notification
8098,2026-06-19,Mumbai,45+,Android,Referral
8099,2026-04-12,Chennai,35-44,Android,YouTube
8100,2026-06-29,Delhi,45+,Android,Google Ads
8101,2026-01-20,Hyderabad,45+,Android,Google Ads
8102,2026-03-16,Delhi,18-24,Android,Google Ads
8103,2026-06-28,Hyderabad,35-44,iOS,Organic
8104,2026-06-26,Mumbai,45+,iOS,Google Ads
8105,2026-03-14,Delhi,45+,iOS,Google Ads
8106,2026-03-30,Bengaluru,25-34,Android,Instagram
8107,2026-01-17,Chennai,25-34,Android,Referral
8108,2026-04-22,Delhi,25-34,Android,Instagram
8109,2026-06-29,Visakhapatnam,25-34,Android,Organic
8110,2026-05-22,Visakhapatnam,25-34,iOS,Push Notification
8111,2026-02-19,Mumbai,25-34,iOS,Referral
8112,2026-05-21,Mumbai,45+,Android,Referral
8113,2026-01-11,Bengaluru,25-34,Android,Google Ads
8114,2026-04-01,Chennai,25-34,Android,YouTube
8115,2026-06-04,Bengaluru,25-34,Android,Organic
8116,2026-04-20,Mumbai,25-34,Android,Push Notification
8117,2026-02-18,Bengaluru,25-34,Android,Referral
8118,2026-01-15,Bengaluru,18-24,iOS,Push Notification
8119,2026-01-01,Chennai,45+,Android,Push Notification
8120,2026-05-23,Pune,35-44,Android,Push Notification
8121,2026-05-28,Pune,45+,Android,Instagram
8122,2026-04-27,Chennai,45+,iOS,Referral
8123,2026-02-02,Delhi,18-24,Android,Organic
8124,2026-03-25,Pune,35-44,Android,Instagram
8125,2026-05-22,Bengaluru,35-44,Android,Google Ads
8126,2026-02-11,Bengaluru,35-44,Android,Google Ads
8127,2026-02-18,Mumbai,18-24,iOS,YouTube
8128,2026-01-18,Bengaluru,35-44,Android,Referral
8129,2026-02-23,Mumbai,35-44,Android,Push Notification
8130,2026-06-30,Hyderabad,18-24,Android,Referral
8131,2026-03-21,Bengaluru,18-24,Android,Referral
8132,2026-02-28,Chennai,35-44,iOS,Organic
8133,2026-03-27,Mumbai,18-24,Android,Referral
8134,2026-03-02,Chennai,25-34,Android,Instagram
8135,2026-02-04,Chennai,45+,iOS,Referral
8136,2026-01-11,Mumbai,25-34,iOS,Push Notification
8137,2026-02-14,Visakhapatnam,18-24,Android,Organic
8138,2026-04-23,Hyderabad,25-34,Android,Instagram
8139,2026-06-22,Chennai,35-44,iOS,Organic
8140,2026-01-19,Visakhapatnam,45+,iOS,YouTube
8141,2026-04-19,Visakhapatnam,45+,iOS,Google Ads
8142,2026-01-19,Hyderabad,35-44,Android,Google Ads
8143,2026-03-03,Hyderabad,18-24,iOS,YouTube
8144,2026-04-14,Visakhapatnam,25-34,Android,Referral
8145,2026-03-27,Delhi,35-44,Android,Organic
8146,2026-01-07,Visakhapatnam,18-24,Android,Organic
8147,2026-03-04,Mumbai,45+,Android,Instagram
8148,2026-01-24,Mumbai,18-24,iOS,Google Ads
8149,2026-01-18,Pune,25-34,Android,Push Notification
8150,2026-03-06,Hyderabad,18-24,Android,Google Ads
8151,2026-05-13,Bengaluru,45+,Android,Push Notification
8152,2026-05-21,Chennai,45+,Android,Push Notification
8153,2026-02-19,Visakhapatnam,18-24,Android,YouTube
8154,2026-05-27,Chennai,18-24,Android,Google Ads
8155,2026-01-06,Bengaluru,25-34,Android,Push Notification
8156,2026-05-07,Bengaluru,25-34,iOS,Instagram
8157,2026-03-20,Visakhapatnam,18-24,Android,Instagram
8158,2026-01-17,Delhi,18-24,iOS,Instagram
8159,2026-04-12,Hyderabad,18-24,Android,Instagram
8160,2026-01-29,Visakhapatnam,18-24,Android,Instagram
8161,2026-03-27,Mumbai,45+,Android,Google Ads
8162,2026-01-13,Mumbai,45+,iOS,Google Ads
8163,2026-06-25,Mumbai,25-34,Android,YouTube
8164,2026-04-02,Chennai,45+,Android,Organic
8165,2026-05-06,Chennai,18-24,iOS,YouTube
8166,2026-05-24,Pune,45+,iOS,Referral
8167,2026-05-06,Chennai,45+,iOS,Instagram
8168,2026-01-17,Visakhapatnam,45+,Android,Organic
8169,2026-02-02,Delhi,25-34,Android,Organic
8170,2026-05-17,Pune,25-34,Android,Push Notification
8171,2026-06-12,Delhi,25-34,Android,YouTube
8172,2026-05-02,Visakhapatnam,18-24,Android,Organic
8173,2026-05-31,Bengaluru,35-44,Android,YouTube
8174,2026-04-15,Pune,18-24,Android,Referral
8175,2026-02-27,Bengaluru,18-24,Android,Push Notification
8176,2026-01-08,Chennai,45+,iOS,Push Notification
8177,2026-06-23,Hyderabad,25-34,Android,Organic
8178,2026-03-31,Chennai,35-44,Android,YouTube
8179,2026-02-19,Pune,18-24,iOS,YouTube
8180,2026-06-13,Bengaluru,25-34,Android,Push Notification
8181,2026-02-05,Hyderabad,35-44,iOS,Instagram
8182,2026-06-03,Visakhapatnam,25-34,Android,Referral
8183,2026-01-21,Mumbai,35-44,Android,Referral
8184,2026-02-28,Pune,35-44,iOS,Referral
8185,2026-01-03,Visakhapatnam,18-24,iOS,Push Notification
8186,2026-01-20,Delhi,35-44,Android,YouTube
8187,2026-06-18,Bengaluru,25-34,Android,Instagram
8188,2026-04-02,Mumbai,35-44,iOS,Google Ads
8189,2026-06-22,Bengaluru,35-44,Android,Organic
8190,2026-04-26,Delhi,45+,Android,Push Notification
8191,2026-05-09,Delhi,25-34,Android,Push Notification
8192,2026-02-04,Delhi,18-24,iOS,Organic
8193,2026-01-10,Chennai,25-34,Android,Organic
8194,2026-03-12,Hyderabad,35-44,Android,Organic
8195,2026-02-01,Delhi,25-34,Android,Organic
8196,2026-06-26,Chennai,35-44,Android,YouTube
8197,2026-06-27,Hyderabad,35-44,Android,Organic
8198,2026-06-27,Bengaluru,45+,Android,Organic
8199,2026-05-14,Chennai,35-44,iOS,Google Ads
8200,2026-04-21,Visakhapatnam,35-44,Android,Referral
8201,2026-01-16,Mumbai,35-44,Android,Referral
8202,2026-05-01,Hyderabad,18-24,iOS,Organic
8203,2026-05-09,Chennai,45+,iOS,Google Ads
8204,2026-03-04,Visakhapatnam,35-44,Android,Organic
8205,2026-06-27,Bengaluru,35-44,Android,Organic
8206,2026-04-29,Visakhapatnam,25-34,Android,Referral
8207,2026-06-18,Chennai,45+,Android,Instagram
8208,2026-06-03,Delhi,18-24,iOS,Push Notification
8209,2026-01-15,Bengaluru,25-34,Android,Organic
8210,2026-04-29,Chennai,25-34,Android,YouTube
8211,2026-02-11,Bengaluru,45+,Android,YouTube
8212,2026-02-01,Hyderabad,25-34,Android,YouTube
8213,2026-04-20,Delhi,35-44,Android,Google Ads
8214,2026-01-22,Delhi,35-44,iOS,Push Notification
8215,2026-04-08,Delhi,35-44,Android,Organic
8216,2026-02-12,Chennai,35-44,Android,Referral
8217,2026-01-15,Hyderabad,25-34,Android,Referral
8218,2026-03-11,Visakhapatnam,25-34,Android,Referral
8219,2026-06-24,Chennai,35-44,Android,Push Notification
8220,2026-03-26,Visakhapatnam,45+,Android,Organic
8221,2026-06-16,Mumbai,25-34,Android,Organic
8222,2026-03-28,Bengaluru,18-24,Android,Organic
8223,2026-06-01,Delhi,18-24,Android,Organic
8224,2026-04-08,Hyderabad,45+,Android,Push Notification
8225,2026-04-13,Mumbai,25-34,Android,Organic
8226,2026-04-03,Delhi,25-34,Android,Push Notification
8227,2026-03-21,Bengaluru,25-34,Android,Referral
8228,2026-04-23,Mumbai,25-34,iOS,Instagram
8229,2026-02-21,Pune,35-44,Android,Instagram
8230,2026-04-19,Hyderabad,18-24,iOS,Organic
8231,2026-06-25,Bengaluru,35-44,Android,Google Ads
8232,2026-04-16,Delhi,18-24,Android,Instagram
8233,2026-03-22,Visakhapatnam,45+,iOS,Instagram
8234,2026-05-18,Visakhapatnam,45+,Android,Push Notification
8235,2026-06-14,Pune,35-44,Android,Organic
8236,2026-03-11,Delhi,35-44,iOS,Google Ads
8237,2026-02-19,Visakhapatnam,25-34,Android,Instagram
8238,2026-06-01,Visakhapatnam,35-44,Android,Push Notification
8239,2026-02-22,Mumbai,35-44,iOS,Google Ads
8240,2026-05-11,Pune,18-24,Android,Referral
8241,2026-03-22,Hyderabad,45+,iOS,YouTube
8242,2026-01-23,Pune,45+,iOS,Instagram
8243,2026-03-08,Delhi,35-44,iOS,Instagram
8244,2026-02-16,Bengaluru,45+,Android,Referral
8245,2026-03-06,Bengaluru,35-44,Android,Instagram
8246,2026-05-31,Visakhapatnam,18-24,Android,Instagram
8247,2026-01-14,Hyderabad,45+,Android,YouTube
8248,2026-05-17,Delhi,25-34,Android,YouTube
8249,2026-04-22,Visakhapatnam,45+,Android,Instagram
8250,2026-02-23,Chennai,45+,Android,YouTube
8251,2026-04-01,Mumbai,35-44,Android,Referral
8252,2026-01-06,Pune,18-24,Android,Organic
8253,2026-03-07,Hyderabad,45+,Android,Instagram
8254,2026-03-06,Delhi,35-44,iOS,YouTube
8255,2026-04-22,Hyderabad,18-24,iOS,Organic
8256,2026-05-27,Delhi,25-34,Android,Push Notification
8257,2026-03-06,Chennai,18-24,Android,Google Ads
8258,2026-04-12,Visakhapatnam,35-44,Android,Organic
8259,2026-06-30,Chennai,35-44,Android,Push Notification
8260,2026-04-11,Delhi,18-24,Android,Instagram
8261,2026-01-16,Mumbai,25-34,iOS,Push Notification
8262,2026-05-30,Bengaluru,25-34,Android,YouTube
8263,2026-05-11,Pune,35-44,iOS,Google Ads
8264,2026-04-28,Pune,35-44,Android,Google Ads
8265,2026-04-20,Hyderabad,45+,Android,Instagram
8266,2026-05-26,Chennai,35-44,Android,Instagram
8267,2026-06-04,Mumbai,35-44,iOS,Instagram
8268,2026-04-27,Mumbai,18-24,Android,Push Notification
8269,2026-02-19,Mumbai,18-24,Android,Instagram
8270,2026-06-24,Mumbai,25-34,Android,Organic
8271,2026-05-16,Visakhapatnam,25-34,iOS,Push Notification
8272,2026-03-13,Hyderabad,25-34,Android,Google Ads
8273,2026-04-11,Delhi,25-34,Android,Organic
8274,2026-04-29,Chennai,35-44,iOS,Push Notification
8275,2026-03-12,Hyderabad,35-44,iOS,Referral
8276,2026-03-28,Mumbai,35-44,Android,Google Ads
8277,2026-05-22,Chennai,25-34,Android,Organic
8278,2026-01-05,Bengaluru,18-24,iOS,Push Notification
8279,2026-02-03,Pune,25-34,Android,Push Notification
8280,2026-03-16,Mumbai,35-44,Android,Google Ads
8281,2026-05-15,Mumbai,25-34,Android,Referral
8282,2026-05-06,Chennai,35-44,Android,YouTube
8283,2026-02-23,Bengaluru,35-44,Android,Google Ads
8284,2026-06-13,Chennai,25-34,iOS,Google Ads
8285,2026-04-23,Pune,25-34,Android,Push Notification
8286,2026-05-29,Visakhapatnam,18-24,iOS,Instagram
8287,2026-01-31,Hyderabad,18-24,Android,Organic
8288,2026-05-06,Chennai,25-34,Android,Google Ads
8289,2026-06-10,Mumbai,35-44,iOS,Push Notification
8290,2026-05-14,Chennai,45+,iOS,Instagram
8291,2026-02-25,Delhi,45+,Android,Instagram
8292,2026-05-02,Visakhapatnam,18-24,iOS,Instagram
8293,2026-02-16,Hyderabad,25-34,Android,Referral
8294,2026-02-26,Hyderabad,35-44,Android,YouTube
8295,2026-02-23,Delhi,25-34,Android,Google Ads
8296,2026-01-27,Visakhapatnam,45+,iOS,Instagram
8297,2026-01-22,Mumbai,35-44,Android,Organic
8298,2026-02-10,Mumbai,45+,Android,Instagram
8299,2026-06-05,Mumbai,18-24,Android,Referral
8300,2026-05-20,Mumbai,18-24,Android,Organic
8301,2026-05-01,Visakhapatnam,25-34,Android,Push Notification
8302,2026-06-10,Chennai,18-24,iOS,Organic
8303,2026-05-14,Pune,35-44,Android,Google Ads
8304,2026-06-02,Mumbai,35-44,Android,Organic
8305,2026-02-03,Visakhapatnam,25-34,Android,Instagram
8306,2026-06-08,Delhi,45+,iOS,Organic
8307,2026-04-28,Bengaluru,45+,iOS,Organic
8308,2026-02-20,Visakhapatnam,25-34,Android,YouTube
8309,2026-05-15,Pune,18-24,iOS,Organic
8310,2026-06-04,Bengaluru,18-24,Android,Organic
8311,2026-02-13,Delhi,35-44,Android,Google Ads
8312,2026-01-07,Hyderabad,45+,Android,YouTube
8313,2026-04-19,Chennai,35-44,Android,Referral
8314,2026-03-25,Bengaluru,35-44,iOS,Organic
8315,2026-05-31,Bengaluru,18-24,Android,Organic
8316,2026-03-17,Pune,45+,Android,Google Ads
8317,2026-04-11,Chennai,35-44,Android,Google Ads
8318,2026-04-25,Visakhapatnam,45+,iOS,Organic
8319,2026-05-19,Hyderabad,35-44,iOS,Google Ads
8320,2026-01-11,Bengaluru,25-34,Android,Instagram
8321,2026-06-19,Bengaluru,18-24,Android,Push Notification
8322,2026-03-08,Chennai,25-34,Android,Referral
8323,2026-03-08,Mumbai,25-34,iOS,YouTube
8324,2026-02-21,Delhi,35-44,Android,Push Notification
8325,2026-04-07,Chennai,35-44,iOS,Referral
8326,2026-05-23,Mumbai,45+,Android,Push Notification
8327,2026-06-28,Delhi,35-44,Android,Referral
8328,2026-03-11,Pune,18-24,iOS,Organic
8329,2026-01-14,Chennai,45+,Android,Google Ads
8330,2026-04-20,Bengaluru,18-24,Android,YouTube
8331,2026-03-02,Mumbai,45+,Android,Instagram
8332,2026-02-25,Chennai,45+,Android,Google Ads
8333,2026-03-13,Pune,25-34,iOS,Organic
8334,2026-04-21,Mumbai,35-44,Android,Push Notification
8335,2026-06-02,Pune,25-34,iOS,Instagram
8336,2026-03-05,Chennai,18-24,Android,Organic
8337,2026-03-16,Hyderabad,45+,Android,Google Ads
8338,2026-04-10,Bengaluru,18-24,iOS,Referral
8339,2026-04-06,Chennai,25-34,iOS,Push Notification
8340,2026-05-31,Visakhapatnam,18-24,iOS,Google Ads
8341,2026-06-21,Mumbai,25-34,Android,Google Ads
8342,2026-03-29,Delhi,45+,Android,Instagram
8343,2026-04-10,Chennai,25-34,iOS,Google Ads
8344,2026-03-05,Hyderabad,18-24,Android,Instagram
8345,2026-04-28,Mumbai,35-44,iOS,Organic
8346,2026-04-05,Visakhapatnam,25-34,iOS,Google Ads
8347,2026-03-29,Delhi,45+,Android,Organic
8348,2026-05-29,Pune,18-24,iOS,Instagram
8349,2026-05-06,Delhi,25-34,Android,YouTube
8350,2026-01-12,Mumbai,25-34,Android,Instagram
8351,2026-01-19,Delhi,25-34,iOS,Referral
8352,2026-03-28,Mumbai,25-34,Android,YouTube
8353,2026-03-24,Chennai,35-44,Android,Push Notification
8354,2026-06-04,Delhi,45+,iOS,Referral
8355,2026-01-08,Mumbai,45+,iOS,Referral
8356,2026-01-12,Hyderabad,45+,Android,Referral
8357,2026-01-26,Delhi,35-44,iOS,Google Ads
8358,2026-04-24,Hyderabad,18-24,iOS,Push Notification
8359,2026-06-01,Hyderabad,45+,iOS,Instagram
8360,2026-02-20,Chennai,45+,Android,Push Notification
8361,2026-06-13,Delhi,45+,Android,Push Notification
8362,2026-04-28,Chennai,25-34,iOS,Instagram
8363,2026-05-03,Mumbai,45+,iOS,Organic
8364,2026-03-25,Bengaluru,35-44,iOS,Referral
8365,2026-04-20,Hyderabad,25-34,Android,YouTube
8366,2026-05-08,Bengaluru,18-24,Android,Referral
8367,2026-05-10,Bengaluru,25-34,Android,Instagram
8368,2026-01-28,Mumbai,45+,Android,Google Ads
8369,2026-03-08,Mumbai,25-34,Android,Google Ads
8370,2026-02-04,Visakhapatnam,25-34,Android,YouTube
8371,2026-05-15,Delhi,25-34,Android,YouTube
8372,2026-01-07,Hyderabad,45+,Android,Organic
8373,2026-02-24,Delhi,25-34,Android,Organic
8374,2026-03-16,Mumbai,35-44,iOS,Instagram
8375,2026-03-31,Chennai,45+,iOS,Referral
8376,2026-01-19,Bengaluru,35-44,Android,Referral
8377,2026-06-16,Mumbai,45+,Android,Instagram
8378,2026-03-22,Chennai,25-34,Android,Organic
8379,2026-04-13,Mumbai,35-44,Android,Push Notification
8380,2026-04-13,Chennai,45+,iOS,Referral
8381,2026-04-06,Delhi,45+,iOS,Referral
8382,2026-04-13,Delhi,35-44,Android,Referral
8383,2026-01-12,Pune,35-44,Android,YouTube
8384,2026-06-21,Mumbai,35-44,iOS,Google Ads
8385,2026-05-31,Chennai,35-44,Android,Instagram
8386,2026-02-17,Hyderabad,45+,Android,Instagram
8387,2026-05-27,Pune,45+,Android,YouTube
8388,2026-05-23,Pune,45+,iOS,Referral
8389,2026-04-03,Bengaluru,35-44,Android,Organic
8390,2026-04-21,Hyderabad,35-44,Android,Referral
8391,2026-06-05,Visakhapatnam,45+,iOS,Google Ads
8392,2026-06-15,Pune,45+,iOS,Instagram
8393,2026-01-09,Hyderabad,45+,iOS,Google Ads
8394,2026-03-20,Chennai,45+,Android,Organic
8395,2026-03-04,Visakhapatnam,18-24,Android,Organic
8396,2026-02-19,Hyderabad,25-34,iOS,Google Ads
8397,2026-03-03,Delhi,18-24,iOS,Organic
8398,2026-01-29,Delhi,35-44,Android,Referral
8399,2026-04-01,Bengaluru,35-44,Android,Referral
8400,2026-03-23,Bengaluru,25-34,Android,Instagram
8401,2026-02-09,Pune,45+,Android,Organic
8402,2026-03-12,Visakhapatnam,45+,Android,Instagram
8403,2026-03-30,Chennai,25-34,Android,Referral
8404,2026-05-27,Pune,25-34,Android,Referral
8405,2026-01-23,Mumbai,25-34,Android,Referral
8406,2026-04-19,Pune,45+,iOS,Google Ads
8407,2026-06-18,Visakhapatnam,35-44,iOS,Push Notification
8408,2026-05-18,Chennai,35-44,Android,Push Notification
8409,2026-05-17,Visakhapatnam,35-44,iOS,Referral
8410,2026-01-12,Mumbai,18-24,Android,Push Notification
8411,2026-05-30,Hyderabad,45+,Android,Referral
8412,2026-06-04,Bengaluru,45+,Android,Google Ads
8413,2026-06-01,Visakhapatnam,45+,iOS,Push Notification
8414,2026-05-18,Bengaluru,25-34,Android,Instagram
8415,2026-01-30,Chennai,45+,Android,Referral
8416,2026-05-25,Mumbai,18-24,Android,Organic
8417,2026-02-03,Mumbai,45+,iOS,YouTube
8418,2026-01-15,Mumbai,35-44,iOS,Push Notification
8419,2026-06-23,Delhi,25-34,iOS,Google Ads
8420,2026-05-19,Mumbai,45+,Android,Google Ads
8421,2026-02-01,Delhi,35-44,Android,YouTube
8422,2026-01-11,Mumbai,35-44,iOS,Push Notification
8423,2026-04-08,Visakhapatnam,35-44,iOS,Push Notification
8424,2026-03-11,Chennai,25-34,Android,Organic
8425,2026-04-11,Bengaluru,45+,Android,Push Notification
8426,2026-03-02,Pune,25-34,iOS,Instagram
8427,2026-01-10,Pune,25-34,Android,Push Notification
8428,2026-02-03,Chennai,25-34,Android,Push Notification
8429,2026-05-18,Hyderabad,35-44,Android,Organic
8430,2026-06-14,Chennai,35-44,Android,YouTube
8431,2026-05-15,Delhi,35-44,Android,Instagram
8432,2026-02-10,Hyderabad,25-34,iOS,YouTube
8433,2026-03-18,Visakhapatnam,35-44,Android,Instagram
8434,2026-04-05,Hyderabad,25-34,iOS,Google Ads
8435,2026-02-17,Pune,18-24,iOS,Push Notification
8436,2026-05-25,Pune,45+,Android,Instagram
8437,2026-03-11,Hyderabad,35-44,iOS,Google Ads
8438,2026-01-23,Hyderabad,18-24,Android,Organic
8439,2026-06-21,Pune,25-34,Android,Instagram
8440,2026-06-29,Mumbai,25-34,iOS,Google Ads
8441,2026-05-06,Chennai,25-34,Android,Instagram
8442,2026-03-29,Bengaluru,45+,Android,Referral
8443,2026-02-02,Chennai,35-44,Android,Google Ads
8444,2026-03-28,Bengaluru,35-44,Android,Organic
8445,2026-03-15,Chennai,18-24,Android,Referral
8446,2026-04-15,Chennai,18-24,Android,Push Notification
8447,2026-03-05,Pune,25-34,iOS,YouTube
8448,2026-02-02,Pune,35-44,Android,Push Notification
8449,2026-01-14,Delhi,25-34,iOS,Instagram
8450,2026-01-16,Mumbai,18-24,Android,Instagram
8451,2026-02-26,Mumbai,25-34,Android,Referral
8452,2026-02-10,Chennai,35-44,Android,Instagram
8453,2026-04-25,Chennai,25-34,Android,YouTube
8454,2026-01-18,Delhi,25-34,Android,YouTube
8455,2026-01-12,Visakhapatnam,45+,iOS,Push Notification
8456,2026-06-03,Hyderabad,25-34,iOS,Instagram
8457,2026-06-03,Visakhapatnam,35-44,Android,Push Notification
8458,2026-01-23,Bengaluru,25-34,Android,Push Notification
8459,2026-01-23,Chennai,25-34,iOS,Organic
8460,2026-06-30,Chennai,35-44,Android,Organic
8461,2026-01-01,Mumbai,35-44,iOS,Google Ads
8462,2026-04-11,Bengaluru,25-34,Android,Instagram
8463,2026-03-06,Visakhapatnam,25-34,iOS,YouTube
8464,2026-04-18,Pune,18-24,Android,Google Ads
8465,2026-06-26,Delhi,18-24,Android,Referral
8466,2026-06-11,Visakhapatnam,25-34,iOS,Referral
8467,2026-04-12,Mumbai,25-34,Android,Referral
8468,2026-05-11,Hyderabad,45+,iOS,Instagram
8469,2026-06-21,Chennai,18-24,Android,Google Ads
8470,2026-02-18,Pune,35-44,Android,Organic
8471,2026-01-12,Pune,18-24,iOS,Push Notification
8472,2026-04-19,Visakhapatnam,25-34,Android,Push Notification
8473,2026-04-19,Mumbai,45+,iOS,Instagram
8474,2026-03-14,Chennai,35-44,Android,Organic
8475,2026-05-03,Visakhapatnam,35-44,iOS,Push Notification
8476,2026-01-08,Visakhapatnam,35-44,Android,Referral
8477,2026-06-13,Visakhapatnam,25-34,Android,Instagram
8478,2026-04-07,Bengaluru,45+,iOS,YouTube
8479,2026-03-14,Delhi,18-24,Android,Push Notification
8480,2026-04-16,Mumbai,25-34,Android,Referral
8481,2026-03-22,Chennai,25-34,Android,Organic
8482,2026-05-12,Bengaluru,18-24,iOS,Referral
8483,2026-04-12,Pune,45+,Android,YouTube
8484,2026-04-03,Pune,45+,Android,Referral
8485,2026-01-04,Hyderabad,25-34,iOS,Referral
8486,2026-03-22,Visakhapatnam,25-34,Android,Referral
8487,2026-03-11,Pune,35-44,Android,Organic
8488,2026-01-03,Pune,25-34,Android,Google Ads
8489,2026-03-25,Hyderabad,35-44,Android,Referral
8490,2026-05-31,Mumbai,35-44,iOS,Google Ads
8491,2026-04-27,Mumbai,25-34,Android,Referral
8492,2026-04-16,Hyderabad,35-44,Android,Google Ads
8493,2026-04-20,Bengaluru,25-34,Android,YouTube
8494,2026-05-01,Hyderabad,18-24,Android,Referral
8495,2026-02-09,Visakhapatnam,25-34,Android,YouTube
8496,2026-02-21,Bengaluru,25-34,Android,Push Notification
8497,2026-02-18,Pune,25-34,Android,Push Notification
8498,2026-04-05,Hyderabad,18-24,iOS,Push Notification
8499,2026-06-20,Bengaluru,45+,iOS,YouTube
8500,2026-03-08,Hyderabad,45+,iOS,Push Notification
8501,2026-06-15,Mumbai,35-44,Android,Organic
8502,2026-05-20,Chennai,25-34,Android,Push Notification
8503,2026-03-17,Delhi,45+,Android,Push Notification
8504,2026-06-09,Hyderabad,18-24,iOS,Referral
8505,2026-05-10,Visakhapatnam,35-44,Android,Referral
8506,2026-04-11,Chennai,35-44,Android,Google Ads
8507,2026-04-21,Mumbai,18-24,Android,YouTube
8508,2026-06-12,Bengaluru,25-34,Android,YouTube
8509,2026-02-10,Mumbai,35-44,iOS,Organic
8510,2026-05-16,Bengaluru,35-44,Android,Instagram
8511,2026-06-12,Chennai,25-34,Android,Google Ads
8512,2026-04-07,Chennai,25-34,Android,Google Ads
8513,2026-03-25,Chennai,25-34,Android,Push Notification
8514,2026-03-19,Mumbai,45+,iOS,Push Notification
8515,2026-06-05,Mumbai,25-34,Android,Organic
8516,2026-06-24,Bengaluru,45+,Android,Push Notification
8517,2026-06-24,Visakhapatnam,35-44,Android,Referral
8518,2026-04-17,Chennai,18-24,Android,Organic
8519,2026-03-18,Pune,45+,Android,Organic
8520,2026-04-07,Delhi,45+,Android,YouTube
8521,2026-04-09,Delhi,45+,iOS,YouTube
8522,2026-02-13,Bengaluru,35-44,Android,Instagram
8523,2026-01-05,Delhi,25-34,Android,Push Notification
8524,2026-06-23,Pune,35-44,Android,Referral
8525,2026-06-09,Mumbai,35-44,Android,Organic
8526,2026-02-28,Mumbai,35-44,Android,YouTube
8527,2026-05-19,Visakhapatnam,25-34,iOS,YouTube
8528,2026-03-05,Pune,18-24,Android,YouTube
8529,2026-02-18,Bengaluru,45+,Android,Organic
8530,2026-02-04,Mumbai,25-34,Android,Referral
8531,2026-06-04,Delhi,25-34,Android,YouTube
8532,2026-05-22,Delhi,18-24,Android,Push Notification
8533,2026-02-10,Visakhapatnam,18-24,Android,Google Ads
8534,2026-01-25,Pune,35-44,Android,Organic
8535,2026-06-10,Visakhapatnam,25-34,Android,Instagram
8536,2026-02-08,Visakhapatnam,18-24,iOS,Google Ads
8537,2026-04-12,Mumbai,25-34,Android,Instagram
8538,2026-01-02,Pune,25-34,Android,Referral
8539,2026-01-12,Visakhapatnam,25-34,Android,YouTube
8540,2026-04-20,Chennai,25-34,Android,Organic
8541,2026-02-16,Pune,35-44,Android,Google Ads
8542,2026-01-26,Mumbai,45+,Android,Instagram
8543,2026-04-13,Pune,18-24,Android,Organic
8544,2026-06-26,Hyderabad,18-24,iOS,Referral
8545,2026-03-29,Delhi,25-34,iOS,Google Ads
8546,2026-03-17,Delhi,35-44,Android,Instagram
8547,2026-02-25,Delhi,45+,Android,Organic
8548,2026-03-22,Bengaluru,45+,Android,YouTube
8549,2026-01-30,Hyderabad,45+,iOS,Organic
8550,2026-06-26,Pune,45+,Android,Referral
8551,2026-02-06,Pune,25-34,iOS,Instagram
8552,2026-01-14,Hyderabad,25-34,Android,Push Notification
8553,2026-05-14,Hyderabad,25-34,Android,Push Notification
8554,2026-05-26,Mumbai,18-24,Android,Google Ads
8555,2026-02-12,Hyderabad,45+,Android,Organic
8556,2026-01-07,Bengaluru,25-34,Android,Push Notification
8557,2026-01-20,Pune,25-34,Android,Push Notification
8558,2026-03-31,Visakhapatnam,45+,Android,Instagram
8559,2026-02-07,Mumbai,18-24,iOS,Organic
8560,2026-02-26,Hyderabad,18-24,Android,YouTube
8561,2026-03-30,Mumbai,35-44,Android,Push Notification
8562,2026-02-25,Visakhapatnam,45+,Android,Organic
8563,2026-01-26,Mumbai,18-24,Android,YouTube
8564,2026-01-29,Hyderabad,45+,iOS,Referral
8565,2026-05-18,Chennai,25-34,iOS,Organic
8566,2026-02-15,Bengaluru,18-24,Android,YouTube
8567,2026-04-12,Delhi,35-44,iOS,Referral
8568,2026-04-24,Visakhapatnam,18-24,Android,Organic
8569,2026-06-07,Pune,35-44,Android,Push Notification
8570,2026-03-28,Visakhapatnam,18-24,Android,Push Notification
8571,2026-01-04,Bengaluru,25-34,Android,YouTube
8572,2026-03-13,Delhi,18-24,Android,Instagram
8573,2026-01-08,Chennai,35-44,iOS,Organic
8574,2026-05-16,Bengaluru,35-44,Android,Instagram
8575,2026-04-16,Chennai,45+,Android,Referral
8576,2026-05-10,Bengaluru,45+,Android,Referral
8577,2026-01-13,Mumbai,18-24,Android,Push Notification
8578,2026-02-28,Hyderabad,45+,Android,Push Notification
8579,2026-03-17,Delhi,18-24,Android,YouTube
8580,2026-03-01,Bengaluru,35-44,iOS,Organic
8581,2026-01-22,Chennai,25-34,Android,Referral
8582,2026-06-14,Pune,45+,Android,Push Notification
8583,2026-02-05,Pune,25-34,Android,Organic
8584,2026-06-26,Pune,25-34,Android,Instagram
8585,2026-01-28,Hyderabad,25-34,Android,Google Ads
8586,2026-03-07,Hyderabad,45+,iOS,Referral
8587,2026-05-17,Hyderabad,18-24,iOS,YouTube
8588,2026-01-11,Bengaluru,18-24,Android,Organic
8589,2026-04-13,Bengaluru,18-24,Android,Referral
8590,2026-06-13,Mumbai,35-44,iOS,Referral
8591,2026-01-20,Mumbai,18-24,Android,Push Notification
8592,2026-04-11,Bengaluru,35-44,iOS,Referral
8593,2026-05-26,Chennai,45+,iOS,Push Notification
8594,2026-06-18,Hyderabad,25-34,iOS,Instagram
8595,2026-01-15,Chennai,18-24,Android,Instagram
8596,2026-05-20,Mumbai,18-24,iOS,YouTube
8597,2026-06-18,Pune,18-24,Android,Organic
8598,2026-01-26,Delhi,35-44,iOS,Instagram
8599,2026-06-28,Chennai,45+,iOS,Referral
8600,2026-04-29,Chennai,45+,iOS,YouTube
8601,2026-03-28,Visakhapatnam,35-44,Android,Push Notification
8602,2026-01-08,Hyderabad,45+,Android,Google Ads
8603,2026-01-25,Chennai,45+,Android,Organic
8604,2026-05-04,Delhi,45+,iOS,Organic
8605,2026-02-03,Visakhapatnam,25-34,Android,Instagram
8606,2026-06-30,Bengaluru,25-34,Android,YouTube
8607,2026-02-11,Chennai,45+,Android,Instagram
8608,2026-02-18,Mumbai,25-34,Android,Instagram
8609,2026-06-12,Pune,25-34,Android,YouTube
8610,2026-05-25,Pune,45+,iOS,Instagram
8611,2026-05-09,Chennai,25-34,iOS,Google Ads
8612,2026-06-08,Pune,25-34,Android,Push Notification
8613,2026-03-28,Mumbai,45+,iOS,Push Notification
8614,2026-01-05,Visakhapatnam,35-44,Android,YouTube
8615,2026-03-04,Pune,45+,Android,Google Ads
8616,2026-06-05,Delhi,35-44,iOS,Instagram
8617,2026-05-17,Bengaluru,35-44,Android,Referral
8618,2026-03-05,Pune,25-34,Android,Referral
8619,2026-06-23,Bengaluru,25-34,iOS,YouTube
8620,2026-01-20,Pune,45+,Android,Referral
8621,2026-02-12,Delhi,25-34,Android,Instagram
8622,2026-02-27,Delhi,25-34,iOS,Organic
8623,2026-04-10,Mumbai,25-34,Android,Organic
8624,2026-04-16,Chennai,25-34,Android,Organic
8625,2026-01-30,Bengaluru,25-34,Android,Referral
8626,2026-06-26,Visakhapatnam,35-44,iOS,Instagram
8627,2026-02-15,Delhi,45+,Android,Google Ads
8628,2026-05-16,Pune,45+,Android,Google Ads
8629,2026-02-19,Bengaluru,45+,Android,Instagram
8630,2026-03-10,Bengaluru,35-44,iOS,Organic
8631,2026-06-17,Bengaluru,25-34,Android,Instagram
8632,2026-02-07,Hyderabad,18-24,Android,Instagram
8633,2026-03-09,Pune,35-44,Android,YouTube
8634,2026-03-27,Chennai,35-44,Android,Organic
8635,2026-06-11,Pune,35-44,Android,Push Notification
8636,2026-03-18,Chennai,25-34,Android,Instagram
8637,2026-01-20,Visakhapatnam,18-24,Android,Referral
8638,2026-03-11,Delhi,45+,Android,Google Ads
8639,2026-03-06,Mumbai,45+,Android,YouTube
8640,2026-06-02,Pune,45+,Android,Referral
8641,2026-02-22,Bengaluru,25-34,Android,YouTube
8642,2026-06-08,Pune,45+,Android,Push Notification
8643,2026-05-26,Delhi,18-24,Android,Organic
8644,2026-01-16,Chennai,35-44,iOS,Instagram
8645,2026-04-05,Mumbai,18-24,iOS,Google Ads
8646,2026-03-13,Chennai,25-34,iOS,Google Ads
8647,2026-01-13,Bengaluru,45+,iOS,YouTube
8648,2026-02-13,Bengaluru,35-44,iOS,Organic
8649,2026-01-07,Mumbai,18-24,Android,Referral
8650,2026-03-18,Visakhapatnam,45+,Android,Push Notification
8651,2026-04-09,Visakhapatnam,35-44,Android,Organic
8652,2026-06-12,Hyderabad,35-44,Android,Organic
8653,2026-04-19,Chennai,45+,Android,Organic
8654,2026-04-07,Delhi,45+,Android,Referral
8655,2026-03-21,Pune,18-24,iOS,Google Ads
8656,2026-01-17,Pune,45+,Android,Push Notification
8657,2026-06-10,Hyderabad,45+,Android,Referral
8658,2026-01-20,Delhi,35-44,Android,Instagram
8659,2026-05-29,Hyderabad,18-24,Android,Google Ads
8660,2026-03-23,Hyderabad,25-34,iOS,Google Ads
8661,2026-01-21,Chennai,18-24,Android,Instagram
8662,2026-01-14,Visakhapatnam,45+,Android,YouTube
8663,2026-05-19,Chennai,25-34,Android,Organic
8664,2026-02-14,Hyderabad,45+,iOS,Instagram
8665,2026-06-29,Pune,35-44,Android,Organic
8666,2026-04-29,Pune,45+,iOS,YouTube
8667,2026-06-04,Delhi,45+,Android,Instagram
8668,2026-02-11,Hyderabad,18-24,Android,Instagram
8669,2026-01-22,Bengaluru,35-44,Android,Referral
8670,2026-01-04,Mumbai,45+,Android,Referral
8671,2026-02-13,Visakhapatnam,45+,Android,Instagram
8672,2026-05-29,Bengaluru,25-34,Android,Instagram
8673,2026-06-03,Mumbai,35-44,Android,Instagram
8674,2026-06-18,Chennai,45+,Android,Referral
8675,2026-06-29,Delhi,25-34,Android,Organic
8676,2026-03-29,Bengaluru,45+,Android,Referral
8677,2026-06-18,Delhi,25-34,Android,Referral
8678,2026-01-05,Chennai,35-44,iOS,Organic
8679,2026-01-11,Bengaluru,25-34,Android,Push Notification
8680,2026-06-22,Pune,18-24,Android,Instagram
8681,2026-02-28,Pune,18-24,iOS,Instagram
8682,2026-04-22,Mumbai,18-24,iOS,YouTube
8683,2026-04-02,Delhi,45+,Android,Referral
8684,2026-04-19,Mumbai,18-24,iOS,Referral
8685,2026-02-24,Bengaluru,35-44,Android,Referral
8686,2026-01-05,Chennai,35-44,iOS,Google Ads
8687,2026-01-23,Hyderabad,18-24,Android,Google Ads
8688,2026-04-10,Visakhapatnam,25-34,Android,Push Notification
8689,2026-03-15,Hyderabad,18-24,iOS,Google Ads
8690,2026-03-13,Bengaluru,35-44,Android,Instagram
8691,2026-06-05,Mumbai,25-34,Android,Instagram
8692,2026-03-03,Bengaluru,25-34,iOS,Push Notification
8693,2026-03-04,Chennai,45+,iOS,YouTube
8694,2026-03-26,Hyderabad,45+,iOS,Referral
8695,2026-06-24,Bengaluru,35-44,Android,Google Ads
8696,2026-05-05,Delhi,35-44,Android,Push Notification
8697,2026-04-01,Mumbai,25-34,Android,Google Ads
8698,2026-02-13,Bengaluru,35-44,Android,YouTube
8699,2026-06-13,Hyderabad,18-24,Android,Instagram
8700,2026-02-13,Delhi,25-34,iOS,YouTube
8701,2026-06-12,Visakhapatnam,35-44,Android,Referral
8702,2026-03-25,Visakhapatnam,25-34,iOS,Referral
8703,2026-05-08,Bengaluru,18-24,Android,Google Ads
8704,2026-06-20,Pune,35-44,Android,Referral
8705,2026-01-01,Hyderabad,35-44,iOS,Instagram
8706,2026-05-27,Mumbai,18-24,iOS,Instagram
8707,2026-02-06,Chennai,35-44,Android,Instagram
8708,2026-02-26,Delhi,35-44,Android,Google Ads
8709,2026-06-22,Pune,45+,Android,Google Ads
8710,2026-03-27,Visakhapatnam,35-44,Android,Instagram
8711,2026-02-03,Mumbai,45+,iOS,Organic
8712,2026-03-11,Hyderabad,35-44,Android,Referral
8713,2026-03-04,Visakhapatnam,35-44,iOS,Organic
8714,2026-01-18,Pune,45+,Android,Google Ads
8715,2026-04-25,Visakhapatnam,25-34,Android,Instagram
8716,2026-06-04,Delhi,25-34,Android,Push Notification
8717,2026-05-10,Hyderabad,35-44,Android,YouTube
8718,2026-01-17,Chennai,18-24,iOS,Referral
8719,2026-01-13,Visakhapatnam,25-34,iOS,Push Notification
8720,2026-06-23,Visakhapatnam,18-24,Android,Instagram
8721,2026-03-16,Bengaluru,18-24,Android,Instagram
8722,2026-03-05,Chennai,45+,Android,Google Ads
8723,2026-06-23,Hyderabad,25-34,Android,Referral
8724,2026-05-22,Pune,18-24,iOS,Push Notification
8725,2026-01-18,Hyderabad,25-34,iOS,Referral
8726,2026-04-16,Chennai,45+,iOS,Referral
8727,2026-03-03,Delhi,45+,Android,Referral
8728,2026-04-07,Bengaluru,35-44,Android,Instagram
8729,2026-06-08,Hyderabad,25-34,Android,YouTube
8730,2026-01-29,Pune,35-44,iOS,Push Notification
8731,2026-03-06,Visakhapatnam,35-44,iOS,Push Notification
8732,2026-01-29,Hyderabad,18-24,Android,YouTube
8733,2026-02-22,Pune,35-44,Android,Google Ads
8734,2026-01-13,Pune,25-34,Android,Google Ads
8735,2026-02-18,Mumbai,18-24,Android,Push Notification
8736,2026-01-18,Bengaluru,35-44,Android,Organic
8737,2026-04-29,Hyderabad,25-34,Android,Organic
8738,2026-04-21,Visakhapatnam,45+,Android,Referral
8739,2026-03-14,Mumbai,18-24,Android,Organic
8740,2026-03-18,Bengaluru,45+,Android,Organic
8741,2026-04-18,Bengaluru,25-34,iOS,Instagram
8742,2026-06-19,Visakhapatnam,45+,Android,YouTube
8743,2026-04-27,Visakhapatnam,18-24,Android,Instagram
8744,2026-01-14,Chennai,35-44,iOS,Google Ads
8745,2026-03-30,Visakhapatnam,18-24,Android,Push Notification
8746,2026-04-03,Pune,25-34,Android,Organic
8747,2026-02-11,Bengaluru,25-34,Android,YouTube
8748,2026-05-24,Pune,18-24,Android,Push Notification
8749,2026-05-31,Bengaluru,35-44,iOS,Referral
8750,2026-06-23,Mumbai,35-44,Android,Organic
8751,2026-06-30,Mumbai,35-44,Android,Referral
8752,2026-06-18,Bengaluru,35-44,Android,Instagram
8753,2026-02-06,Visakhapatnam,18-24,Android,Organic
8754,2026-04-05,Visakhapatnam,35-44,iOS,Push Notification
8755,2026-05-15,Chennai,45+,Android,Instagram
8756,2026-03-07,Chennai,18-24,iOS,YouTube
8757,2026-05-31,Chennai,45+,Android,Instagram
8758,2026-01-12,Hyderabad,35-44,Android,Organic
8759,2026-06-07,Mumbai,25-34,Android,Google Ads
8760,2026-06-14,Bengaluru,18-24,iOS,YouTube
8761,2026-06-28,Hyderabad,18-24,iOS,Instagram
8762,2026-06-20,Hyderabad,45+,Android,Push Notification
8763,2026-01-09,Delhi,45+,Android,Push Notification
8764,2026-04-19,Hyderabad,25-34,Android,Organic
8765,2026-02-26,Mumbai,35-44,Android,Referral
8766,2026-05-31,Pune,25-34,iOS,Push Notification
8767,2026-01-23,Chennai,35-44,Android,Instagram
8768,2026-02-15,Chennai,35-44,Android,Google Ads
8769,2026-05-09,Mumbai,25-34,iOS,YouTube
8770,2026-04-13,Chennai,35-44,iOS,Instagram
8771,2026-06-24,Hyderabad,45+,iOS,Referral
8772,2026-05-14,Pune,18-24,Android,Push Notification
8773,2026-04-30,Hyderabad,35-44,Android,Referral
8774,2026-06-23,Chennai,18-24,iOS,Referral
8775,2026-05-24,Pune,35-44,iOS,YouTube
8776,2026-03-03,Chennai,25-34,Android,Referral
8777,2026-06-13,Hyderabad,35-44,Android,Instagram
8778,2026-03-22,Hyderabad,45+,Android,Organic
8779,2026-02-26,Visakhapatnam,35-44,Android,Google Ads
8780,2026-02-17,Visakhapatnam,35-44,iOS,Organic
8781,2026-05-11,Visakhapatnam,35-44,Android,Referral
8782,2026-01-18,Pune,25-34,Android,Google Ads
8783,2026-06-14,Mumbai,45+,iOS,Referral
8784,2026-03-21,Pune,45+,Android,YouTube
8785,2026-03-19,Pune,45+,Android,YouTube
8786,2026-06-10,Pune,45+,iOS,Organic
8787,2026-05-27,Chennai,25-34,Android,Google Ads
8788,2026-05-07,Mumbai,18-24,Android,Google Ads
8789,2026-04-10,Pune,25-34,Android,Instagram
8790,2026-05-25,Mumbai,18-24,Android,Google Ads
8791,2026-03-02,Hyderabad,18-24,Android,Instagram
8792,2026-04-14,Pune,18-24,Android,Referral
8793,2026-02-22,Hyderabad,18-24,Android,YouTube
8794,2026-04-19,Visakhapatnam,45+,iOS,Push Notification
8795,2026-01-05,Delhi,35-44,Android,Google Ads
8796,2026-04-10,Hyderabad,45+,iOS,Google Ads
8797,2026-02-19,Hyderabad,45+,Android,Referral
8798,2026-05-01,Visakhapatnam,35-44,Android,Instagram
8799,2026-04-11,Pune,35-44,Android,YouTube
8800,2026-05-14,Bengaluru,18-24,Android,Instagram
8801,2026-01-03,Delhi,18-24,Android,Push Notification
8802,2026-02-10,Chennai,25-34,Android,Google Ads
8803,2026-03-20,Delhi,25-34,iOS,Instagram
8804,2026-06-27,Chennai,25-34,iOS,Instagram
8805,2026-02-02,Mumbai,25-34,iOS,Referral
8806,2026-01-21,Hyderabad,25-34,Android,Google Ads
8807,2026-05-19,Hyderabad,45+,iOS,Push Notification
8808,2026-06-30,Mumbai,35-44,Android,Referral
8809,2026-02-05,Mumbai,18-24,Android,Google Ads
8810,2026-06-16,Mumbai,18-24,iOS,Organic
8811,2026-06-17,Visakhapatnam,18-24,Android,YouTube
8812,2026-01-08,Delhi,25-34,Android,Referral
8813,2026-04-09,Chennai,25-34,Android,Push Notification
8814,2026-06-07,Bengaluru,45+,Android,Organic
8815,2026-06-16,Visakhapatnam,25-34,Android,Instagram
8816,2026-05-29,Pune,35-44,Android,Google Ads
8817,2026-02-21,Mumbai,45+,Android,Push Notification
8818,2026-02-14,Mumbai,35-44,iOS,Organic
8819,2026-02-27,Chennai,35-44,Android,Push Notification
8820,2026-06-26,Visakhapatnam,18-24,Android,Google Ads
8821,2026-03-06,Mumbai,35-44,Android,Push Notification
8822,2026-04-25,Mumbai,35-44,Android,Organic
8823,2026-05-30,Mumbai,35-44,Android,Push Notification
8824,2026-03-05,Hyderabad,35-44,Android,Referral
8825,2026-05-23,Hyderabad,45+,iOS,Google Ads
8826,2026-06-29,Delhi,45+,Android,Instagram
8827,2026-06-09,Bengaluru,18-24,Android,Google Ads
8828,2026-06-03,Pune,25-34,Android,Google Ads
8829,2026-01-02,Mumbai,18-24,Android,Instagram
8830,2026-05-31,Chennai,45+,Android,Instagram
8831,2026-05-28,Hyderabad,25-34,Android,Organic
8832,2026-04-15,Delhi,35-44,Android,Instagram
8833,2026-02-05,Pune,25-34,iOS,Push Notification
8834,2026-04-10,Hyderabad,35-44,Android,Push Notification
8835,2026-05-25,Mumbai,18-24,iOS,Google Ads
8836,2026-05-25,Bengaluru,35-44,Android,Instagram
8837,2026-02-18,Mumbai,35-44,iOS,Instagram
8838,2026-04-28,Chennai,45+,iOS,Organic
8839,2026-03-02,Pune,45+,Android,Instagram
8840,2026-01-05,Delhi,18-24,iOS,YouTube
8841,2026-01-24,Mumbai,35-44,Android,Push Notification
8842,2026-04-13,Mumbai,45+,Android,Google Ads
8843,2026-02-23,Pune,35-44,iOS,YouTube
8844,2026-02-18,Chennai,18-24,iOS,YouTube
8845,2026-03-14,Hyderabad,25-34,Android,Organic
8846,2026-04-17,Chennai,18-24,Android,Instagram
8847,2026-06-21,Visakhapatnam,45+,Android,YouTube
8848,2026-05-07,Pune,18-24,iOS,Referral
8849,2026-02-04,Hyderabad,25-34,Android,Google Ads
8850,2026-06-12,Mumbai,25-34,Android,YouTube
8851,2026-01-26,Hyderabad,25-34,Android,YouTube
8852,2026-06-08,Chennai,45+,iOS,Referral
8853,2026-02-26,Chennai,25-34,iOS,Google Ads
8854,2026-06-15,Chennai,25-34,Android,Instagram
8855,2026-05-09,Visakhapatnam,45+,Android,Referral
8856,2026-01-01,Chennai,18-24,Android,Push Notification
8857,2026-01-01,Bengaluru,45+,Android,Instagram
8858,2026-05-06,Delhi,35-44,iOS,Google Ads
8859,2026-05-31,Chennai,45+,Android,Instagram
8860,2026-03-08,Chennai,45+,Android,Google Ads
8861,2026-01-20,Chennai,35-44,iOS,Organic
8862,2026-06-01,Mumbai,35-44,Android,Referral
8863,2026-05-21,Mumbai,45+,iOS,Google Ads
8864,2026-06-19,Hyderabad,35-44,Android,YouTube
8865,2026-04-20,Pune,18-24,Android,Google Ads
8866,2026-03-26,Visakhapatnam,18-24,Android,YouTube
8867,2026-02-15,Chennai,45+,Android,Instagram
8868,2026-05-07,Delhi,18-24,Android,YouTube
8869,2026-03-25,Pune,18-24,Android,Organic
8870,2026-03-17,Chennai,18-24,iOS,YouTube
8871,2026-04-30,Delhi,18-24,Android,Organic
8872,2026-05-29,Mumbai,18-24,iOS,Organic
8873,2026-04-26,Visakhapatnam,35-44,Android,Referral
8874,2026-03-01,Mumbai,35-44,iOS,Instagram
8875,2026-03-04,Delhi,45+,iOS,Google Ads
8876,2026-05-27,Mumbai,18-24,Android,Instagram
8877,2026-01-27,Visakhapatnam,18-24,Android,Instagram
8878,2026-05-28,Chennai,45+,Android,Google Ads
8879,2026-02-06,Hyderabad,25-34,iOS,Instagram
8880,2026-03-17,Visakhapatnam,35-44,Android,Push Notification
8881,2026-02-14,Bengaluru,18-24,Android,YouTube
8882,2026-06-17,Hyderabad,25-34,iOS,YouTube
8883,2026-03-18,Delhi,18-24,Android,Google Ads
8884,2026-06-19,Pune,35-44,Android,Google Ads
8885,2026-03-22,Pune,45+,Android,Push Notification
8886,2026-05-31,Hyderabad,25-34,iOS,Google Ads
8887,2026-03-05,Pune,45+,Android,Referral
8888,2026-04-10,Delhi,45+,Android,Push Notification
8889,2026-04-10,Delhi,25-34,iOS,YouTube
8890,2026-05-28,Bengaluru,18-24,iOS,Instagram
8891,2026-01-05,Mumbai,25-34,Android,Referral
8892,2026-05-21,Visakhapatnam,45+,Android,Push Notification
8893,2026-06-29,Mumbai,25-34,Android,Organic
8894,2026-05-11,Visakhapatnam,45+,Android,Push Notification
8895,2026-05-26,Mumbai,25-34,Android,Push Notification
8896,2026-04-25,Mumbai,18-24,Android,Referral
8897,2026-03-04,Pune,25-34,iOS,Referral
8898,2026-02-01,Bengaluru,35-44,Android,YouTube
8899,2026-03-25,Hyderabad,25-34,Android,Organic
8900,2026-01-20,Delhi,45+,Android,Organic
8901,2026-03-29,Chennai,45+,Android,Referral
8902,2026-05-07,Hyderabad,25-34,iOS,Push Notification
8903,2026-05-24,Pune,25-34,iOS,Google Ads
8904,2026-01-16,Visakhapatnam,45+,Android,Referral
8905,2026-03-11,Hyderabad,35-44,Android,Google Ads
8906,2026-03-02,Mumbai,18-24,Android,Organic
8907,2026-04-07,Chennai,45+,Android,Organic
8908,2026-06-02,Delhi,25-34,Android,YouTube
8909,2026-05-01,Mumbai,25-34,Android,Instagram
8910,2026-04-30,Hyderabad,25-34,iOS,Instagram
8911,2026-05-28,Delhi,45+,Android,Instagram
8912,2026-06-28,Bengaluru,18-24,Android,Instagram
8913,2026-03-22,Visakhapatnam,45+,Android,Google Ads
8914,2026-04-01,Chennai,35-44,iOS,Instagram
8915,2026-06-23,Delhi,25-34,iOS,Instagram
8916,2026-02-05,Mumbai,45+,Android,YouTube
8917,2026-05-27,Hyderabad,18-24,iOS,Instagram
8918,2026-01-27,Delhi,18-24,iOS,Instagram
8919,2026-04-21,Chennai,25-34,iOS,YouTube
8920,2026-03-30,Hyderabad,35-44,Android,Instagram
8921,2026-04-18,Chennai,18-24,Android,Organic
8922,2026-06-19,Chennai,18-24,iOS,YouTube
8923,2026-02-21,Pune,25-34,iOS,YouTube
8924,2026-02-27,Bengaluru,45+,Android,Organic
8925,2026-02-15,Delhi,45+,Android,Referral
8926,2026-01-14,Visakhapatnam,35-44,iOS,Instagram
8927,2026-04-07,Visakhapatnam,25-34,iOS,YouTube
8928,2026-05-28,Visakhapatnam,25-34,Android,Instagram
8929,2026-02-05,Bengaluru,35-44,Android,Instagram
8930,2026-01-20,Bengaluru,35-44,iOS,YouTube
8931,2026-06-13,Visakhapatnam,45+,Android,YouTube
8932,2026-01-02,Delhi,25-34,iOS,Instagram
8933,2026-06-23,Mumbai,25-34,Android,Referral
8934,2026-01-29,Mumbai,45+,iOS,Push Notification
8935,2026-06-26,Pune,45+,Android,Referral
8936,2026-03-06,Chennai,45+,iOS,Google Ads
8937,2026-02-25,Mumbai,45+,Android,Push Notification
8938,2026-05-23,Bengaluru,35-44,Android,Referral
8939,2026-06-27,Visakhapatnam,45+,Android,YouTube
8940,2026-02-18,Hyderabad,25-34,Android,YouTube
8941,2026-03-13,Hyderabad,25-34,iOS,Push Notification
8942,2026-02-27,Visakhapatnam,18-24,iOS,Referral
8943,2026-02-17,Bengaluru,25-34,Android,Instagram
8944,2026-01-25,Pune,35-44,Android,Instagram
8945,2026-03-13,Hyderabad,25-34,Android,YouTube
8946,2026-03-03,Hyderabad,35-44,iOS,Organic
8947,2026-03-01,Bengaluru,45+,Android,Google Ads
8948,2026-02-10,Pune,25-34,Android,Google Ads
8949,2026-03-25,Mumbai,35-44,iOS,Organic
8950,2026-03-20,Chennai,45+,Android,Organic
8951,2026-04-20,Delhi,45+,Android,Organic
8952,2026-02-19,Visakhapatnam,35-44,Android,Referral
8953,2026-02-14,Delhi,45+,iOS,Instagram
8954,2026-04-09,Bengaluru,25-34,Android,Referral
8955,2026-01-13,Mumbai,25-34,Android,YouTube
8956,2026-02-13,Delhi,35-44,Android,Google Ads
8957,2026-05-14,Pune,35-44,Android,Push Notification
8958,2026-02-24,Chennai,25-34,Android,Google Ads
8959,2026-03-04,Hyderabad,35-44,Android,Organic
8960,2026-05-01,Visakhapatnam,45+,iOS,Google Ads
8961,2026-05-12,Delhi,18-24,Android,Google Ads
8962,2026-06-29,Chennai,35-44,Android,YouTube
8963,2026-03-14,Delhi,45+,Android,Organic
8964,2026-06-11,Hyderabad,45+,iOS,Google Ads
8965,2026-03-07,Delhi,25-34,iOS,Push Notification
8966,2026-01-09,Visakhapatnam,18-24,Android,Push Notification
8967,2026-01-26,Chennai,45+,Android,Referral
8968,2026-04-21,Visakhapatnam,25-34,Android,Instagram
8969,2026-03-23,Bengaluru,18-24,Android,Organic
8970,2026-05-17,Mumbai,35-44,Android,Referral
8971,2026-02-08,Visakhapatnam,35-44,Android,Organic
8972,2026-06-12,Hyderabad,35-44,Android,Organic
8973,2026-01-10,Chennai,45+,iOS,Push Notification
8974,2026-06-18,Delhi,18-24,Android,Referral
8975,2026-01-02,Bengaluru,45+,Android,Push Notification
8976,2026-01-27,Chennai,35-44,Android,Instagram
8977,2026-02-21,Pune,18-24,iOS,Push Notification
8978,2026-04-08,Delhi,25-34,iOS,Instagram
8979,2026-01-19,Hyderabad,45+,Android,Referral
8980,2026-05-20,Pune,35-44,Android,Referral
8981,2026-02-26,Delhi,25-34,iOS,Referral
8982,2026-03-31,Hyderabad,25-34,iOS,Instagram
8983,2026-02-09,Visakhapatnam,25-34,Android,Push Notification
8984,2026-03-07,Delhi,18-24,Android,Organic
8985,2026-06-14,Hyderabad,45+,iOS,YouTube
8986,2026-05-13,Bengaluru,18-24,Android,Push Notification
8987,2026-06-18,Hyderabad,35-44,Android,Push Notification
8988,2026-01-08,Delhi,45+,Android,Organic
8989,2026-03-06,Pune,35-44,Android,Google Ads
8990,2026-06-18,Visakhapatnam,18-24,Android,Organic
8991,2026-03-07,Chennai,35-44,Android,Push Notification
8992,2026-01-17,Visakhapatnam,25-34,Android,YouTube
8993,2026-02-15,Visakhapatnam,18-24,iOS,Google Ads
8994,2026-05-10,Mumbai,18-24,Android,Push Notification
8995,2026-02-16,Hyderabad,35-44,Android,Referral
8996,2026-04-11,Pune,18-24,Android,Google Ads
8997,2026-04-17,Pune,45+,Android,Organic
8998,2026-03-25,Delhi,18-24,Android,Google Ads
8999,2026-02-04,Bengaluru,18-24,Android,YouTube
9000,2026-03-17,Visakhapatnam,18-24,Android,Push Notification
9001,2026-02-13,Bengaluru,18-24,iOS,Google Ads
9002,2026-05-05,Bengaluru,45+,iOS,Google Ads
9003,2026-05-24,Visakhapatnam,35-44,Android,Push Notification
9004,2026-03-01,Chennai,45+,Android,Google Ads
9005,2026-06-02,Pune,35-44,Android,Push Notification
9006,2026-05-24,Delhi,35-44,iOS,Organic
9007,2026-02-18,Visakhapatnam,18-24,Android,Push Notification
9008,2026-03-07,Delhi,18-24,Android,Referral
9009,2026-06-17,Visakhapatnam,25-34,Android,Organic
9010,2026-05-12,Bengaluru,18-24,Android,Organic
9011,2026-03-11,Mumbai,45+,Android,Instagram
9012,2026-05-30,Hyderabad,35-44,Android,Google Ads
9013,2026-02-24,Chennai,45+,Android,Organic
9014,2026-06-07,Hyderabad,45+,Android,Instagram
9015,2026-05-01,Pune,25-34,Android,Push Notification
9016,2026-01-19,Chennai,18-24,Android,Instagram
9017,2026-01-03,Hyderabad,25-34,iOS,Instagram
9018,2026-04-11,Pune,35-44,iOS,YouTube
9019,2026-04-12,Bengaluru,45+,iOS,Referral
9020,2026-03-17,Delhi,35-44,Android,Referral
9021,2026-04-07,Hyderabad,45+,Android,Referral
9022,2026-04-07,Mumbai,18-24,iOS,Referral
9023,2026-03-09,Hyderabad,25-34,Android,Organic
9024,2026-05-20,Hyderabad,25-34,Android,YouTube
9025,2026-02-23,Pune,25-34,Android,Google Ads
9026,2026-05-17,Mumbai,35-44,Android,Google Ads
9027,2026-05-29,Visakhapatnam,35-44,Android,Organic
9028,2026-02-05,Chennai,35-44,Android,Referral
9029,2026-04-06,Visakhapatnam,45+,Android,Instagram
9030,2026-05-24,Hyderabad,25-34,Android,Organic
9031,2026-04-20,Visakhapatnam,45+,Android,Organic
9032,2026-04-28,Bengaluru,25-34,Android,Push Notification
9033,2026-05-22,Hyderabad,25-34,Android,Referral
9034,2026-04-09,Bengaluru,25-34,Android,YouTube
9035,2026-02-28,Delhi,25-34,Android,YouTube
9036,2026-04-02,Visakhapatnam,35-44,Android,Push Notification
9037,2026-04-12,Hyderabad,35-44,Android,YouTube
9038,2026-05-24,Delhi,45+,iOS,Instagram
9039,2026-06-30,Delhi,18-24,Android,Instagram
9040,2026-06-08,Delhi,45+,iOS,Instagram
9041,2026-04-27,Bengaluru,35-44,iOS,Google Ads
9042,2026-06-22,Delhi,45+,iOS,Organic
9043,2026-03-12,Delhi,18-24,Android,Referral
9044,2026-04-28,Pune,18-24,Android,Instagram
9045,2026-04-10,Delhi,35-44,Android,Referral
9046,2026-03-01,Pune,45+,Android,Organic
9047,2026-06-19,Visakhapatnam,35-44,Android,Referral
9048,2026-02-22,Chennai,18-24,iOS,YouTube
9049,2026-01-06,Bengaluru,18-24,iOS,Referral
9050,2026-03-22,Chennai,35-44,iOS,Organic
9051,2026-05-02,Delhi,25-34,iOS,Push Notification
9052,2026-05-09,Mumbai,45+,Android,Organic
9053,2026-06-23,Mumbai,45+,iOS,YouTube
9054,2026-05-31,Hyderabad,45+,Android,Referral
9055,2026-02-16,Visakhapatnam,45+,Android,Organic
9056,2026-01-31,Hyderabad,35-44,Android,Instagram
9057,2026-04-23,Pune,45+,Android,Organic
9058,2026-02-07,Chennai,35-44,iOS,Push Notification
9059,2026-02-10,Pune,18-24,Android,Google Ads
9060,2026-05-31,Delhi,18-24,Android,Referral
9061,2026-05-24,Pune,35-44,iOS,Google Ads
9062,2026-03-08,Pune,18-24,Android,Referral
9063,2026-01-07,Mumbai,35-44,Android,Push Notification
9064,2026-03-31,Mumbai,35-44,iOS,Google Ads
9065,2026-04-30,Mumbai,25-34,Android,Instagram
9066,2026-02-24,Chennai,45+,Android,YouTube
9067,2026-03-24,Bengaluru,45+,iOS,Organic
9068,2026-05-07,Delhi,18-24,Android,YouTube
9069,2026-03-07,Bengaluru,18-24,Android,Instagram
9070,2026-01-01,Hyderabad,18-24,iOS,Instagram
9071,2026-01-10,Delhi,45+,Android,Organic
9072,2026-02-08,Visakhapatnam,18-24,Android,Referral
9073,2026-03-21,Delhi,18-24,Android,YouTube
9074,2026-05-05,Visakhapatnam,45+,Android,Google Ads
9075,2026-02-15,Mumbai,35-44,iOS,Instagram
9076,2026-02-09,Chennai,25-34,iOS,Instagram
9077,2026-05-31,Mumbai,45+,Android,Push Notification
9078,2026-06-03,Visakhapatnam,35-44,Android,Push Notification
9079,2026-06-02,Chennai,25-34,iOS,Referral
9080,2026-06-11,Delhi,35-44,iOS,Referral
9081,2026-04-04,Pune,45+,iOS,Push Notification
9082,2026-06-20,Mumbai,25-34,iOS,Referral
9083,2026-01-18,Hyderabad,35-44,Android,YouTube
9084,2026-06-28,Visakhapatnam,35-44,Android,YouTube
9085,2026-01-15,Delhi,45+,Android,Referral
9086,2026-04-28,Hyderabad,35-44,Android,Referral
9087,2026-01-01,Delhi,18-24,Android,Google Ads
9088,2026-06-29,Hyderabad,35-44,Android,Google Ads
9089,2026-03-31,Chennai,18-24,Android,Organic
9090,2026-02-21,Hyderabad,45+,Android,Referral
9091,2026-04-30,Bengaluru,25-34,Android,Organic
9092,2026-04-23,Hyderabad,25-34,iOS,YouTube
9093,2026-06-30,Mumbai,45+,Android,Referral
9094,2026-02-24,Mumbai,35-44,Android,Instagram
9095,2026-02-15,Mumbai,45+,Android,Push Notification
9096,2026-06-05,Hyderabad,35-44,Android,YouTube
9097,2026-06-11,Hyderabad,45+,iOS,Referral
9098,2026-04-29,Chennai,25-34,iOS,Google Ads
9099,2026-04-23,Hyderabad,25-34,iOS,Instagram
9100,2026-03-05,Hyderabad,45+,Android,Google Ads
9101,2026-05-28,Hyderabad,35-44,Android,Referral
9102,2026-03-11,Chennai,25-34,Android,Organic
9103,2026-03-14,Chennai,45+,iOS,YouTube
9104,2026-02-10,Mumbai,18-24,Android,Referral
9105,2026-06-08,Hyderabad,45+,Android,Organic
9106,2026-03-23,Mumbai,35-44,Android,Google Ads
9107,2026-04-11,Hyderabad,25-34,Android,Push Notification
9108,2026-06-09,Delhi,45+,Android,Google Ads
9109,2026-02-09,Delhi,18-24,iOS,Push Notification
9110,2026-04-21,Chennai,45+,Android,Instagram
9111,2026-03-15,Mumbai,18-24,Android,Push Notification
9112,2026-06-12,Visakhapatnam,35-44,Android,Push Notification
9113,2026-01-30,Mumbai,45+,iOS,Instagram
9114,2026-02-26,Bengaluru,25-34,iOS,YouTube
9115,2026-04-22,Hyderabad,45+,Android,Organic
9116,2026-04-04,Pune,18-24,Android,YouTube
9117,2026-01-09,Bengaluru,45+,Android,Organic
9118,2026-02-27,Chennai,45+,iOS,Push Notification
9119,2026-05-24,Chennai,35-44,Android,Instagram
9120,2026-02-04,Chennai,18-24,Android,Organic
9121,2026-04-23,Hyderabad,35-44,Android,Referral
9122,2026-01-03,Bengaluru,25-34,Android,Instagram
9123,2026-01-10,Pune,45+,Android,Instagram
9124,2026-03-16,Hyderabad,25-34,iOS,Instagram
9125,2026-06-22,Pune,45+,Android,Instagram
9126,2026-05-24,Chennai,25-34,iOS,Google Ads
9127,2026-03-22,Chennai,18-24,Android,Push Notification
9128,2026-02-17,Bengaluru,35-44,Android,Organic
9129,2026-05-04,Delhi,45+,Android,Instagram
9130,2026-01-20,Delhi,25-34,Android,YouTube
9131,2026-03-06,Pune,35-44,Android,Google Ads
9132,2026-04-27,Delhi,25-34,Android,Instagram
9133,2026-03-27,Pune,18-24,Android,YouTube
9134,2026-05-07,Chennai,25-34,Android,Instagram
9135,2026-04-17,Delhi,18-24,Android,Push Notification
9136,2026-04-07,Hyderabad,35-44,Android,Push Notification
9137,2026-04-21,Delhi,35-44,Android,Google Ads
9138,2026-02-02,Delhi,35-44,iOS,Referral
9139,2026-01-11,Mumbai,18-24,iOS,Organic
9140,2026-01-28,Bengaluru,18-24,Android,Push Notification
9141,2026-04-24,Hyderabad,35-44,Android,YouTube
9142,2026-06-03,Mumbai,35-44,Android,Instagram
9143,2026-05-22,Mumbai,18-24,iOS,Referral
9144,2026-05-12,Hyderabad,45+,iOS,YouTube
9145,2026-03-05,Hyderabad,18-24,Android,Organic
9146,2026-03-24,Pune,18-24,Android,Push Notification
9147,2026-05-11,Hyderabad,18-24,Android,Google Ads
9148,2026-02-25,Bengaluru,18-24,Android,Organic
9149,2026-05-22,Delhi,18-24,Android,Organic
9150,2026-03-28,Chennai,25-34,Android,Push Notification
9151,2026-05-13,Mumbai,45+,iOS,YouTube
9152,2026-06-01,Hyderabad,25-34,iOS,Google Ads
9153,2026-01-18,Hyderabad,45+,iOS,YouTube
9154,2026-03-19,Chennai,18-24,iOS,Push Notification
9155,2026-01-20,Visakhapatnam,35-44,iOS,Referral
9156,2026-04-19,Delhi,35-44,Android,Organic
9157,2026-02-08,Mumbai,35-44,Android,Google Ads
9158,2026-04-12,Delhi,25-34,Android,Instagram
9159,2026-06-09,Pune,35-44,Android,Push Notification
9160,2026-03-24,Pune,18-24,iOS,Referral
9161,2026-01-02,Delhi,25-34,Android,Google Ads
9162,2026-01-21,Mumbai,35-44,iOS,Instagram
9163,2026-04-17,Mumbai,35-44,Android,Organic
9164,2026-04-18,Chennai,35-44,Android,YouTube
9165,2026-06-11,Hyderabad,25-34,Android,YouTube
9166,2026-06-09,Bengaluru,18-24,Android,YouTube
9167,2026-05-26,Mumbai,45+,Android,Organic
9168,2026-04-12,Bengaluru,35-44,Android,Referral
9169,2026-02-06,Mumbai,35-44,Android,Google Ads
9170,2026-02-02,Delhi,25-34,Android,Google Ads
9171,2026-03-11,Mumbai,45+,Android,Organic
9172,2026-02-17,Chennai,18-24,iOS,Push Notification
9173,2026-05-26,Bengaluru,35-44,Android,Instagram
9174,2026-05-20,Chennai,18-24,Android,Organic
9175,2026-06-26,Bengaluru,25-34,Android,Instagram
9176,2026-01-10,Pune,25-34,Android,Push Notification
9177,2026-03-13,Delhi,25-34,Android,Referral
9178,2026-05-12,Pune,35-44,Android,YouTube
9179,2026-02-01,Pune,25-34,Android,YouTube
9180,2026-04-09,Bengaluru,45+,Android,Google Ads
9181,2026-04-05,Mumbai,45+,iOS,Referral
9182,2026-04-22,Mumbai,25-34,Android,Referral
9183,2026-05-18,Visakhapatnam,18-24,iOS,Referral
9184,2026-03-29,Visakhapatnam,35-44,Android,Google Ads
9185,2026-06-06,Mumbai,35-44,iOS,Push Notification
9186,2026-05-01,Delhi,18-24,Android,Google Ads
9187,2026-05-12,Hyderabad,18-24,iOS,Referral
9188,2026-01-21,Mumbai,18-24,Android,YouTube
9189,2026-03-17,Bengaluru,18-24,Android,Referral
9190,2026-06-19,Delhi,35-44,Android,Google Ads
9191,2026-04-04,Mumbai,25-34,Android,Push Notification
9192,2026-03-14,Mumbai,25-34,Android,Organic
9193,2026-02-25,Visakhapatnam,25-34,iOS,Organic
9194,2026-05-16,Chennai,45+,iOS,YouTube
9195,2026-06-13,Hyderabad,45+,Android,Referral
9196,2026-03-07,Chennai,45+,Android,Google Ads
9197,2026-01-14,Mumbai,18-24,Android,Organic
9198,2026-03-17,Hyderabad,25-34,Android,Google Ads
9199,2026-04-30,Delhi,25-34,Android,Organic
9200,2026-06-14,Pune,45+,Android,Referral
9201,2026-06-08,Delhi,35-44,Android,Google Ads
9202,2026-03-14,Visakhapatnam,25-34,Android,YouTube
9203,2026-02-27,Pune,25-34,Android,Google Ads
9204,2026-04-03,Delhi,45+,Android,Google Ads
9205,2026-04-27,Chennai,35-44,Android,Push Notification
9206,2026-03-28,Hyderabad,25-34,iOS,Push Notification
9207,2026-05-14,Pune,35-44,Android,Organic
9208,2026-03-14,Pune,35-44,Android,Organic
9209,2026-02-28,Mumbai,45+,Android,Google Ads
9210,2026-05-30,Delhi,45+,iOS,YouTube
9211,2026-05-06,Pune,35-44,Android,Organic
9212,2026-06-20,Bengaluru,45+,Android,Push Notification
9213,2026-06-10,Mumbai,25-34,Android,YouTube
9214,2026-06-02,Bengaluru,45+,iOS,Organic
9215,2026-04-09,Pune,25-34,Android,Google Ads
9216,2026-05-15,Bengaluru,25-34,Android,Push Notification
9217,2026-01-14,Visakhapatnam,35-44,Android,Organic
9218,2026-04-18,Mumbai,45+,Android,Instagram
9219,2026-04-16,Mumbai,45+,Android,YouTube
9220,2026-06-20,Delhi,18-24,Android,YouTube
9221,2026-05-13,Delhi,45+,Android,Referral
9222,2026-01-21,Delhi,25-34,iOS,Instagram
9223,2026-06-08,Mumbai,35-44,iOS,Instagram
9224,2026-05-30,Visakhapatnam,18-24,Android,YouTube
9225,2026-03-27,Mumbai,45+,Android,Push Notification
9226,2026-03-27,Mumbai,18-24,Android,Instagram
9227,2026-04-28,Visakhapatnam,45+,Android,Referral
9228,2026-02-05,Chennai,25-34,Android,YouTube
9229,2026-04-08,Delhi,35-44,Android,YouTube
9230,2026-06-09,Chennai,45+,Android,Push Notification
9231,2026-05-03,Pune,25-34,iOS,Google Ads
9232,2026-01-06,Hyderabad,18-24,Android,Organic
9233,2026-01-25,Mumbai,35-44,Android,Referral
9234,2026-06-20,Chennai,18-24,Android,Instagram
9235,2026-01-22,Bengaluru,45+,Android,Instagram
9236,2026-01-28,Bengaluru,18-24,Android,Referral
9237,2026-04-24,Hyderabad,18-24,Android,Organic
9238,2026-01-01,Mumbai,35-44,Android,Instagram
9239,2026-05-12,Mumbai,45+,iOS,Instagram
9240,2026-02-10,Mumbai,25-34,Android,Push Notification
9241,2026-06-14,Bengaluru,45+,Android,Push Notification
9242,2026-06-18,Visakhapatnam,35-44,iOS,Google Ads
9243,2026-01-12,Bengaluru,18-24,Android,YouTube
9244,2026-04-29,Visakhapatnam,35-44,Android,Push Notification
9245,2026-02-25,Delhi,35-44,Android,Google Ads
9246,2026-03-25,Visakhapatnam,45+,Android,Push Notification
9247,2026-04-25,Mumbai,45+,Android,Google Ads
9248,2026-03-06,Mumbai,25-34,Android,Instagram
9249,2026-05-17,Delhi,45+,Android,Google Ads
9250,2026-06-20,Hyderabad,18-24,Android,Push Notification
9251,2026-06-01,Chennai,18-24,Android,Referral
9252,2026-05-03,Hyderabad,25-34,iOS,Organic
9253,2026-04-16,Hyderabad,18-24,Android,Instagram
9254,2026-04-11,Chennai,45+,Android,Referral
9255,2026-06-21,Bengaluru,45+,Android,Push Notification
9256,2026-01-24,Chennai,18-24,iOS,Google Ads
9257,2026-03-16,Delhi,25-34,Android,Referral
9258,2026-05-09,Mumbai,25-34,iOS,Push Notification
9259,2026-01-13,Visakhapatnam,25-34,Android,Google Ads
9260,2026-04-10,Delhi,35-44,iOS,Instagram
9261,2026-03-25,Pune,45+,iOS,Referral
9262,2026-05-06,Visakhapatnam,35-44,iOS,Referral
9263,2026-05-24,Delhi,18-24,iOS,Push Notification
9264,2026-05-08,Visakhapatnam,25-34,Android,Instagram
9265,2026-04-29,Delhi,45+,Android,Push Notification
9266,2026-04-17,Mumbai,18-24,Android,Referral
9267,2026-01-23,Bengaluru,25-34,Android,Push Notification
9268,2026-03-02,Hyderabad,45+,Android,Referral
9269,2026-03-27,Chennai,35-44,Android,YouTube
9270,2026-01-10,Pune,35-44,Android,YouTube
9271,2026-03-28,Chennai,45+,Android,Organic
9272,2026-01-16,Mumbai,45+,Android,Google Ads
9273,2026-01-31,Delhi,18-24,Android,Organic
9274,2026-04-10,Bengaluru,18-24,Android,Referral
9275,2026-06-15,Hyderabad,35-44,iOS,YouTube
9276,2026-01-28,Hyderabad,25-34,iOS,Instagram
9277,2026-02-20,Delhi,45+,iOS,Push Notification
9278,2026-06-11,Visakhapatnam,45+,Android,Google Ads
9279,2026-05-04,Mumbai,25-34,iOS,YouTube
9280,2026-03-23,Pune,45+,Android,Referral
9281,2026-06-28,Hyderabad,35-44,Android,YouTube
9282,2026-06-01,Pune,18-24,Android,Google Ads
9283,2026-06-27,Pune,45+,Android,YouTube
9284,2026-01-25,Bengaluru,35-44,iOS,Google Ads
9285,2026-05-03,Hyderabad,18-24,Android,YouTube
9286,2026-03-05,Visakhapatnam,18-24,Android,Google Ads
9287,2026-04-11,Pune,25-34,Android,Instagram
9288,2026-04-18,Hyderabad,25-34,Android,Referral
9289,2026-05-20,Delhi,35-44,Android,Referral
9290,2026-05-04,Hyderabad,25-34,iOS,Organic
9291,2026-05-15,Bengaluru,25-34,iOS,Push Notification
9292,2026-04-06,Hyderabad,35-44,iOS,Organic
9293,2026-05-02,Chennai,35-44,Android,YouTube
9294,2026-02-10,Visakhapatnam,25-34,Android,Instagram
9295,2026-02-03,Mumbai,35-44,Android,Push Notification
9296,2026-01-07,Delhi,45+,Android,Push Notification
9297,2026-02-08,Delhi,25-34,Android,Push Notification
9298,2026-02-15,Pune,25-34,iOS,Instagram
9299,2026-02-06,Pune,45+,Android,Referral
9300,2026-01-27,Bengaluru,25-34,Android,YouTube
9301,2026-06-16,Chennai,35-44,Android,Google Ads
9302,2026-04-16,Pune,35-44,iOS,Referral
9303,2026-03-10,Chennai,35-44,Android,Instagram
9304,2026-01-09,Chennai,25-34,iOS,Google Ads
9305,2026-01-27,Delhi,18-24,iOS,Organic
9306,2026-05-21,Bengaluru,18-24,Android,Organic
9307,2026-05-19,Chennai,35-44,Android,Instagram
9308,2026-03-31,Delhi,18-24,iOS,Instagram
9309,2026-05-19,Hyderabad,18-24,Android,Organic
9310,2026-01-28,Hyderabad,45+,Android,Referral
9311,2026-03-08,Bengaluru,45+,Android,YouTube
9312,2026-02-24,Chennai,45+,Android,Referral
9313,2026-06-12,Bengaluru,45+,iOS,Google Ads
9314,2026-02-26,Visakhapatnam,35-44,iOS,Referral
9315,2026-03-12,Mumbai,45+,iOS,Google Ads
9316,2026-05-03,Pune,25-34,Android,Push Notification
9317,2026-04-21,Visakhapatnam,18-24,Android,Organic
9318,2026-03-30,Hyderabad,25-34,Android,Instagram
9319,2026-02-22,Pune,45+,Android,Instagram
9320,2026-01-13,Bengaluru,25-34,Android,Instagram
9321,2026-01-03,Bengaluru,18-24,Android,Google Ads
9322,2026-04-17,Hyderabad,45+,iOS,Push Notification
9323,2026-05-25,Chennai,25-34,Android,Instagram
9324,2026-04-01,Pune,45+,Android,Referral
9325,2026-04-07,Hyderabad,35-44,Android,YouTube
9326,2026-05-23,Hyderabad,45+,iOS,Referral
9327,2026-03-01,Chennai,45+,Android,YouTube
9328,2026-04-23,Mumbai,35-44,Android,Instagram
9329,2026-05-10,Mumbai,35-44,iOS,Instagram
9330,2026-04-26,Hyderabad,25-34,Android,Push Notification
9331,2026-06-06,Pune,35-44,iOS,Instagram
9332,2026-06-03,Chennai,18-24,iOS,Google Ads
9333,2026-05-25,Bengaluru,25-34,Android,Instagram
9334,2026-05-03,Chennai,45+,Android,Referral
9335,2026-06-13,Visakhapatnam,18-24,Android,YouTube
9336,2026-03-12,Pune,45+,Android,Referral
9337,2026-01-19,Delhi,18-24,iOS,YouTube
9338,2026-05-13,Chennai,35-44,Android,YouTube
9339,2026-06-21,Pune,25-34,Android,Google Ads
9340,2026-06-02,Hyderabad,18-24,iOS,Instagram
9341,2026-05-31,Hyderabad,35-44,Android,Push Notification
9342,2026-01-30,Chennai,25-34,Android,YouTube
9343,2026-04-04,Bengaluru,18-24,Android,YouTube
9344,2026-01-18,Pune,25-34,Android,Google Ads
9345,2026-03-16,Chennai,25-34,iOS,Push Notification
9346,2026-05-01,Hyderabad,25-34,Android,Google Ads
9347,2026-03-05,Hyderabad,45+,Android,Google Ads
9348,2026-04-06,Delhi,25-34,iOS,Instagram
9349,2026-06-06,Chennai,35-44,iOS,YouTube
9350,2026-06-21,Pune,18-24,Android,Google Ads
9351,2026-05-09,Visakhapatnam,18-24,Android,Organic
9352,2026-05-15,Chennai,45+,iOS,Instagram
9353,2026-06-12,Chennai,25-34,iOS,Referral
9354,2026-02-18,Chennai,45+,Android,YouTube
9355,2026-05-01,Chennai,25-34,Android,YouTube
9356,2026-03-05,Delhi,45+,iOS,Referral
9357,2026-01-07,Pune,45+,Android,Referral
9358,2026-05-09,Delhi,35-44,iOS,Organic
9359,2026-01-15,Mumbai,35-44,Android,Instagram
9360,2026-06-19,Hyderabad,45+,iOS,YouTube
9361,2026-04-13,Visakhapatnam,18-24,Android,Organic
9362,2026-04-24,Pune,25-34,iOS,Push Notification
9363,2026-02-07,Chennai,35-44,Android,YouTube
9364,2026-02-10,Bengaluru,35-44,Android,Organic
9365,2026-03-27,Pune,35-44,Android,Push Notification
9366,2026-03-31,Chennai,45+,Android,Referral
9367,2026-04-24,Bengaluru,25-34,Android,Push Notification
9368,2026-04-24,Visakhapatnam,35-44,iOS,Instagram
9369,2026-05-22,Hyderabad,45+,Android,YouTube
9370,2026-06-21,Pune,35-44,Android,Instagram
9371,2026-03-22,Delhi,25-34,Android,Organic
9372,2026-04-04,Visakhapatnam,45+,Android,Push Notification
9373,2026-05-03,Visakhapatnam,45+,Android,YouTube
9374,2026-04-05,Hyderabad,45+,iOS,Organic
9375,2026-03-31,Hyderabad,25-34,iOS,Referral
9376,2026-06-05,Chennai,45+,Android,Google Ads
9377,2026-05-17,Hyderabad,35-44,Android,Google Ads
9378,2026-05-22,Chennai,18-24,iOS,Google Ads
9379,2026-05-04,Delhi,35-44,Android,YouTube
9380,2026-05-23,Delhi,25-34,Android,Push Notification
9381,2026-05-27,Visakhapatnam,35-44,Android,Referral
9382,2026-01-27,Chennai,25-34,Android,Referral
9383,2026-06-26,Visakhapatnam,18-24,iOS,YouTube
9384,2026-04-06,Pune,25-34,Android,YouTube
9385,2026-03-08,Mumbai,25-34,iOS,Referral
9386,2026-05-13,Hyderabad,45+,Android,Google Ads
9387,2026-05-18,Chennai,45+,Android,Referral
9388,2026-01-12,Chennai,45+,Android,Instagram
9389,2026-05-25,Bengaluru,45+,iOS,Push Notification
9390,2026-03-25,Bengaluru,18-24,iOS,Instagram
9391,2026-06-13,Mumbai,45+,Android,Push Notification
9392,2026-02-03,Bengaluru,18-24,Android,Google Ads
9393,2026-03-26,Mumbai,18-24,Android,YouTube
9394,2026-03-23,Delhi,35-44,Android,Google Ads
9395,2026-02-24,Bengaluru,45+,Android,Instagram
9396,2026-05-01,Mumbai,25-34,Android,Organic
9397,2026-02-09,Bengaluru,18-24,Android,Instagram
9398,2026-01-22,Bengaluru,18-24,iOS,Push Notification
9399,2026-03-19,Pune,25-34,Android,Referral
9400,2026-01-04,Pune,18-24,Android,Push Notification
9401,2026-01-30,Hyderabad,35-44,Android,Push Notification
9402,2026-04-08,Chennai,18-24,Android,Instagram
9403,2026-01-05,Mumbai,35-44,Android,Push Notification
9404,2026-04-02,Hyderabad,18-24,Android,Instagram
9405,2026-03-27,Pune,35-44,Android,Push Notification
9406,2026-05-22,Pune,25-34,Android,Referral
9407,2026-01-06,Chennai,18-24,iOS,Referral
9408,2026-03-21,Pune,35-44,Android,Instagram
9409,2026-04-22,Mumbai,35-44,iOS,Push Notification
9410,2026-05-10,Hyderabad,25-34,iOS,Referral
9411,2026-02-24,Pune,25-34,Android,Referral
9412,2026-02-05,Delhi,25-34,Android,Instagram
9413,2026-05-11,Mumbai,18-24,Android,YouTube
9414,2026-02-26,Visakhapatnam,35-44,Android,Instagram
9415,2026-06-14,Mumbai,25-34,Android,Push Notification
9416,2026-06-12,Delhi,45+,Android,Google Ads
9417,2026-06-21,Pune,18-24,iOS,Push Notification
9418,2026-01-09,Bengaluru,35-44,Android,Push Notification
9419,2026-05-21,Hyderabad,35-44,iOS,Push Notification
9420,2026-05-21,Delhi,45+,Android,Google Ads
9421,2026-03-22,Hyderabad,35-44,Android,YouTube
9422,2026-04-07,Hyderabad,45+,Android,YouTube
9423,2026-05-09,Chennai,25-34,Android,Organic
9424,2026-06-01,Pune,18-24,iOS,Referral
9425,2026-05-17,Pune,18-24,Android,Organic
9426,2026-02-28,Delhi,35-44,Android,Organic
9427,2026-06-23,Visakhapatnam,18-24,Android,Organic
9428,2026-04-08,Bengaluru,35-44,Android,Referral
9429,2026-04-09,Visakhapatnam,35-44,Android,Organic
9430,2026-02-09,Delhi,35-44,Android,Organic
9431,2026-02-02,Chennai,45+,Android,Referral
9432,2026-04-12,Visakhapatnam,25-34,iOS,YouTube
9433,2026-04-01,Chennai,35-44,Android,Instagram
9434,2026-01-10,Pune,18-24,Android,Push Notification
9435,2026-05-10,Pune,45+,Android,Google Ads
9436,2026-06-16,Visakhapatnam,18-24,iOS,Referral
9437,2026-01-25,Chennai,18-24,iOS,Google Ads
9438,2026-04-08,Delhi,18-24,Android,Instagram
9439,2026-04-25,Hyderabad,45+,Android,Instagram
9440,2026-03-09,Delhi,18-24,Android,Referral
9441,2026-03-08,Bengaluru,35-44,Android,YouTube
9442,2026-06-12,Visakhapatnam,45+,iOS,Instagram
9443,2026-04-05,Bengaluru,18-24,Android,YouTube
9444,2026-01-30,Delhi,25-34,iOS,Referral
9445,2026-05-23,Hyderabad,35-44,Android,Referral
9446,2026-04-20,Visakhapatnam,18-24,Android,YouTube
9447,2026-02-19,Chennai,25-34,Android,Instagram
9448,2026-02-12,Bengaluru,25-34,iOS,Push Notification
9449,2026-04-17,Hyderabad,45+,Android,Push Notification
9450,2026-01-31,Bengaluru,45+,Android,Instagram
9451,2026-01-01,Delhi,25-34,Android,Organic
9452,2026-02-18,Bengaluru,25-34,Android,Instagram
9453,2026-04-01,Bengaluru,45+,Android,Google Ads
9454,2026-02-06,Delhi,45+,iOS,Organic
9455,2026-02-23,Pune,35-44,iOS,Push Notification
9456,2026-04-03,Bengaluru,18-24,iOS,YouTube
9457,2026-06-20,Bengaluru,35-44,iOS,Push Notification
9458,2026-04-03,Delhi,25-34,iOS,Instagram
9459,2026-01-02,Bengaluru,45+,iOS,YouTube
9460,2026-06-13,Hyderabad,35-44,Android,YouTube
9461,2026-02-14,Mumbai,18-24,Android,Referral
9462,2026-01-19,Visakhapatnam,45+,Android,Instagram
9463,2026-01-09,Mumbai,25-34,Android,Google Ads
9464,2026-05-06,Pune,18-24,iOS,Google Ads
9465,2026-02-08,Chennai,45+,Android,Google Ads
9466,2026-03-04,Visakhapatnam,45+,Android,Referral
9467,2026-04-20,Chennai,35-44,Android,YouTube
9468,2026-03-27,Pune,18-24,Android,Instagram
9469,2026-04-09,Pune,45+,Android,Referral
9470,2026-03-17,Pune,25-34,iOS,Instagram
9471,2026-03-10,Pune,25-34,iOS,Google Ads
9472,2026-04-17,Chennai,35-44,Android,Referral
9473,2026-02-10,Delhi,45+,Android,Instagram
9474,2026-06-04,Hyderabad,35-44,Android,Push Notification
9475,2026-04-19,Chennai,25-34,iOS,Organic
9476,2026-02-18,Hyderabad,45+,Android,Push Notification
9477,2026-02-22,Delhi,18-24,Android,YouTube
9478,2026-01-04,Bengaluru,25-34,Android,Google Ads
9479,2026-05-22,Mumbai,25-34,Android,Organic
9480,2026-06-17,Bengaluru,18-24,Android,Organic
9481,2026-04-12,Chennai,35-44,Android,Organic
9482,2026-02-10,Visakhapatnam,45+,Android,Organic
9483,2026-01-31,Delhi,25-34,Android,Push Notification
9484,2026-06-07,Mumbai,35-44,iOS,Organic
9485,2026-01-29,Bengaluru,35-44,iOS,Push Notification
9486,2026-03-03,Pune,45+,Android,Organic
9487,2026-04-03,Chennai,25-34,Android,Organic
9488,2026-03-23,Pune,18-24,Android,Referral
9489,2026-04-20,Hyderabad,45+,iOS,Google Ads
9490,2026-04-08,Bengaluru,18-24,Android,Organic
9491,2026-02-06,Chennai,25-34,iOS,Instagram
9492,2026-05-07,Pune,25-34,Android,Instagram
9493,2026-01-27,Mumbai,25-34,iOS,Referral
9494,2026-06-14,Hyderabad,25-34,Android,Referral
9495,2026-02-02,Hyderabad,18-24,Android,Organic
9496,2026-01-20,Bengaluru,45+,iOS,YouTube
9497,2026-05-08,Mumbai,18-24,Android,Push Notification
9498,2026-06-07,Pune,18-24,Android,YouTube
9499,2026-05-03,Mumbai,35-44,Android,Referral
9500,2026-05-16,Chennai,45+,iOS,Organic
9501,2026-05-17,Visakhapatnam,45+,Android,Referral
9502,2026-05-23,Delhi,25-34,Android,Organic
9503,2026-04-24,Visakhapatnam,45+,iOS,Organic
9504,2026-05-15,Mumbai,45+,Android,Instagram
9505,2026-02-20,Pune,18-24,Android,Organic
9506,2026-06-04,Visakhapatnam,18-24,iOS,Instagram
9507,2026-06-20,Chennai,25-34,Android,Organic
9508,2026-05-04,Hyderabad,25-34,iOS,Instagram
9509,2026-05-07,Bengaluru,35-44,iOS,Referral
9510,2026-06-09,Pune,25-34,Android,Google Ads
9511,2026-04-29,Visakhapatnam,18-24,iOS,Google Ads
9512,2026-02-09,Pune,25-34,Android,YouTube
9513,2026-04-27,Mumbai,25-34,iOS,Instagram
9514,2026-03-07,Hyderabad,18-24,Android,Push Notification
9515,2026-06-23,Visakhapatnam,35-44,Android,Instagram
9516,2026-03-16,Visakhapatnam,18-24,Android,Referral
9517,2026-03-21,Bengaluru,35-44,Android,Organic
9518,2026-01-15,Chennai,25-34,iOS,Instagram
9519,2026-04-20,Visakhapatnam,45+,Android,YouTube
9520,2026-05-14,Visakhapatnam,45+,iOS,Instagram
9521,2026-06-13,Mumbai,35-44,Android,Instagram
9522,2026-03-28,Pune,25-34,Android,Instagram
9523,2026-01-10,Hyderabad,45+,iOS,Organic
9524,2026-06-07,Pune,18-24,iOS,Organic
9525,2026-04-24,Delhi,25-34,Android,Organic
9526,2026-02-28,Delhi,35-44,iOS,Push Notification
9527,2026-05-09,Hyderabad,35-44,Android,Google Ads
9528,2026-01-29,Delhi,35-44,Android,YouTube
9529,2026-04-18,Bengaluru,18-24,Android,Organic
9530,2026-03-21,Chennai,18-24,Android,YouTube
9531,2026-06-23,Visakhapatnam,25-34,Android,Organic
9532,2026-04-22,Visakhapatnam,25-34,iOS,Referral
9533,2026-01-14,Mumbai,25-34,Android,Referral
9534,2026-03-12,Visakhapatnam,45+,Android,Google Ads
9535,2026-03-01,Hyderabad,45+,Android,Organic
9536,2026-05-21,Visakhapatnam,25-34,Android,Organic
9537,2026-05-02,Hyderabad,45+,Android,YouTube
9538,2026-03-17,Bengaluru,45+,iOS,Instagram
9539,2026-01-12,Bengaluru,18-24,Android,Push Notification
9540,2026-05-27,Bengaluru,18-24,Android,YouTube
9541,2026-01-03,Hyderabad,35-44,Android,Referral
9542,2026-03-01,Mumbai,35-44,Android,Referral
9543,2026-02-27,Bengaluru,35-44,Android,Referral
9544,2026-03-03,Bengaluru,25-34,Android,Google Ads
9545,2026-06-16,Hyderabad,25-34,iOS,YouTube
9546,2026-04-07,Chennai,18-24,Android,Referral
9547,2026-03-25,Mumbai,45+,Android,Instagram
9548,2026-05-29,Visakhapatnam,25-34,Android,Referral
9549,2026-04-23,Chennai,35-44,Android,Instagram
9550,2026-05-29,Hyderabad,35-44,Android,Referral
9551,2026-03-28,Visakhapatnam,25-34,Android,Referral
9552,2026-06-24,Pune,45+,Android,Push Notification
9553,2026-03-31,Visakhapatnam,45+,iOS,Instagram
9554,2026-05-15,Chennai,18-24,Android,Push Notification
9555,2026-05-22,Delhi,25-34,Android,Organic
9556,2026-03-23,Delhi,18-24,Android,Instagram
9557,2026-02-11,Mumbai,35-44,Android,Instagram
9558,2026-06-29,Delhi,35-44,iOS,Instagram
9559,2026-04-17,Chennai,25-34,Android,Push Notification
9560,2026-02-22,Chennai,18-24,iOS,Referral
9561,2026-03-09,Hyderabad,18-24,Android,Referral
9562,2026-06-02,Bengaluru,35-44,iOS,Instagram
9563,2026-06-17,Hyderabad,35-44,Android,Organic
9564,2026-02-19,Bengaluru,18-24,iOS,Push Notification
9565,2026-01-24,Chennai,45+,iOS,Organic
9566,2026-04-29,Hyderabad,45+,Android,Push Notification
9567,2026-01-10,Hyderabad,18-24,Android,Referral
9568,2026-02-24,Pune,25-34,iOS,Push Notification
9569,2026-05-14,Mumbai,18-24,Android,Organic
9570,2026-03-04,Bengaluru,45+,Android,Instagram
9571,2026-04-19,Bengaluru,18-24,Android,YouTube
9572,2026-01-17,Mumbai,35-44,Android,Google Ads
9573,2026-04-13,Mumbai,18-24,iOS,Referral
9574,2026-05-22,Delhi,25-34,iOS,Organic
9575,2026-02-01,Chennai,35-44,Android,Push Notification
9576,2026-02-14,Bengaluru,18-24,iOS,Instagram
9577,2026-05-02,Bengaluru,35-44,Android,Referral
9578,2026-02-06,Bengaluru,25-34,Android,Organic
9579,2026-06-14,Chennai,35-44,Android,Organic
9580,2026-01-21,Chennai,35-44,Android,Google Ads
9581,2026-05-13,Delhi,35-44,Android,Push Notification
9582,2026-03-28,Pune,25-34,Android,Push Notification
9583,2026-04-19,Chennai,35-44,Android,Referral
9584,2026-03-15,Chennai,35-44,Android,Google Ads
9585,2026-01-26,Chennai,35-44,Android,Instagram
9586,2026-01-03,Chennai,18-24,iOS,Push Notification
9587,2026-03-15,Hyderabad,18-24,Android,Google Ads
9588,2026-05-02,Mumbai,18-24,iOS,Push Notification
9589,2026-06-22,Bengaluru,45+,iOS,Google Ads
9590,2026-06-11,Hyderabad,18-24,iOS,YouTube
9591,2026-06-03,Delhi,18-24,Android,YouTube
9592,2026-04-20,Pune,35-44,Android,Referral
9593,2026-01-14,Hyderabad,25-34,iOS,Instagram
9594,2026-01-28,Mumbai,35-44,Android,Instagram
9595,2026-06-13,Bengaluru,45+,Android,Referral
9596,2026-03-03,Visakhapatnam,35-44,iOS,Instagram
9597,2026-06-17,Delhi,45+,Android,YouTube
9598,2026-05-03,Hyderabad,18-24,Android,YouTube
9599,2026-04-03,Visakhapatnam,35-44,iOS,Organic
9600,2026-06-20,Delhi,45+,iOS,Instagram
9601,2026-01-13,Bengaluru,18-24,iOS,Google Ads
9602,2026-05-02,Hyderabad,18-24,iOS,Organic
9603,2026-05-13,Bengaluru,45+,Android,Push Notification
9604,2026-04-25,Bengaluru,18-24,iOS,Instagram
9605,2026-02-13,Pune,18-24,Android,Push Notification
9606,2026-04-01,Hyderabad,35-44,Android,YouTube
9607,2026-02-09,Pune,18-24,Android,Referral
9608,2026-02-09,Chennai,45+,Android,Referral
9609,2026-02-22,Mumbai,25-34,Android,Referral
9610,2026-06-12,Hyderabad,18-24,Android,Instagram
9611,2026-01-10,Delhi,45+,Android,Referral
9612,2026-05-12,Mumbai,18-24,Android,YouTube
9613,2026-06-17,Hyderabad,45+,Android,Google Ads
9614,2026-01-23,Delhi,18-24,Android,Push Notification
9615,2026-01-31,Chennai,35-44,Android,YouTube
9616,2026-02-08,Delhi,25-34,Android,Organic
9617,2026-02-17,Bengaluru,45+,Android,Google Ads
9618,2026-03-30,Hyderabad,25-34,Android,Instagram
9619,2026-04-20,Hyderabad,45+,Android,Referral
9620,2026-06-29,Hyderabad,35-44,Android,Instagram
9621,2026-02-14,Chennai,45+,Android,Google Ads
9622,2026-03-22,Mumbai,45+,Android,Referral
9623,2026-03-07,Visakhapatnam,18-24,Android,Instagram
9624,2026-02-08,Hyderabad,35-44,Android,Referral
9625,2026-06-02,Visakhapatnam,45+,Android,Instagram
9626,2026-06-16,Pune,45+,Android,Push Notification
9627,2026-06-07,Bengaluru,25-34,Android,Push Notification
9628,2026-03-26,Pune,25-34,Android,Instagram
9629,2026-02-27,Delhi,18-24,iOS,YouTube
9630,2026-04-04,Bengaluru,45+,Android,Push Notification
9631,2026-06-05,Visakhapatnam,45+,Android,Google Ads
9632,2026-05-06,Visakhapatnam,45+,Android,Referral
9633,2026-02-08,Visakhapatnam,18-24,Android,Push Notification
9634,2026-01-19,Visakhapatnam,25-34,Android,Instagram
9635,2026-01-27,Hyderabad,18-24,Android,Google Ads
9636,2026-01-13,Hyderabad,18-24,Android,Google Ads
9637,2026-04-06,Delhi,18-24,Android,Instagram
9638,2026-04-14,Pune,35-44,iOS,Instagram
9639,2026-01-27,Visakhapatnam,25-34,Android,Push Notification
9640,2026-02-02,Visakhapatnam,25-34,iOS,Organic
9641,2026-05-23,Chennai,25-34,Android,Instagram
9642,2026-06-30,Delhi,45+,Android,Push Notification
9643,2026-05-28,Bengaluru,25-34,Android,Organic
9644,2026-03-05,Chennai,18-24,iOS,Instagram
9645,2026-05-24,Chennai,25-34,Android,Google Ads
9646,2026-02-01,Visakhapatnam,18-24,Android,Push Notification
9647,2026-05-22,Visakhapatnam,25-34,Android,Organic
9648,2026-05-13,Hyderabad,25-34,Android,Instagram
9649,2026-01-28,Pune,25-34,Android,Referral
9650,2026-05-20,Bengaluru,35-44,iOS,YouTube
9651,2026-05-24,Delhi,25-34,Android,Google Ads
9652,2026-04-24,Mumbai,35-44,iOS,Referral
9653,2026-03-01,Pune,18-24,Android,Google Ads
9654,2026-04-25,Hyderabad,35-44,Android,Referral
9655,2026-02-13,Bengaluru,35-44,Android,Organic
9656,2026-04-23,Delhi,45+,iOS,Organic
9657,2026-01-04,Bengaluru,25-34,iOS,Instagram
9658,2026-06-16,Pune,25-34,iOS,Instagram
9659,2026-05-22,Mumbai,18-24,Android,YouTube
9660,2026-01-08,Mumbai,25-34,Android,Push Notification
9661,2026-03-01,Pune,35-44,Android,Google Ads
9662,2026-05-17,Bengaluru,45+,Android,YouTube
9663,2026-02-12,Bengaluru,45+,iOS,Google Ads
9664,2026-04-29,Hyderabad,35-44,Android,Instagram
9665,2026-01-26,Bengaluru,25-34,Android,Organic
9666,2026-04-25,Delhi,18-24,Android,Referral
9667,2026-06-24,Chennai,18-24,Android,Push Notification
9668,2026-06-28,Chennai,25-34,iOS,Google Ads
9669,2026-01-24,Hyderabad,18-24,iOS,Push Notification
9670,2026-01-24,Hyderabad,35-44,Android,Google Ads
9671,2026-01-07,Pune,25-34,Android,Push Notification
9672,2026-01-30,Delhi,25-34,Android,Organic
9673,2026-02-28,Chennai,45+,Android,Referral
9674,2026-01-03,Delhi,25-34,Android,Push Notification
9675,2026-06-16,Visakhapatnam,18-24,Android,YouTube
9676,2026-05-29,Visakhapatnam,18-24,iOS,Instagram
9677,2026-04-05,Pune,25-34,Android,Google Ads
9678,2026-01-25,Chennai,25-34,iOS,Referral
9679,2026-06-27,Bengaluru,25-34,Android,YouTube
9680,2026-03-11,Chennai,25-34,Android,Instagram
9681,2026-01-16,Delhi,45+,iOS,Google Ads
9682,2026-05-28,Mumbai,18-24,Android,Google Ads
9683,2026-04-09,Delhi,45+,Android,Organic
9684,2026-02-03,Hyderabad,45+,iOS,Push Notification
9685,2026-01-09,Pune,35-44,Android,Push Notification
9686,2026-06-04,Hyderabad,25-34,Android,Push Notification
9687,2026-03-24,Hyderabad,18-24,Android,Referral
9688,2026-05-19,Delhi,35-44,Android,Referral
9689,2026-03-25,Mumbai,45+,iOS,Push Notification
9690,2026-06-28,Mumbai,18-24,iOS,Referral
9691,2026-03-09,Bengaluru,25-34,Android,Instagram
9692,2026-03-08,Hyderabad,35-44,iOS,Instagram
9693,2026-06-26,Mumbai,35-44,Android,Instagram
9694,2026-01-03,Pune,25-34,Android,Push Notification
9695,2026-04-11,Mumbai,45+,iOS,YouTube
9696,2026-06-02,Mumbai,25-34,Android,Organic
9697,2026-01-19,Visakhapatnam,35-44,iOS,Organic
9698,2026-03-19,Delhi,18-24,Android,Push Notification
9699,2026-05-18,Hyderabad,45+,Android,Organic
9700,2026-05-27,Hyderabad,35-44,iOS,Instagram
9701,2026-04-21,Bengaluru,35-44,Android,Organic
9702,2026-01-13,Hyderabad,18-24,iOS,Organic
9703,2026-01-06,Bengaluru,45+,Android,Instagram
9704,2026-03-06,Pune,45+,Android,Google Ads
9705,2026-03-17,Mumbai,45+,Android,Instagram
9706,2026-04-15,Hyderabad,35-44,iOS,YouTube
9707,2026-05-29,Pune,25-34,iOS,Referral
9708,2026-04-19,Visakhapatnam,35-44,Android,Organic
9709,2026-01-22,Visakhapatnam,18-24,Android,YouTube
9710,2026-03-26,Mumbai,18-24,Android,YouTube
9711,2026-01-29,Visakhapatnam,18-24,iOS,Referral
9712,2026-04-01,Visakhapatnam,35-44,Android,Push Notification
9713,2026-01-31,Bengaluru,35-44,Android,Instagram
9714,2026-03-03,Hyderabad,35-44,iOS,Referral
9715,2026-01-19,Delhi,45+,Android,Push Notification
9716,2026-04-21,Mumbai,35-44,Android,Referral
9717,2026-06-19,Chennai,25-34,iOS,Organic
9718,2026-06-10,Hyderabad,25-34,iOS,Google Ads
9719,2026-06-29,Visakhapatnam,18-24,Android,Referral
9720,2026-05-01,Hyderabad,25-34,Android,Referral
9721,2026-01-26,Chennai,35-44,iOS,Instagram
9722,2026-04-08,Pune,45+,Android,Push Notification
9723,2026-05-10,Pune,25-34,Android,Instagram
9724,2026-01-22,Mumbai,25-34,Android,Organic
9725,2026-01-23,Delhi,25-34,iOS,Push Notification
9726,2026-02-02,Bengaluru,35-44,iOS,Push Notification
9727,2026-06-02,Delhi,25-34,iOS,Referral
9728,2026-03-25,Pune,18-24,iOS,Instagram
9729,2026-03-18,Pune,35-44,Android,Organic
9730,2026-05-28,Mumbai,35-44,Android,YouTube
9731,2026-03-07,Chennai,25-34,iOS,YouTube
9732,2026-02-09,Mumbai,35-44,Android,YouTube
9733,2026-05-07,Pune,18-24,Android,Referral
9734,2026-03-04,Chennai,45+,Android,Push Notification
9735,2026-05-03,Chennai,35-44,iOS,Referral
9736,2026-02-22,Chennai,18-24,Android,Instagram
9737,2026-02-07,Bengaluru,18-24,Android,YouTube
9738,2026-04-27,Hyderabad,45+,Android,YouTube
9739,2026-05-27,Chennai,35-44,Android,Referral
9740,2026-04-21,Chennai,45+,iOS,Push Notification
9741,2026-06-06,Hyderabad,18-24,Android,Instagram
9742,2026-02-11,Chennai,35-44,Android,YouTube
9743,2026-06-18,Mumbai,25-34,Android,Referral
9744,2026-05-29,Chennai,18-24,Android,Instagram
9745,2026-04-18,Delhi,45+,Android,Organic
9746,2026-01-07,Mumbai,35-44,iOS,Referral
9747,2026-02-24,Delhi,45+,Android,Push Notification
9748,2026-03-19,Delhi,35-44,iOS,Referral
9749,2026-05-04,Delhi,18-24,Android,Instagram
9750,2026-04-26,Delhi,45+,iOS,Organic
9751,2026-02-04,Bengaluru,18-24,Android,Instagram
9752,2026-04-05,Bengaluru,35-44,Android,Organic
9753,2026-06-13,Delhi,35-44,Android,Instagram
9754,2026-02-03,Bengaluru,45+,iOS,Google Ads
9755,2026-05-06,Bengaluru,35-44,iOS,YouTube
9756,2026-03-10,Bengaluru,35-44,iOS,Push Notification
9757,2026-06-21,Mumbai,45+,Android,Push Notification
9758,2026-04-15,Visakhapatnam,25-34,iOS,Push Notification
9759,2026-03-11,Visakhapatnam,18-24,iOS,Instagram
9760,2026-01-07,Pune,35-44,iOS,Organic
9761,2026-06-25,Chennai,25-34,Android,Push Notification
9762,2026-05-01,Visakhapatnam,25-34,Android,YouTube
9763,2026-03-25,Mumbai,45+,Android,Push Notification
9764,2026-05-23,Pune,35-44,iOS,Google Ads
9765,2026-06-15,Chennai,45+,Android,Referral
9766,2026-04-19,Delhi,18-24,iOS,Google Ads
9767,2026-04-29,Chennai,35-44,Android,Google Ads
9768,2026-06-14,Delhi,35-44,Android,Instagram
9769,2026-01-12,Hyderabad,45+,Android,Referral
9770,2026-01-27,Chennai,35-44,Android,Referral
9771,2026-04-30,Mumbai,35-44,Android,Referral
9772,2026-01-28,Chennai,35-44,Android,Organic
9773,2026-05-31,Hyderabad,45+,Android,Push Notification
9774,2026-04-20,Pune,35-44,Android,Push Notification
9775,2026-05-01,Delhi,25-34,Android,Google Ads
9776,2026-03-30,Hyderabad,18-24,Android,Organic
9777,2026-03-31,Chennai,45+,Android,Referral
9778,2026-06-09,Pune,25-34,Android,Referral
9779,2026-06-21,Hyderabad,18-24,Android,Google Ads
9780,2026-02-25,Delhi,35-44,iOS,YouTube
9781,2026-01-05,Visakhapatnam,25-34,iOS,Referral
9782,2026-03-18,Visakhapatnam,25-34,iOS,Referral
9783,2026-05-27,Delhi,25-34,iOS,Instagram
9784,2026-06-09,Bengaluru,18-24,Android,Organic
9785,2026-06-28,Chennai,35-44,iOS,YouTube
9786,2026-01-31,Hyderabad,25-34,Android,Instagram
9787,2026-04-18,Bengaluru,18-24,Android,Organic
9788,2026-05-19,Visakhapatnam,45+,iOS,Organic
9789,2026-03-09,Chennai,35-44,Android,Organic
9790,2026-01-22,Mumbai,25-34,Android,Google Ads
9791,2026-03-01,Pune,18-24,iOS,YouTube
9792,2026-04-09,Chennai,45+,Android,Instagram
9793,2026-02-09,Visakhapatnam,35-44,iOS,YouTube
9794,2026-06-22,Visakhapatnam,45+,Android,Push Notification
9795,2026-03-15,Visakhapatnam,35-44,Android,Referral
9796,2026-05-03,Visakhapatnam,35-44,Android,Push Notification
9797,2026-03-25,Hyderabad,25-34,Android,Push Notification
9798,2026-02-15,Delhi,45+,Android,Google Ads
9799,2026-06-25,Delhi,18-24,iOS,YouTube
9800,2026-02-22,Delhi,18-24,Android,Instagram
9801,2026-01-12,Delhi,35-44,Android,Google Ads
9802,2026-04-19,Chennai,25-34,Android,Push Notification
9803,2026-06-12,Bengaluru,25-34,Android,Google Ads
9804,2026-04-12,Pune,45+,iOS,Referral
9805,2026-05-31,Visakhapatnam,35-44,iOS,Organic
9806,2026-02-13,Delhi,45+,Android,YouTube
9807,2026-05-05,Chennai,35-44,Android,YouTube
9808,2026-04-09,Pune,18-24,Android,Organic
9809,2026-04-24,Chennai,25-34,Android,YouTube
9810,2026-04-08,Bengaluru,25-34,iOS,Instagram
9811,2026-01-26,Mumbai,35-44,Android,Organic
9812,2026-06-20,Pune,18-24,Android,Instagram
9813,2026-01-06,Bengaluru,18-24,iOS,Organic
9814,2026-04-28,Delhi,18-24,Android,Google Ads
9815,2026-06-02,Delhi,35-44,Android,Push Notification
9816,2026-03-05,Chennai,18-24,iOS,Google Ads
9817,2026-04-19,Bengaluru,45+,Android,Organic
9818,2026-03-16,Pune,45+,Android,Instagram
9819,2026-03-23,Hyderabad,18-24,Android,Instagram
9820,2026-02-23,Hyderabad,18-24,Android,Organic
9821,2026-03-24,Pune,35-44,Android,Referral
9822,2026-02-27,Hyderabad,25-34,Android,Push Notification
9823,2026-01-12,Mumbai,18-24,iOS,Push Notification
9824,2026-04-29,Bengaluru,25-34,Android,Referral
9825,2026-04-03,Chennai,18-24,iOS,Google Ads
9826,2026-01-02,Visakhapatnam,18-24,iOS,Push Notification
9827,2026-04-24,Visakhapatnam,45+,Android,YouTube
9828,2026-05-04,Delhi,18-24,Android,Organic
9829,2026-01-26,Mumbai,35-44,Android,Referral
9830,2026-02-10,Hyderabad,25-34,iOS,Google Ads
9831,2026-06-23,Bengaluru,18-24,iOS,Referral
9832,2026-01-20,Visakhapatnam,45+,Android,Push Notification
9833,2026-06-01,Chennai,45+,Android,Push Notification
9834,2026-03-22,Delhi,18-24,iOS,Instagram
9835,2026-03-05,Bengaluru,18-24,iOS,Referral
9836,2026-01-22,Hyderabad,18-24,iOS,Organic
9837,2026-03-19,Bengaluru,18-24,Android,Instagram
9838,2026-03-04,Hyderabad,18-24,Android,Instagram
9839,2026-06-06,Delhi,45+,Android,Google Ads
9840,2026-05-04,Chennai,25-34,iOS,Push Notification
9841,2026-03-12,Delhi,45+,iOS,YouTube
9842,2026-04-22,Chennai,18-24,iOS,Instagram
9843,2026-05-09,Delhi,35-44,Android,Instagram
9844,2026-05-01,Bengaluru,18-24,iOS,Google Ads
9845,2026-02-15,Bengaluru,45+,iOS,Organic
9846,2026-04-10,Pune,35-44,Android,Push Notification
9847,2026-05-09,Chennai,18-24,iOS,Referral
9848,2026-03-28,Delhi,35-44,iOS,Push Notification
9849,2026-05-13,Visakhapatnam,45+,iOS,Organic
9850,2026-01-30,Bengaluru,18-24,Android,Instagram
9851,2026-05-23,Hyderabad,18-24,Android,Push Notification
9852,2026-03-26,Bengaluru,45+,Android,Google Ads
9853,2026-04-13,Chennai,45+,iOS,Instagram
9854,2026-01-12,Bengaluru,35-44,iOS,Organic
9855,2026-03-18,Bengaluru,25-34,Android,Instagram
9856,2026-02-07,Mumbai,45+,Android,Push Notification
9857,2026-01-05,Pune,18-24,Android,Organic
9858,2026-01-17,Bengaluru,18-24,Android,Push Notification
9859,2026-05-12,Mumbai,45+,iOS,Google Ads
9860,2026-04-16,Pune,35-44,iOS,Referral
9861,2026-01-12,Bengaluru,25-34,Android,Referral
9862,2026-05-25,Mumbai,18-24,Android,Organic
9863,2026-04-24,Chennai,18-24,Android,Organic
9864,2026-01-12,Chennai,18-24,iOS,Google Ads
9865,2026-04-20,Bengaluru,45+,Android,Google Ads
9866,2026-06-02,Mumbai,45+,Android,Push Notification
9867,2026-01-27,Mumbai,18-24,Android,Organic
9868,2026-04-28,Delhi,18-24,Android,Organic
9869,2026-05-07,Chennai,18-24,Android,Referral
9870,2026-03-31,Delhi,18-24,iOS,YouTube
9871,2026-01-02,Hyderabad,45+,iOS,YouTube
9872,2026-03-06,Visakhapatnam,35-44,iOS,Instagram
9873,2026-04-27,Chennai,18-24,Android,Referral
9874,2026-05-04,Chennai,18-24,Android,Referral
9875,2026-02-03,Mumbai,18-24,Android,Google Ads
9876,2026-02-15,Pune,25-34,Android,Organic
9877,2026-03-08,Visakhapatnam,18-24,iOS,YouTube
9878,2026-02-08,Hyderabad,35-44,Android,Google Ads
9879,2026-04-04,Pune,45+,Android,Google Ads
9880,2026-04-19,Delhi,45+,iOS,Instagram
9881,2026-06-26,Hyderabad,18-24,Android,Organic
9882,2026-03-30,Pune,35-44,iOS,Push Notification
9883,2026-04-30,Mumbai,45+,Android,YouTube
9884,2026-05-19,Hyderabad,18-24,Android,Google Ads
9885,2026-03-29,Delhi,45+,iOS,Organic
9886,2026-05-17,Visakhapatnam,45+,Android,Organic
9887,2026-05-24,Pune,18-24,Android,Referral
9888,2026-06-18,Hyderabad,18-24,iOS,Push Notification
9889,2026-02-13,Mumbai,18-24,iOS,Referral
9890,2026-03-03,Chennai,18-24,Android,Instagram
9891,2026-03-28,Pune,35-44,iOS,YouTube
9892,2026-01-28,Bengaluru,18-24,Android,Referral
9893,2026-01-20,Chennai,45+,Android,YouTube
9894,2026-04-14,Delhi,35-44,Android,Referral
9895,2026-02-19,Chennai,18-24,Android,Instagram
9896,2026-03-04,Delhi,45+,Android,Google Ads
9897,2026-02-06,Delhi,18-24,Android,Google Ads
9898,2026-03-25,Delhi,35-44,Android,YouTube
9899,2026-01-06,Chennai,35-44,Android,Referral
9900,2026-05-24,Delhi,45+,iOS,Push Notification
9901,2026-05-24,Chennai,18-24,iOS,YouTube
9902,2026-02-21,Mumbai,35-44,iOS,Organic
9903,2026-01-14,Mumbai,18-24,Android,Instagram
9904,2026-05-19,Bengaluru,35-44,iOS,Google Ads
9905,2026-05-25,Visakhapatnam,18-24,iOS,Instagram
9906,2026-04-21,Hyderabad,25-34,iOS,Instagram
9907,2026-06-16,Mumbai,45+,Android,YouTube
9908,2026-06-05,Mumbai,45+,iOS,Referral
9909,2026-03-12,Pune,25-34,Android,YouTube
9910,2026-01-02,Bengaluru,35-44,Android,YouTube
9911,2026-01-14,Mumbai,35-44,iOS,Google Ads
9912,2026-01-15,Bengaluru,45+,Android,Referral
9913,2026-06-17,Pune,18-24,Android,Referral
9914,2026-04-19,Bengaluru,35-44,Android,Google Ads
9915,2026-01-02,Mumbai,18-24,Android,Push Notification
9916,2026-01-13,Delhi,18-24,iOS,YouTube
9917,2026-03-25,Chennai,35-44,Android,Google Ads
9918,2026-05-19,Pune,18-24,Android,Google Ads
9919,2026-05-05,Bengaluru,18-24,Android,YouTube
9920,2026-02-12,Pune,35-44,iOS,Referral
9921,2026-02-11,Bengaluru,35-44,Android,Organic
9922,2026-04-05,Mumbai,25-34,iOS,Instagram
9923,2026-01-19,Bengaluru,35-44,iOS,Organic
9924,2026-02-18,Bengaluru,25-34,Android,Organic
9925,2026-01-24,Delhi,45+,Android,Referral
9926,2026-06-22,Delhi,35-44,Android,Instagram
9927,2026-02-01,Visakhapatnam,18-24,iOS,Push Notification
9928,2026-03-10,Hyderabad,18-24,Android,Organic
9929,2026-03-16,Hyderabad,25-34,Android,Push Notification
9930,2026-01-01,Chennai,35-44,Android,Organic
9931,2026-03-12,Mumbai,35-44,Android,Referral
9932,2026-05-29,Pune,25-34,Android,Google Ads
9933,2026-05-02,Chennai,25-34,iOS,Referral
9934,2026-05-24,Pune,35-44,Android,YouTube
9935,2026-04-30,Delhi,25-34,Android,Google Ads
9936,2026-06-22,Bengaluru,25-34,iOS,YouTube
9937,2026-01-13,Chennai,18-24,Android,Google Ads
9938,2026-04-16,Delhi,18-24,Android,Google Ads
9939,2026-03-19,Delhi,18-24,Android,Google Ads
9940,2026-06-06,Delhi,35-44,Android,Google Ads
9941,2026-06-15,Bengaluru,18-24,Android,Referral
9942,2026-04-10,Pune,35-44,iOS,Referral
9943,2026-03-18,Visakhapatnam,45+,Android,Push Notification
9944,2026-02-19,Hyderabad,35-44,iOS,Instagram
9945,2026-06-27,Pune,35-44,Android,Referral
9946,2026-05-22,Delhi,18-24,Android,YouTube
9947,2026-05-30,Bengaluru,18-24,iOS,Referral
9948,2026-06-29,Visakhapatnam,18-24,Android,YouTube
9949,2026-05-21,Pune,45+,iOS,Google Ads
9950,2026-03-03,Mumbai,18-24,Android,Organic
9951,2026-03-13,Visakhapatnam,25-34,Android,Google Ads
9952,2026-06-27,Pune,25-34,Android,YouTube
9953,2026-04-09,Hyderabad,25-34,Android,YouTube
9954,2026-06-18,Visakhapatnam,45+,Android,Organic
9955,2026-01-07,Delhi,35-44,Android,YouTube
9956,2026-04-22,Chennai,45+,Android,Referral
9957,2026-01-11,Delhi,45+,Android,Referral
9958,2026-01-11,Mumbai,25-34,Android,Referral
9959,2026-05-10,Pune,45+,iOS,Google Ads
9960,2026-04-16,Pune,18-24,Android,Referral
9961,2026-02-19,Pune,18-24,iOS,YouTube
9962,2026-02-07,Visakhapatnam,25-34,iOS,Organic
9963,2026-05-25,Chennai,18-24,Android,YouTube
9964,2026-05-19,Visakhapatnam,35-44,Android,Organic
9965,2026-06-11,Mumbai,45+,Android,YouTube
9966,2026-06-27,Chennai,25-34,Android,YouTube
9967,2026-05-10,Mumbai,45+,iOS,Referral
9968,2026-04-28,Pune,25-34,Android,Push Notification
9969,2026-01-18,Chennai,45+,Android,Referral
9970,2026-04-13,Delhi,18-24,iOS,Google Ads
9971,2026-05-05,Pune,18-24,Android,Google Ads
9972,2026-04-05,Visakhapatnam,35-44,Android,YouTube
9973,2026-01-06,Chennai,18-24,Android,YouTube
9974,2026-02-04,Visakhapatnam,35-44,Android,YouTube
9975,2026-06-06,Delhi,45+,iOS,Referral
9976,2026-01-03,Visakhapatnam,18-24,Android,Organic
9977,2026-05-16,Visakhapatnam,35-44,Android,Organic
9978,2026-06-08,Pune,35-44,iOS,Instagram
9979,2026-03-07,Pune,45+,Android,Organic
9980,2026-03-11,Pune,25-34,Android,Referral
9981,2026-03-23,Pune,45+,iOS,Referral
9982,2026-06-12,Visakhapatnam,45+,Android,Organic
9983,2026-02-25,Hyderabad,18-24,Android,Referral
9984,2026-04-17,Bengaluru,18-24,Android,Push Notification
9985,2026-06-05,Pune,45+,Android,Instagram
9986,2026-02-26,Mumbai,18-24,Android,Push Notification
9987,2026-05-23,Hyderabad,25-34,Android,Google Ads
9988,2026-06-14,Delhi,35-44,iOS,Google Ads
9989,2026-04-23,Hyderabad,25-34,Android,YouTube
9990,2026-05-16,Chennai,18-24,Android,Organic
9991,2026-03-27,Delhi,35-44,Android,Push Notification
9992,2026-01-26,Visakhapatnam,45+,Android,Organic
9993,2026-03-14,Delhi,25-34,iOS,Organic
9994,2026-05-03,Mumbai,35-44,Android,Google Ads
9995,2026-03-11,Chennai,35-44,iOS,Instagram
9996,2026-03-05,Visakhapatnam,18-24,Android,YouTube
9997,2026-02-10,Chennai,25-34,iOS,Organic
9998,2026-04-01,Mumbai,45+,Android,Google Ads
9999,2026-01-09,Pune,35-44,iOS,Referral
10000,2026-05-14,Bengaluru,45+,Android,Organic
